2026-10-06 21:14:42,674 | INFO | scraping_pipeline | Scraping listing page: https://books.toscrape.com/catalogue/page-1.html
2026-10-06 21:14:42,674 | INFO | scraping_pipeline | Fetching https://books.toscrape.com/catalogue/page-1.html (attempt 1/3)
2026-10-06 21:14:44,657 | INFO | scraping_pipeline | Fetching https://books.toscrape.com/catalogue/a-light-in-the-attic_1000/index.html (attempt 1/3)
2026-10-06 21:14:45,003 | INFO | scraping_pipeline | Fetching https://books.toscrape.com/catalogue/tipping-the-velvet_999/index.html (attempt 1/3)
2026-10-06 21:14:45,328 | INFO | scraping_pipeline | Fetching https://books.toscrape.com/catalogue/soumission_998/index.html (attempt 1/3)
2026-10-06 21:14:45,652 | INFO | scraping_pipeline | Fetching https://books.toscrape.com/catalogue/sharp-objects_997/index.html (attempt 1/3)
2026-10-06 21:14:45,977 | INFO | scraping_pipeline | Fetching https://books.toscrape.com/catalogue/sapiens-a-brief-history-of-humankind_996/index.html (attempt 1/3)
2026-10-06 21:14:46,313 | INFO | scraping_pipeline | Fetching https://books.toscrape.com/catalogue/the-requiem-red_995/index.html (attempt 1/3)
2026-10-06 21:14:46,636 | INFO | scraping_pipeline | Fetching https://books.toscrape.com/catalogue/the-dirty-little-secrets-of-getting-your-dream-job_994/index.html (attempt 1/3)
2026-10-06 21:14:46,971 | INFO | scraping_pipeline | Fetching https://books.toscrape.com/catalogue/the-coming-woman-a-novel-based-on-the-life-of-the-infamous-feminist-victoria-woodhull_993/index.html (attempt 1/3)
2026-10-06 21:14:47,297 | INFO | scraping_pipeline | Fetching https://books.toscrape.com/catalogue/the-boys-in-the-boat-nine-americans-and-their-epic-quest-for-gold-at-the-1936-berlin-olympics_992/index.html (attempt 1/3)
2026-10-06 21:14:47,638 | INFO | scraping_pipeline | Fetching https://books.toscrape.com/catalogue/the-black-maria_991/index.html (attempt 1/3)
2026-10-06 21:14:47,972 | INFO | scraping_pipeline | Fetching https://books.toscrape.com/catalogue/starving-hearts-triangular-trade-trilogy-1_990/index.html (attempt 1/3)
2026-10-06 21:14:48,300 | INFO | scraping_pipeline | Fetching https://books.toscrape.com/catalogue/shakespeares-sonnets_989/index.html (attempt 1/3)
2026-10-06 21:14:48,617 | INFO | scraping_pipeline | Fetching https://books.toscrape.com/catalogue/set-me-free_988/index.html (attempt 1/3)
2026-10-06 21:14:48,943 | INFO | scraping_pipeline | Fetching https://books.toscrape.com/catalogue/scott-pilgrims-precious-little-life-scott-pilgrim-1_987/index.html (attempt 1/3)
2026-10-06 21:14:49,263 | INFO | scraping_pipeline | Fetching https://books.toscrape.com/catalogue/rip-it-up-and-start-again_986/index.html (attempt 1/3)
2026-10-06 21:14:49,588 | INFO | scraping_pipeline | Fetching https://books.toscrape.com/catalogue/our-band-could-be-your-life-scenes-from-the-american-indie-underground-1981-1991_985/index.html (attempt 1/3)
2026-10-06 21:14:49,919 | INFO | scraping_pipeline | Fetching https://books.toscrape.com/catalogue/olio_984/index.html (attempt 1/3)
2026-10-06 21:14:50,252 | INFO | scraping_pipeline | Fetching https://books.toscrape.com/catalogue/mesaerion-the-best-science-fiction-stories-1800-1849_983/index.html (attempt 1/3)
2026-10-06 21:14:50,598 | INFO | scraping_pipeline | Fetching https://books.toscrape.com/catalogue/libertarianism-for-beginners_982/index.html (attempt 1/3)
2026-10-06 21:14:50,948 | INFO | scraping_pipeline | Fetching https://books.toscrape.com/catalogue/its-only-the-himalayas_981/index.html (attempt 1/3)
2026-10-06 21:14:51,340 | INFO | scraping_pipeline | Scraping listing page: https://books.toscrape.com/catalogue/page-2.html
2026-10-06 21:14:51,340 | INFO | scraping_pipeline | Fetching https://books.toscrape.com/catalogue/page-2.html (attempt 1/3)
2026-10-06 21:14:51,699 | INFO | scraping_pipeline | Fetching https://books.toscrape.com/catalogue/in-her-wake_980/index.html (attempt 1/3)
2026-10-06 21:14:52,036 | INFO | scraping_pipeline | Fetching https://books.toscrape.com/catalogue/how-music-works_979/index.html (attempt 1/3)
2026-10-06 21:14:52,373 | INFO | scraping_pipeline | Fetching https://books.toscrape.com/catalogue/foolproof-preserving-a-guide-to-small-batch-jams-jellies-pickles-condiments-and-more-a-foolproof-guide-to-making-small-batch-jams-jellies-pickles-condiments-and-more_978/index.html (attempt 1/3)
2026-10-06 21:14:52,706 | INFO | scraping_pipeline | Fetching https://books.toscrape.com/catalogue/chase-me-paris-nights-2_977/index.html (attempt 1/3)
2026-10-06 21:14:53,032 | INFO | scraping_pipeline | Fetching https://books.toscrape.com/catalogue/black-dust_976/index.html (attempt 1/3)
2026-10-06 21:14:53,377 | INFO | scraping_pipeline | Fetching https://books.toscrape.com/catalogue/birdsong-a-story-in-pictures_975/index.html (attempt 1/3)
2026-10-06 21:14:53,715 | INFO | scraping_pipeline | Fetching https://books.toscrape.com/catalogue/americas-cradle-of-quarterbacks-western-pennsylvanias-football-factory-from-johnny-unitas-to-joe-montana_974/index.html (attempt 1/3)
2026-10-06 21:14:54,061 | INFO | scraping_pipeline | Fetching https://books.toscrape.com/catalogue/aladdin-and-his-wonderful-lamp_973/index.html (attempt 1/3)
2026-10-06 21:14:54,404 | INFO | scraping_pipeline | Fetching https://books.toscrape.com/catalogue/worlds-elsewhere-journeys-around-shakespeares-globe_972/index.html (attempt 1/3)
2026-10-06 21:14:54,732 | INFO | scraping_pipeline | Fetching https://books.toscrape.com/catalogue/wall-and-piece_971/index.html (attempt 1/3)
2026-10-06 21:14:55,106 | INFO | scraping_pipeline | Fetching https://books.toscrape.com/catalogue/the-four-agreements-a-practical-guide-to-personal-freedom_970/index.html (attempt 1/3)
2026-10-06 21:14:55,435 | INFO | scraping_pipeline | Fetching https://books.toscrape.com/catalogue/the-five-love-languages-how-to-express-heartfelt-commitment-to-your-mate_969/index.html (attempt 1/3)
2026-10-06 21:14:55,777 | INFO | scraping_pipeline | Fetching https://books.toscrape.com/catalogue/the-elephant-tree_968/index.html (attempt 1/3)
2026-10-06 21:14:56,121 | INFO | scraping_pipeline | Fetching https://books.toscrape.com/catalogue/the-bear-and-the-piano_967/index.html (attempt 1/3)
2026-10-06 21:14:56,449 | INFO | scraping_pipeline | Fetching https://books.toscrape.com/catalogue/sophies-world_966/index.html (attempt 1/3)
2026-10-06 21:14:56,800 | INFO | scraping_pipeline | Fetching https://books.toscrape.com/catalogue/penny-maybe_965/index.html (attempt 1/3)
2026-10-06 21:14:57,132 | INFO | scraping_pipeline | Fetching https://books.toscrape.com/catalogue/maude-1883-1993she-grew-up-with-the-country_964/index.html (attempt 1/3)
2026-10-06 21:14:57,467 | INFO | scraping_pipeline | Fetching https://books.toscrape.com/catalogue/in-a-dark-dark-wood_963/index.html (attempt 1/3)
2026-10-06 21:14:57,784 | INFO | scraping_pipeline | Fetching https://books.toscrape.com/catalogue/behind-closed-doors_962/index.html (attempt 1/3)
2026-10-06 21:14:58,104 | INFO | scraping_pipeline | Fetching https://books.toscrape.com/catalogue/you-cant-bury-them-all-poems_961/index.html (attempt 1/3)
2026-10-06 21:14:58,448 | INFO | scraping_pipeline | Scraping listing page: https://books.toscrape.com/catalogue/page-3.html
2026-10-06 21:14:58,448 | INFO | scraping_pipeline | Fetching https://books.toscrape.com/catalogue/page-3.html (attempt 1/3)
2026-10-06 21:14:58,799 | INFO | scraping_pipeline | Fetching https://books.toscrape.com/catalogue/slow-states-of-collapse-poems_960/index.html (attempt 1/3)
2026-10-06 21:14:59,134 | INFO | scraping_pipeline | Fetching https://books.toscrape.com/catalogue/reasons-to-stay-alive_959/index.html (attempt 1/3)
2026-10-06 21:14:59,469 | INFO | scraping_pipeline | Fetching https://books.toscrape.com/catalogue/private-paris-private-10_958/index.html (attempt 1/3)
2026-10-06 21:14:59,803 | INFO | scraping_pipeline | Fetching https://books.toscrape.com/catalogue/higherselfie-wake-up-your-life-free-your-soul-find-your-tribe_957/index.html (attempt 1/3)
2026-10-06 21:15:00,130 | INFO | scraping_pipeline | Fetching https://books.toscrape.com/catalogue/without-borders-wanderlove-1_956/index.html (attempt 1/3)
2026-10-06 21:15:00,451 | INFO | scraping_pipeline | Fetching https://books.toscrape.com/catalogue/when-we-collided_955/index.html (attempt 1/3)
2026-10-06 21:15:00,784 | INFO | scraping_pipeline | Fetching https://books.toscrape.com/catalogue/we-love-you-charlie-freeman_954/index.html (attempt 1/3)
2026-10-06 21:15:01,116 | INFO | scraping_pipeline | Fetching https://books.toscrape.com/catalogue/untitled-collection-sabbath-poems-2014_953/index.html (attempt 1/3)
2026-10-06 21:15:01,460 | INFO | scraping_pipeline | Fetching https://books.toscrape.com/catalogue/unseen-city-the-majesty-of-pigeons-the-discreet-charm-of-snails-other-wonders-of-the-urban-wilderness_952/index.html (attempt 1/3)
2026-10-06 21:15:01,790 | INFO | scraping_pipeline | Fetching https://books.toscrape.com/catalogue/unicorn-tracks_951/index.html (attempt 1/3)
2026-10-06 21:15:02,125 | INFO | scraping_pipeline | Fetching https://books.toscrape.com/catalogue/unbound-how-eight-technologies-made-us-human-transformed-society-and-brought-our-world-to-the-brink_950/index.html (attempt 1/3)
2026-10-06 21:15:02,463 | INFO | scraping_pipeline | Fetching https://books.toscrape.com/catalogue/tsubasa-world-chronicle-2-tsubasa-world-chronicle-2_949/index.html (attempt 1/3)
2026-10-06 21:15:02,800 | INFO | scraping_pipeline | Fetching https://books.toscrape.com/catalogue/throwing-rocks-at-the-google-bus-how-growth-became-the-enemy-of-prosperity_948/index.html (attempt 1/3)
2026-10-06 21:15:03,155 | INFO | scraping_pipeline | Fetching https://books.toscrape.com/catalogue/this-one-summer_947/index.html (attempt 1/3)
2026-10-06 21:15:03,500 | INFO | scraping_pipeline | Fetching https://books.toscrape.com/catalogue/thirst_946/index.html (attempt 1/3)
2026-10-06 21:15:03,835 | INFO | scraping_pipeline | Fetching https://books.toscrape.com/catalogue/the-torch-is-passed-a-harding-family-story_945/index.html (attempt 1/3)
2026-10-06 21:15:04,167 | INFO | scraping_pipeline | Fetching https://books.toscrape.com/catalogue/the-secret-of-dreadwillow-carse_944/index.html (attempt 1/3)
2026-10-06 21:15:04,498 | INFO | scraping_pipeline | Fetching https://books.toscrape.com/catalogue/the-pioneer-woman-cooks-dinnertime-comfort-classics-freezer-food-16-minute-meals-and-other-delicious-ways-to-solve-supper_943/index.html (attempt 1/3)
2026-10-06 21:15:04,844 | INFO | scraping_pipeline | Fetching https://books.toscrape.com/catalogue/the-past-never-ends_942/index.html (attempt 1/3)
2026-10-06 21:15:05,181 | INFO | scraping_pipeline | Fetching https://books.toscrape.com/catalogue/the-natural-history-of-us-the-fine-art-of-pretending-2_941/index.html (attempt 1/3)
2026-10-06 21:15:05,518 | INFO | scraping_pipeline | Scraping listing page: https://books.toscrape.com/catalogue/page-4.html
2026-10-06 21:15:05,518 | INFO | scraping_pipeline | Fetching https://books.toscrape.com/catalogue/page-4.html (attempt 1/3)
2026-10-06 21:15:05,861 | INFO | scraping_pipeline | Fetching https://books.toscrape.com/catalogue/the-nameless-city-the-nameless-city-1_940/index.html (attempt 1/3)
2026-10-06 21:15:06,190 | INFO | scraping_pipeline | Fetching https://books.toscrape.com/catalogue/the-murder-that-never-was-forensic-instincts-5_939/index.html (attempt 1/3)
2026-10-06 21:15:06,508 | INFO | scraping_pipeline | Fetching https://books.toscrape.com/catalogue/the-most-perfect-thing-inside-and-outside-a-birds-egg_938/index.html (attempt 1/3)
2026-10-06 21:15:06,844 | INFO | scraping_pipeline | Fetching https://books.toscrape.com/catalogue/the-mindfulness-and-acceptance-workbook-for-anxiety-a-guide-to-breaking-free-from-anxiety-phobias-and-worry-using-acceptance-and-commitment-therapy_937/index.html (attempt 1/3)
2026-10-06 21:15:07,166 | INFO | scraping_pipeline | Fetching https://books.toscrape.com/catalogue/the-life-changing-magic-of-tidying-up-the-japanese-art-of-decluttering-and-organizing_936/index.html (attempt 1/3)
2026-10-06 21:15:07,493 | INFO | scraping_pipeline | Fetching https://books.toscrape.com/catalogue/the-inefficiency-assassin-time-management-tactics-for-working-smarter-not-longer_935/index.html (attempt 1/3)
2026-10-06 21:15:07,826 | INFO | scraping_pipeline | Fetching https://books.toscrape.com/catalogue/the-gutsy-girl-escapades-for-your-life-of-epic-adventure_934/index.html (attempt 1/3)
2026-10-06 21:15:08,143 | INFO | scraping_pipeline | Fetching https://books.toscrape.com/catalogue/the-electric-pencil-drawings-from-inside-state-hospital-no-3_933/index.html (attempt 1/3)
2026-10-06 21:15:08,462 | INFO | scraping_pipeline | Fetching https://books.toscrape.com/catalogue/the-death-of-humanity-and-the-case-for-life_932/index.html (attempt 1/3)
2026-10-06 21:15:08,788 | INFO | scraping_pipeline | Fetching https://books.toscrape.com/catalogue/the-bulletproof-diet-lose-up-to-a-pound-a-day-reclaim-energy-and-focus-upgrade-your-life_931/index.html (attempt 1/3)
2026-10-06 21:15:09,108 | INFO | scraping_pipeline | Fetching https://books.toscrape.com/catalogue/the-art-forger_930/index.html (attempt 1/3)
2026-10-06 21:15:09,444 | INFO | scraping_pipeline | Fetching https://books.toscrape.com/catalogue/the-age-of-genius-the-seventeenth-century-and-the-birth-of-the-modern-mind_929/index.html (attempt 1/3)
2026-10-06 21:15:09,770 | INFO | scraping_pipeline | Fetching https://books.toscrape.com/catalogue/the-activists-tao-te-ching-ancient-advice-for-a-modern-revolution_928/index.html (attempt 1/3)
2026-10-06 21:15:10,111 | INFO | scraping_pipeline | Fetching https://books.toscrape.com/catalogue/spark-joy-an-illustrated-master-class-on-the-art-of-organizing-and-tidying-up_927/index.html (attempt 1/3)
2026-10-06 21:15:10,440 | INFO | scraping_pipeline | Fetching https://books.toscrape.com/catalogue/soul-reader_926/index.html (attempt 1/3)
2026-10-06 21:15:10,750 | INFO | scraping_pipeline | Fetching https://books.toscrape.com/catalogue/security_925/index.html (attempt 1/3)
2026-10-06 21:15:11,086 | INFO | scraping_pipeline | Fetching https://books.toscrape.com/catalogue/saga-volume-6-saga-collected-editions-6_924/index.html (attempt 1/3)
2026-10-06 21:15:11,419 | INFO | scraping_pipeline | Fetching https://books.toscrape.com/catalogue/saga-volume-5-saga-collected-editions-5_923/index.html (attempt 1/3)
2026-10-06 21:15:11,784 | INFO | scraping_pipeline | Fetching https://books.toscrape.com/catalogue/reskilling-america-learning-to-labor-in-the-twenty-first-century_922/index.html (attempt 1/3)
2026-10-06 21:15:12,177 | INFO | scraping_pipeline | Fetching https://books.toscrape.com/catalogue/rat-queens-vol-3-demons-rat-queens-collected-editions-11-15_921/index.html (attempt 1/3)
2026-10-06 21:15:12,535 | INFO | scraping_pipeline | Scraping listing page: https://books.toscrape.com/catalogue/page-5.html
2026-10-06 21:15:12,535 | INFO | scraping_pipeline | Fetching https://books.toscrape.com/catalogue/page-5.html (attempt 1/3)
2026-10-06 21:15:15,295 | INFO | scraping_pipeline | Fetching https://books.toscrape.com/catalogue/princess-jellyfish-2-in-1-omnibus-vol-01-princess-jellyfish-2-in-1-omnibus-1_920/index.html (attempt 1/3)
2026-10-06 21:15:15,616 | INFO | scraping_pipeline | Fetching https://books.toscrape.com/catalogue/princess-between-worlds-wide-awake-princess-5_919/index.html (attempt 1/3)
2026-10-06 21:15:15,951 | INFO | scraping_pipeline | Fetching https://books.toscrape.com/catalogue/pop-gun-war-volume-1-gift_918/index.html (attempt 1/3)
2026-10-06 21:15:16,288 | INFO | scraping_pipeline | Fetching https://books.toscrape.com/catalogue/political-suicide-missteps-peccadilloes-bad-calls-backroom-hijinx-sordid-pasts-rotten-breaks-and-just-plain-dumb-mistakes-in-the-annals-of-american-politics_917/index.html (attempt 1/3)
2026-10-06 21:15:16,619 | INFO | scraping_pipeline | Fetching https://books.toscrape.com/catalogue/patience_916/index.html (attempt 1/3)
2026-10-06 21:15:16,956 | INFO | scraping_pipeline | Fetching https://books.toscrape.com/catalogue/outcast-vol-1-a-darkness-surrounds-him-outcast-1_915/index.html (attempt 1/3)
2026-10-06 21:15:17,276 | INFO | scraping_pipeline | Fetching https://books.toscrape.com/catalogue/orange-the-complete-collection-1-orange-the-complete-collection-1_914/index.html (attempt 1/3)
2026-10-06 21:15:17,603 | INFO | scraping_pipeline | Fetching https://books.toscrape.com/catalogue/online-marketing-for-busy-authors-a-step-by-step-guide_913/index.html (attempt 1/3)
2026-10-06 21:15:17,927 | INFO | scraping_pipeline | Fetching https://books.toscrape.com/catalogue/on-a-midnight-clear_912/index.html (attempt 1/3)
2026-10-06 21:15:18,249 | INFO | scraping_pipeline | Fetching https://books.toscrape.com/catalogue/obsidian-lux-1_911/index.html (attempt 1/3)
2026-10-06 21:15:18,567 | INFO | scraping_pipeline | Fetching https://books.toscrape.com/catalogue/my-paris-kitchen-recipes-and-stories_910/index.html (attempt 1/3)
2026-10-06 21:15:18,890 | INFO | scraping_pipeline | Fetching https://books.toscrape.com/catalogue/masks-and-shadows_909/index.html (attempt 1/3)
2026-10-06 21:15:19,227 | INFO | scraping_pipeline | Fetching https://books.toscrape.com/catalogue/mama-tried-traditional-italian-cooking-for-the-screwed-crude-vegan-and-tattooed_908/index.html (attempt 1/3)
2026-10-06 21:15:19,549 | INFO | scraping_pipeline | Fetching https://books.toscrape.com/catalogue/lumberjanes-vol-2-friendship-to-the-max-lumberjanes-5-8_907/index.html (attempt 1/3)
2026-10-06 21:15:19,873 | INFO | scraping_pipeline | Fetching https://books.toscrape.com/catalogue/lumberjanes-vol-1-beware-the-kitten-holy-lumberjanes-1-4_906/index.html (attempt 1/3)
2026-10-06 21:15:20,193 | INFO | scraping_pipeline | Fetching https://books.toscrape.com/catalogue/lumberjanes-vol-3-a-terrible-plan-lumberjanes-9-12_905/index.html (attempt 1/3)
2026-10-06 21:15:20,513 | INFO | scraping_pipeline | Fetching https://books.toscrape.com/catalogue/layered-baking-building-and-styling-spectacular-cakes_904/index.html (attempt 1/3)
2026-10-06 21:15:20,844 | INFO | scraping_pipeline | Fetching https://books.toscrape.com/catalogue/judo-seven-steps-to-black-belt-an-introductory-guide-for-beginners_903/index.html (attempt 1/3)
2026-10-06 21:15:21,161 | INFO | scraping_pipeline | Fetching https://books.toscrape.com/catalogue/join_902/index.html (attempt 1/3)
2026-10-06 21:15:21,493 | INFO | scraping_pipeline | Fetching https://books.toscrape.com/catalogue/in-the-country-we-love-my-family-divided_901/index.html (attempt 1/3)
2026-10-06 21:15:21,844 | INFO | scraping_pipeline | Scraping listing page: https://books.toscrape.com/catalogue/page-6.html
2026-10-06 21:15:21,844 | INFO | scraping_pipeline | Fetching https://books.toscrape.com/catalogue/page-6.html (attempt 1/3)
2026-10-06 21:15:22,467 | INFO | scraping_pipeline | Fetching https://books.toscrape.com/catalogue/immunity-how-elie-metchnikoff-changed-the-course-of-modern-medicine_900/index.html (attempt 1/3)
2026-10-06 21:15:22,799 | INFO | scraping_pipeline | Fetching https://books.toscrape.com/catalogue/i-hate-fairyland-vol-1-madly-ever-after-i-hate-fairyland-compilations-1-5_899/index.html (attempt 1/3)
2026-10-06 21:15:23,126 | INFO | scraping_pipeline | Fetching https://books.toscrape.com/catalogue/i-am-a-hero-omnibus-volume-1_898/index.html (attempt 1/3)
2026-10-06 21:15:23,462 | INFO | scraping_pipeline | Fetching https://books.toscrape.com/catalogue/how-to-be-miserable-40-strategies-you-already-use_897/index.html (attempt 1/3)
2026-10-06 21:15:23,789 | INFO | scraping_pipeline | Fetching https://books.toscrape.com/catalogue/her-backup-boyfriend-the-sorensen-family-1_896/index.html (attempt 1/3)
2026-10-06 21:15:24,110 | INFO | scraping_pipeline | Fetching https://books.toscrape.com/catalogue/giant-days-vol-2-giant-days-5-8_895/index.html (attempt 1/3)
2026-10-06 21:15:24,441 | INFO | scraping_pipeline | Fetching https://books.toscrape.com/catalogue/forever-and-forever-the-courtship-of-henry-longfellow-and-fanny-appleton_894/index.html (attempt 1/3)
2026-10-06 21:15:24,766 | INFO | scraping_pipeline | Fetching https://books.toscrape.com/catalogue/first-and-first-five-boroughs-3_893/index.html (attempt 1/3)
2026-10-06 21:15:25,084 | INFO | scraping_pipeline | Fetching https://books.toscrape.com/catalogue/fifty-shades-darker-fifty-shades-2_892/index.html (attempt 1/3)
2026-10-06 21:15:25,412 | INFO | scraping_pipeline | Fetching https://books.toscrape.com/catalogue/everydata-the-misinformation-hidden-in-the-little-data-you-consume-every-day_891/index.html (attempt 1/3)
2026-10-06 21:15:25,733 | INFO | scraping_pipeline | Fetching https://books.toscrape.com/catalogue/dont-be-a-jerk-and-other-practical-advice-from-dogen-japans-greatest-zen-master_890/index.html (attempt 1/3)
2026-10-06 21:15:26,070 | INFO | scraping_pipeline | Fetching https://books.toscrape.com/catalogue/danganronpa-volume-1_889/index.html (attempt 1/3)
2026-10-06 21:15:26,387 | INFO | scraping_pipeline | Fetching https://books.toscrape.com/catalogue/crown-of-midnight-throne-of-glass-2_888/index.html (attempt 1/3)
2026-10-06 21:15:26,715 | INFO | scraping_pipeline | Fetching https://books.toscrape.com/catalogue/codename-baboushka-volume-1-the-conclave-of-death_887/index.html (attempt 1/3)
2026-10-06 21:15:27,041 | INFO | scraping_pipeline | Fetching https://books.toscrape.com/catalogue/camp-midnight_886/index.html (attempt 1/3)
2026-10-06 21:15:27,372 | INFO | scraping_pipeline | Fetching https://books.toscrape.com/catalogue/call-the-nurse-true-stories-of-a-country-nurse-on-a-scottish-isle_885/index.html (attempt 1/3)
2026-10-06 21:15:27,712 | INFO | scraping_pipeline | Fetching https://books.toscrape.com/catalogue/burning_884/index.html (attempt 1/3)
2026-10-06 21:15:28,044 | INFO | scraping_pipeline | Fetching https://books.toscrape.com/catalogue/bossypants_883/index.html (attempt 1/3)
2026-10-06 21:15:28,370 | INFO | scraping_pipeline | Fetching https://books.toscrape.com/catalogue/bitch-planet-vol-1-extraordinary-machine-bitch-planet-collected-editions_882/index.html (attempt 1/3)
2026-10-06 21:15:28,706 | INFO | scraping_pipeline | Fetching https://books.toscrape.com/catalogue/avatar-the-last-airbender-smoke-and-shadow-part-3-smoke-and-shadow-3_881/index.html (attempt 1/3)
2026-10-06 21:15:29,051 | INFO | scraping_pipeline | Scraping listing page: https://books.toscrape.com/catalogue/page-7.html
2026-10-06 21:15:29,051 | INFO | scraping_pipeline | Fetching https://books.toscrape.com/catalogue/page-7.html (attempt 1/3)
2026-10-06 21:15:29,445 | INFO | scraping_pipeline | Fetching https://books.toscrape.com/catalogue/algorithms-to-live-by-the-computer-science-of-human-decisions_880/index.html (attempt 1/3)
2026-10-06 21:15:29,773 | INFO | scraping_pipeline | Fetching https://books.toscrape.com/catalogue/a-world-of-flavor-your-gluten-free-passport_879/index.html (attempt 1/3)
2026-10-06 21:15:30,118 | INFO | scraping_pipeline | Fetching https://books.toscrape.com/catalogue/a-piece-of-sky-a-grain-of-rice-a-memoir-in-four-meditations_878/index.html (attempt 1/3)
2026-10-06 21:15:30,462 | INFO | scraping_pipeline | Fetching https://books.toscrape.com/catalogue/a-murder-in-time_877/index.html (attempt 1/3)
2026-10-06 21:15:30,796 | INFO | scraping_pipeline | Fetching https://books.toscrape.com/catalogue/a-flight-of-arrows-the-pathfinders-2_876/index.html (attempt 1/3)
2026-10-06 21:15:31,126 | INFO | scraping_pipeline | Fetching https://books.toscrape.com/catalogue/a-fierce-and-subtle-poison_875/index.html (attempt 1/3)
2026-10-06 21:15:31,444 | INFO | scraping_pipeline | Fetching https://books.toscrape.com/catalogue/a-court-of-thorns-and-roses-a-court-of-thorns-and-roses-1_874/index.html (attempt 1/3)
2026-10-06 21:15:31,771 | INFO | scraping_pipeline | Fetching https://books.toscrape.com/catalogue/unqualified-how-god-uses-broken-people-to-do-big-things_873/index.html (attempt 1/3)
2026-10-06 21:15:32,098 | INFO | scraping_pipeline | Fetching https://books.toscrape.com/catalogue/you-are-what-you-love-the-spiritual-power-of-habit_872/index.html (attempt 1/3)
2026-10-06 21:15:32,434 | INFO | scraping_pipeline | Fetching https://books.toscrape.com/catalogue/william-shakespeares-star-wars-verily-a-new-hope-william-shakespeares-star-wars-4_871/index.html (attempt 1/3)
2026-10-06 21:15:32,757 | INFO | scraping_pipeline | Fetching https://books.toscrape.com/catalogue/tuesday-nights-in-1980_870/index.html (attempt 1/3)
2026-10-06 21:15:33,081 | INFO | scraping_pipeline | Fetching https://books.toscrape.com/catalogue/tracing-numbers-on-a-train_869/index.html (attempt 1/3)
2026-10-06 21:15:33,412 | INFO | scraping_pipeline | Fetching https://books.toscrape.com/catalogue/throne-of-glass-throne-of-glass-1_868/index.html (attempt 1/3)
2026-10-06 21:15:33,750 | INFO | scraping_pipeline | Fetching https://books.toscrape.com/catalogue/thomas-jefferson-and-the-tripoli-pirates-the-forgotten-war-that-changed-american-history_867/index.html (attempt 1/3)
2026-10-06 21:15:34,085 | INFO | scraping_pipeline | Fetching https://books.toscrape.com/catalogue/thirteen-reasons-why_866/index.html (attempt 1/3)
2026-10-06 21:15:34,408 | INFO | scraping_pipeline | Fetching https://books.toscrape.com/catalogue/the-white-cat-and-the-monk-a-retelling-of-the-poem-pangur-ban_865/index.html (attempt 1/3)
2026-10-06 21:15:34,721 | INFO | scraping_pipeline | Fetching https://books.toscrape.com/catalogue/the-wedding-dress_864/index.html (attempt 1/3)
2026-10-06 21:15:35,046 | INFO | scraping_pipeline | Fetching https://books.toscrape.com/catalogue/the-vacationers_863/index.html (attempt 1/3)
2026-10-06 21:15:35,380 | INFO | scraping_pipeline | Fetching https://books.toscrape.com/catalogue/the-third-wave-an-entrepreneurs-vision-of-the-future_862/index.html (attempt 1/3)
2026-10-06 21:15:35,706 | INFO | scraping_pipeline | Fetching https://books.toscrape.com/catalogue/the-stranger_861/index.html (attempt 1/3)
2026-10-06 21:15:36,037 | INFO | scraping_pipeline | Scraping listing page: https://books.toscrape.com/catalogue/page-8.html
2026-10-06 21:15:36,037 | INFO | scraping_pipeline | Fetching https://books.toscrape.com/catalogue/page-8.html (attempt 1/3)
2026-10-06 21:15:36,379 | INFO | scraping_pipeline | Fetching https://books.toscrape.com/catalogue/the-shadow-hero-the-shadow-hero_860/index.html (attempt 1/3)
2026-10-06 21:15:36,710 | INFO | scraping_pipeline | Fetching https://books.toscrape.com/catalogue/the-secret-the-secret-1_859/index.html (attempt 1/3)
2026-10-06 21:15:37,037 | INFO | scraping_pipeline | Fetching https://books.toscrape.com/catalogue/the-regional-office-is-under-attack_858/index.html (attempt 1/3)
2026-10-06 21:15:37,368 | INFO | scraping_pipeline | Fetching https://books.toscrape.com/catalogue/the-psychopath-test-a-journey-through-the-madness-industry_857/index.html (attempt 1/3)
2026-10-06 21:15:37,685 | INFO | scraping_pipeline | Fetching https://books.toscrape.com/catalogue/the-project_856/index.html (attempt 1/3)
2026-10-06 21:15:38,004 | INFO | scraping_pipeline | Fetching https://books.toscrape.com/catalogue/the-power-of-now-a-guide-to-spiritual-enlightenment_855/index.html (attempt 1/3)
2026-10-06 21:15:48,332 | WARNING | scraping_pipeline | Request failed for https://books.toscrape.com/catalogue/the-power-of-now-a-guide-to-spiritual-enlightenment_855/index.html: HTTPSConnectionPool(host='books.toscrape.com', port=443): Read timed out.
2026-10-06 21:15:48,334 | INFO | scraping_pipeline | Fetching https://books.toscrape.com/catalogue/the-power-of-now-a-guide-to-spiritual-enlightenment_855/index.html (attempt 2/3)
2026-10-06 21:15:50,424 | INFO | scraping_pipeline | Fetching https://books.toscrape.com/catalogue/the-omnivores-dilemma-a-natural-history-of-four-meals_854/index.html (attempt 1/3)
2026-10-06 21:15:50,810 | INFO | scraping_pipeline | Fetching https://books.toscrape.com/catalogue/the-nerdy-nummies-cookbook-sweet-treats-for-the-geek-in-all-of-us_853/index.html (attempt 1/3)
2026-10-06 21:15:51,215 | INFO | scraping_pipeline | Fetching https://books.toscrape.com/catalogue/the-murder-of-roger-ackroyd-hercule-poirot-4_852/index.html (attempt 1/3)
2026-10-06 21:15:51,622 | INFO | scraping_pipeline | Fetching https://books.toscrape.com/catalogue/the-mistake-off-campus-2_851/index.html (attempt 1/3)
2026-10-06 21:15:52,037 | INFO | scraping_pipeline | Fetching https://books.toscrape.com/catalogue/the-matchmakers-playbook-wingmen-inc-1_850/index.html (attempt 1/3)
2026-10-06 21:15:52,460 | INFO | scraping_pipeline | Fetching https://books.toscrape.com/catalogue/the-love-and-lemons-cookbook-an-apple-to-zucchini-celebration-of-impromptu-cooking_849/index.html (attempt 1/3)
2026-10-06 21:15:52,857 | INFO | scraping_pipeline | Fetching https://books.toscrape.com/catalogue/the-long-shadow-of-small-ghosts-murder-and-memory-in-an-american-city_848/index.html (attempt 1/3)
2026-10-06 21:15:53,275 | INFO | scraping_pipeline | Fetching https://books.toscrape.com/catalogue/the-kite-runner_847/index.html (attempt 1/3)
2026-10-06 21:15:53,627 | INFO | scraping_pipeline | Fetching https://books.toscrape.com/catalogue/the-house-by-the-lake_846/index.html (attempt 1/3)
2026-10-06 21:15:53,982 | INFO | scraping_pipeline | Fetching https://books.toscrape.com/catalogue/the-glittering-court-the-glittering-court-1_845/index.html (attempt 1/3)
2026-10-06 21:15:54,433 | INFO | scraping_pipeline | Fetching https://books.toscrape.com/catalogue/the-girl-on-the-train_844/index.html (attempt 1/3)
2026-10-06 21:15:54,783 | INFO | scraping_pipeline | Fetching https://books.toscrape.com/catalogue/the-genius-of-birds_843/index.html (attempt 1/3)
2026-10-06 21:15:55,117 | INFO | scraping_pipeline | Fetching https://books.toscrape.com/catalogue/the-emerald-mystery_842/index.html (attempt 1/3)
2026-10-06 21:15:55,511 | INFO | scraping_pipeline | Fetching https://books.toscrape.com/catalogue/the-cookies-cups-cookbook-125-sweet-savory-recipes-reminding-you-to-always-eat-dessert-first_841/index.html (attempt 1/3)
2026-10-06 21:15:55,954 | INFO | scraping_pipeline | Scraping listing page: https://books.toscrape.com/catalogue/page-9.html
2026-10-06 21:15:55,954 | INFO | scraping_pipeline | Fetching https://books.toscrape.com/catalogue/page-9.html (attempt 1/3)
2026-10-06 21:15:56,627 | INFO | scraping_pipeline | Fetching https://books.toscrape.com/catalogue/the-bridge-to-consciousness-im-writing-the-bridge-between-science-and-our-old-and-new-beliefs_840/index.html (attempt 1/3)
2026-10-06 21:15:57,053 | INFO | scraping_pipeline | Fetching https://books.toscrape.com/catalogue/the-artists-way-a-spiritual-path-to-higher-creativity_839/index.html (attempt 1/3)
2026-10-06 21:15:57,454 | INFO | scraping_pipeline | Fetching https://books.toscrape.com/catalogue/the-art-of-war_838/index.html (attempt 1/3)
2026-10-06 21:15:57,885 | INFO | scraping_pipeline | Fetching https://books.toscrape.com/catalogue/the-argonauts_837/index.html (attempt 1/3)
2026-10-06 21:15:58,362 | INFO | scraping_pipeline | Fetching https://books.toscrape.com/catalogue/the-10-entrepreneur-live-your-startup-dream-without-quitting-your-day-job_836/index.html (attempt 1/3)
2026-10-06 21:15:58,769 | INFO | scraping_pipeline | Fetching https://books.toscrape.com/catalogue/suddenly-in-love-lake-haven-1_835/index.html (attempt 1/3)
2026-10-06 21:15:59,204 | INFO | scraping_pipeline | Fetching https://books.toscrape.com/catalogue/something-more-than-this_834/index.html (attempt 1/3)
2026-10-06 21:15:59,658 | INFO | scraping_pipeline | Fetching https://books.toscrape.com/catalogue/soft-apocalypse_833/index.html (attempt 1/3)
2026-10-06 21:15:59,989 | INFO | scraping_pipeline | Fetching https://books.toscrape.com/catalogue/so-youve-been-publicly-shamed_832/index.html (attempt 1/3)
2026-10-06 21:16:00,323 | INFO | scraping_pipeline | Fetching https://books.toscrape.com/catalogue/shoe-dog-a-memoir-by-the-creator-of-nike_831/index.html (attempt 1/3)
2026-10-06 21:16:00,793 | INFO | scraping_pipeline | Fetching https://books.toscrape.com/catalogue/shobu-samurai-project-aryoku-3_830/index.html (attempt 1/3)
2026-10-06 21:16:01,157 | INFO | scraping_pipeline | Fetching https://books.toscrape.com/catalogue/secrets-and-lace-fatal-hearts-1_829/index.html (attempt 1/3)
2026-10-06 21:16:01,598 | INFO | scraping_pipeline | Fetching https://books.toscrape.com/catalogue/scarlett-epstein-hates-it-here_828/index.html (attempt 1/3)
2026-10-06 21:16:01,967 | INFO | scraping_pipeline | Fetching https://books.toscrape.com/catalogue/romero-and-juliet-a-tragic-tale-of-love-and-zombies_827/index.html (attempt 1/3)
2026-10-06 21:16:02,413 | INFO | scraping_pipeline | Fetching https://books.toscrape.com/catalogue/redeeming-love_826/index.html (attempt 1/3)
2026-10-06 21:16:02,828 | INFO | scraping_pipeline | Fetching https://books.toscrape.com/catalogue/poses-for-artists-volume-1-dynamic-and-sitting-poses-an-essential-reference-for-figure-drawing-and-the-human-form_825/index.html (attempt 1/3)
2026-10-06 21:16:03,195 | INFO | scraping_pipeline | Fetching https://books.toscrape.com/catalogue/poems-that-make-grown-women-cry_824/index.html (attempt 1/3)
2026-10-06 21:16:03,604 | INFO | scraping_pipeline | Fetching https://books.toscrape.com/catalogue/nightingale-sing_823/index.html (attempt 1/3)
2026-10-06 21:16:04,012 | INFO | scraping_pipeline | Fetching https://books.toscrape.com/catalogue/night-sky-with-exit-wounds_822/index.html (attempt 1/3)
2026-10-06 21:16:04,344 | INFO | scraping_pipeline | Fetching https://books.toscrape.com/catalogue/mrs-houdini_821/index.html (attempt 1/3)
2026-10-06 21:16:04,742 | INFO | scraping_pipeline | Scraping listing page: https://books.toscrape.com/catalogue/page-10.html
2026-10-06 21:16:04,742 | INFO | scraping_pipeline | Fetching https://books.toscrape.com/catalogue/page-10.html (attempt 1/3)
2026-10-06 21:16:05,080 | INFO | scraping_pipeline | Fetching https://books.toscrape.com/catalogue/modern-romance_820/index.html (attempt 1/3)
2026-10-06 21:16:05,459 | INFO | scraping_pipeline | Fetching https://books.toscrape.com/catalogue/miss-peregrines-home-for-peculiar-children-miss-peregrines-peculiar-children-1_819/index.html (attempt 1/3)
2026-10-06 21:16:05,866 | INFO | scraping_pipeline | Fetching https://books.toscrape.com/catalogue/louisa-the-extraordinary-life-of-mrs-adams_818/index.html (attempt 1/3)
2026-10-06 21:16:06,337 | INFO | scraping_pipeline | Fetching https://books.toscrape.com/catalogue/little-red_817/index.html (attempt 1/3)
2026-10-06 21:16:06,680 | INFO | scraping_pipeline | Fetching https://books.toscrape.com/catalogue/library-of-souls-miss-peregrines-peculiar-children-3_816/index.html (attempt 1/3)
2026-10-06 21:16:07,152 | INFO | scraping_pipeline | Fetching https://books.toscrape.com/catalogue/large-print-heart-of-the-pride_815/index.html (attempt 1/3)
2026-10-06 21:16:07,497 | INFO | scraping_pipeline | Fetching https://books.toscrape.com/catalogue/i-had-a-nice-time-and-other-lies-how-to-find-love-sht-like-that_814/index.html (attempt 1/3)
2026-10-06 21:16:07,956 | INFO | scraping_pipeline | Fetching https://books.toscrape.com/catalogue/hollow-city-miss-peregrines-peculiar-children-2_813/index.html (attempt 1/3)
2026-10-06 21:16:08,317 | INFO | scraping_pipeline | Fetching https://books.toscrape.com/catalogue/grumbles_812/index.html (attempt 1/3)
2026-10-06 21:16:08,767 | INFO | scraping_pipeline | Fetching https://books.toscrape.com/catalogue/full-moon-over-noahs-ark-an-odyssey-to-mount-ararat-and-beyond_811/index.html (attempt 1/3)
2026-10-06 21:16:09,134 | INFO | scraping_pipeline | Fetching https://books.toscrape.com/catalogue/frostbite-vampire-academy-2_810/index.html (attempt 1/3)
2026-10-06 21:16:09,579 | INFO | scraping_pipeline | Fetching https://books.toscrape.com/catalogue/follow-you-home_809/index.html (attempt 1/3)
2026-10-06 21:16:10,032 | INFO | scraping_pipeline | Fetching https://books.toscrape.com/catalogue/first-steps-for-new-christians-print-edition_808/index.html (attempt 1/3)
2026-10-06 21:16:10,545 | INFO | scraping_pipeline | Fetching https://books.toscrape.com/catalogue/finders-keepers-bill-hodges-trilogy-2_807/index.html (attempt 1/3)
2026-10-06 21:16:10,877 | INFO | scraping_pipeline | Fetching https://books.toscrape.com/catalogue/fables-vol-1-legends-in-exile-fables-1_806/index.html (attempt 1/3)
2026-10-06 21:16:11,357 | INFO | scraping_pipeline | Fetching https://books.toscrape.com/catalogue/eureka-trivia-60_805/index.html (attempt 1/3)
2026-10-06 21:16:11,694 | INFO | scraping_pipeline | Fetching https://books.toscrape.com/catalogue/drive-the-surprising-truth-about-what-motivates-us_804/index.html (attempt 1/3)
2026-10-06 21:16:12,157 | INFO | scraping_pipeline | Fetching https://books.toscrape.com/catalogue/done-rubbed-out-reightman-bailey-1_803/index.html (attempt 1/3)
2026-10-06 21:16:12,515 | INFO | scraping_pipeline | Fetching https://books.toscrape.com/catalogue/doing-it-over-most-likely-to-1_802/index.html (attempt 1/3)
2026-10-06 21:16:12,969 | INFO | scraping_pipeline | Fetching https://books.toscrape.com/catalogue/deliciously-ella-every-day-quick-and-easy-recipes-for-gluten-free-snacks-packed-lunches-and-simple-meals_801/index.html (attempt 1/3)
2026-10-06 21:16:13,345 | INFO | scraping_pipeline | Scraping listing page: https://books.toscrape.com/catalogue/page-11.html
2026-10-06 21:16:13,345 | INFO | scraping_pipeline | Fetching https://books.toscrape.com/catalogue/page-11.html (attempt 1/3)
2026-10-06 21:16:16,703 | INFO | scraping_pipeline | Fetching https://books.toscrape.com/catalogue/dark-notes_800/index.html (attempt 1/3)
2026-10-06 21:16:17,182 | INFO | scraping_pipeline | Fetching https://books.toscrape.com/catalogue/daring-greatly-how-the-courage-to-be-vulnerable-transforms-the-way-we-live-love-parent-and-lead_799/index.html (attempt 1/3)
2026-10-06 21:16:17,536 | INFO | scraping_pipeline | Fetching https://books.toscrape.com/catalogue/close-to-you_798/index.html (attempt 1/3)
2026-10-06 21:16:17,993 | INFO | scraping_pipeline | Fetching https://books.toscrape.com/catalogue/chasing-heaven-what-dying-taught-me-about-living_797/index.html (attempt 1/3)
2026-10-06 21:16:18,354 | INFO | scraping_pipeline | Fetching https://books.toscrape.com/catalogue/big-magic-creative-living-beyond-fear_796/index.html (attempt 1/3)
2026-10-06 21:16:18,791 | INFO | scraping_pipeline | Fetching https://books.toscrape.com/catalogue/becoming-wise-an-inquiry-into-the-mystery-and-art-of-living_795/index.html (attempt 1/3)
2026-10-06 21:16:19,242 | INFO | scraping_pipeline | Fetching https://books.toscrape.com/catalogue/beauty-restored-riley-family-legacy-novellas-3_794/index.html (attempt 1/3)
2026-10-06 21:16:19,768 | INFO | scraping_pipeline | Fetching https://books.toscrape.com/catalogue/batman-the-long-halloween-batman_793/index.html (attempt 1/3)
2026-10-06 21:16:20,199 | INFO | scraping_pipeline | Fetching https://books.toscrape.com/catalogue/batman-the-dark-knight-returns-batman_792/index.html (attempt 1/3)
2026-10-06 21:16:20,609 | INFO | scraping_pipeline | Fetching https://books.toscrape.com/catalogue/ayumis-violin_791/index.html (attempt 1/3)
2026-10-06 21:16:21,025 | INFO | scraping_pipeline | Fetching https://books.toscrape.com/catalogue/anonymous_790/index.html (attempt 1/3)
2026-10-06 21:16:21,477 | INFO | scraping_pipeline | Fetching https://books.toscrape.com/catalogue/amy-meets-the-saints-and-sages_789/index.html (attempt 1/3)
2026-10-06 21:16:21,891 | INFO | scraping_pipeline | Fetching https://books.toscrape.com/catalogue/amid-the-chaos_788/index.html (attempt 1/3)
2026-10-06 21:16:22,255 | INFO | scraping_pipeline | Fetching https://books.toscrape.com/catalogue/amatus_787/index.html (attempt 1/3)
2026-10-06 21:16:22,728 | INFO | scraping_pipeline | Fetching https://books.toscrape.com/catalogue/agnostic-a-spirited-manifesto_786/index.html (attempt 1/3)
2026-10-06 21:16:23,074 | INFO | scraping_pipeline | Fetching https://books.toscrape.com/catalogue/zealot-the-life-and-times-of-jesus-of-nazareth_785/index.html (attempt 1/3)
2026-10-06 21:16:23,547 | INFO | scraping_pipeline | Fetching https://books.toscrape.com/catalogue/you-you-1_784/index.html (attempt 1/3)
2026-10-06 21:16:23,886 | INFO | scraping_pipeline | Fetching https://books.toscrape.com/catalogue/wonder-woman-earth-one-volume-one-wonder-woman-earth-one-1_783/index.html (attempt 1/3)
2026-10-06 21:16:24,354 | INFO | scraping_pipeline | Fetching https://books.toscrape.com/catalogue/wild-swans_782/index.html (attempt 1/3)
2026-10-06 21:16:24,705 | INFO | scraping_pipeline | Fetching https://books.toscrape.com/catalogue/why-the-right-went-wrong-conservatism-from-goldwater-to-the-tea-party-and-beyond_781/index.html (attempt 1/3)
2026-10-06 21:16:25,196 | INFO | scraping_pipeline | Scraping listing page: https://books.toscrape.com/catalogue/page-12.html
2026-10-06 21:16:25,196 | INFO | scraping_pipeline | Fetching https://books.toscrape.com/catalogue/page-12.html (attempt 1/3)
2026-10-06 21:16:28,783 | INFO | scraping_pipeline | Fetching https://books.toscrape.com/catalogue/whole-lotta-creativity-going-on-60-fun-and-unusual-exercises-to-awaken-and-strengthen-your-creativity_780/index.html (attempt 1/3)
2026-10-06 21:16:29,621 | INFO | scraping_pipeline | Fetching https://books.toscrape.com/catalogue/whats-it-like-in-space-stories-from-astronauts-whove-been-there_779/index.html (attempt 1/3)
2026-10-06 21:16:29,972 | INFO | scraping_pipeline | Fetching https://books.toscrape.com/catalogue/we-are-robin-vol-1-the-vigilante-business-we-are-robin-1_778/index.html (attempt 1/3)
2026-10-06 21:16:30,335 | INFO | scraping_pipeline | Fetching https://books.toscrape.com/catalogue/walt-disneys-alice-in-wonderland_777/index.html (attempt 1/3)
2026-10-06 21:16:30,747 | INFO | scraping_pipeline | Fetching https://books.toscrape.com/catalogue/v-for-vendetta-v-for-vendetta-complete_776/index.html (attempt 1/3)
2026-10-06 21:16:31,159 | INFO | scraping_pipeline | Fetching https://books.toscrape.com/catalogue/until-friday-night-the-field-party-1_775/index.html (attempt 1/3)
2026-10-06 21:16:31,566 | INFO | scraping_pipeline | Fetching https://books.toscrape.com/catalogue/unbroken-a-world-war-ii-story-of-survival-resilience-and-redemption_774/index.html (attempt 1/3)
2026-10-06 21:16:32,036 | INFO | scraping_pipeline | Fetching https://books.toscrape.com/catalogue/twenty-yawns_773/index.html (attempt 1/3)
2026-10-06 21:16:32,398 | INFO | scraping_pipeline | Fetching https://books.toscrape.com/catalogue/through-the-woods_772/index.html (attempt 1/3)
2026-10-06 21:16:32,724 | INFO | scraping_pipeline | Fetching https://books.toscrape.com/catalogue/this-is-where-it-ends_771/index.html (attempt 1/3)
2026-10-06 21:16:33,058 | INFO | scraping_pipeline | Fetching https://books.toscrape.com/catalogue/the-year-of-magical-thinking_770/index.html (attempt 1/3)
2026-10-06 21:16:33,397 | INFO | scraping_pipeline | Fetching https://books.toscrape.com/catalogue/the-wright-brothers_769/index.html (attempt 1/3)
2026-10-06 21:16:33,757 | INFO | scraping_pipeline | Fetching https://books.toscrape.com/catalogue/the-white-queen-the-cousins-war-1_768/index.html (attempt 1/3)
2026-10-06 21:16:34,100 | INFO | scraping_pipeline | Fetching https://books.toscrape.com/catalogue/the-wedding-pact-the-omalleys-2_767/index.html (attempt 1/3)
2026-10-06 21:16:34,440 | INFO | scraping_pipeline | Fetching https://books.toscrape.com/catalogue/the-time-keeper_766/index.html (attempt 1/3)
2026-10-06 21:16:34,784 | INFO | scraping_pipeline | Fetching https://books.toscrape.com/catalogue/the-testament-of-mary_765/index.html (attempt 1/3)
2026-10-06 21:16:35,114 | INFO | scraping_pipeline | Fetching https://books.toscrape.com/catalogue/the-star-touched-queen_764/index.html (attempt 1/3)
2026-10-06 21:16:35,561 | INFO | scraping_pipeline | Fetching https://books.toscrape.com/catalogue/the-songs-of-the-gods_763/index.html (attempt 1/3)
2026-10-06 21:16:35,935 | INFO | scraping_pipeline | Fetching https://books.toscrape.com/catalogue/the-song-of-achilles_762/index.html (attempt 1/3)
2026-10-06 21:16:36,329 | INFO | scraping_pipeline | Fetching https://books.toscrape.com/catalogue/the-rosie-project-don-tillman-1_761/index.html (attempt 1/3)
2026-10-06 21:16:39,378 | INFO | scraping_pipeline | Scraping listing page: https://books.toscrape.com/catalogue/page-13.html
2026-10-06 21:16:39,378 | INFO | scraping_pipeline | Fetching https://books.toscrape.com/catalogue/page-13.html (attempt 1/3)
2026-10-06 21:16:40,464 | INFO | scraping_pipeline | Fetching https://books.toscrape.com/catalogue/the-power-of-habit-why-we-do-what-we-do-in-life-and-business_760/index.html (attempt 1/3)
2026-10-06 21:16:40,880 | INFO | scraping_pipeline | Fetching https://books.toscrape.com/catalogue/the-marriage-of-opposites_759/index.html (attempt 1/3)
2026-10-06 21:16:41,296 | INFO | scraping_pipeline | Fetching https://books.toscrape.com/catalogue/the-lucifer-effect-understanding-how-good-people-turn-evil_758/index.html (attempt 1/3)
2026-10-06 21:16:41,646 | INFO | scraping_pipeline | Fetching https://books.toscrape.com/catalogue/the-long-haul-diary-of-a-wimpy-kid-9_757/index.html (attempt 1/3)
2026-10-06 21:16:41,976 | INFO | scraping_pipeline | Fetching https://books.toscrape.com/catalogue/the-loney_756/index.html (attempt 1/3)
2026-10-06 21:16:42,382 | INFO | scraping_pipeline | Fetching https://books.toscrape.com/catalogue/the-literature-book-big-ideas-simply-explained_755/index.html (attempt 1/3)
2026-10-06 21:16:42,728 | INFO | scraping_pipeline | Fetching https://books.toscrape.com/catalogue/the-last-mile-amos-decker-2_754/index.html (attempt 1/3)
2026-10-06 21:16:43,131 | INFO | scraping_pipeline | Fetching https://books.toscrape.com/catalogue/the-immortal-life-of-henrietta-lacks_753/index.html (attempt 1/3)
2026-10-06 21:16:43,541 | INFO | scraping_pipeline | Fetching https://books.toscrape.com/catalogue/the-hidden-oracle-the-trials-of-apollo-1_752/index.html (attempt 1/3)
2026-10-06 21:16:43,956 | INFO | scraping_pipeline | Fetching https://books.toscrape.com/catalogue/the-help-yourself-cookbook-for-kids-60-easy-plant-based-recipes-kids-can-make-to-stay-healthy-and-save-the-earth_751/index.html (attempt 1/3)
2026-10-06 21:16:44,365 | INFO | scraping_pipeline | Fetching https://books.toscrape.com/catalogue/the-guilty-will-robie-4_750/index.html (attempt 1/3)
2026-10-06 21:16:44,741 | INFO | scraping_pipeline | Fetching https://books.toscrape.com/catalogue/the-first-hostage-jb-collins-2_749/index.html (attempt 1/3)
2026-10-06 21:16:45,082 | INFO | scraping_pipeline | Fetching https://books.toscrape.com/catalogue/the-dovekeepers_748/index.html (attempt 1/3)
2026-10-06 21:16:45,492 | INFO | scraping_pipeline | Fetching https://books.toscrape.com/catalogue/the-darkest-lie_747/index.html (attempt 1/3)
2026-10-06 21:16:45,902 | INFO | scraping_pipeline | Fetching https://books.toscrape.com/catalogue/the-bane-chronicles-the-bane-chronicles-1-11_746/index.html (attempt 1/3)
2026-10-06 21:16:46,316 | INFO | scraping_pipeline | Fetching https://books.toscrape.com/catalogue/the-bad-ass-librarians-of-timbuktu-and-their-race-to-save-the-worlds-most-precious-manuscripts_745/index.html (attempt 1/3)
2026-10-06 21:16:46,761 | INFO | scraping_pipeline | Fetching https://books.toscrape.com/catalogue/the-14th-colony-cotton-malone-11_744/index.html (attempt 1/3)
2026-10-06 21:16:47,131 | INFO | scraping_pipeline | Fetching https://books.toscrape.com/catalogue/that-darkness-gardiner-and-renner-1_743/index.html (attempt 1/3)
2026-10-06 21:16:47,539 | INFO | scraping_pipeline | Fetching https://books.toscrape.com/catalogue/tastes-like-fear-di-marnie-rome-3_742/index.html (attempt 1/3)
2026-10-06 21:16:47,887 | INFO | scraping_pipeline | Fetching https://books.toscrape.com/catalogue/take-me-with-you_741/index.html (attempt 1/3)
2026-10-06 21:16:48,309 | INFO | scraping_pipeline | Scraping listing page: https://books.toscrape.com/catalogue/page-14.html
2026-10-06 21:16:48,310 | INFO | scraping_pipeline | Fetching https://books.toscrape.com/catalogue/page-14.html (attempt 1/3)
2026-10-06 21:16:49,102 | INFO | scraping_pipeline | Fetching https://books.toscrape.com/catalogue/swell-a-year-of-waves_740/index.html (attempt 1/3)
2026-10-06 21:16:49,487 | INFO | scraping_pipeline | Fetching https://books.toscrape.com/catalogue/superman-vol-1-before-truth-superman-by-gene-luen-yang-1_739/index.html (attempt 1/3)
2026-10-06 21:16:49,897 | INFO | scraping_pipeline | Fetching https://books.toscrape.com/catalogue/still-life-with-bread-crumbs_738/index.html (attempt 1/3)
2026-10-06 21:16:50,240 | INFO | scraping_pipeline | Fetching https://books.toscrape.com/catalogue/steve-jobs_737/index.html (attempt 1/3)
2026-10-06 21:16:50,612 | INFO | scraping_pipeline | Fetching https://books.toscrape.com/catalogue/sorting-the-beef-from-the-bull-the-science-of-food-fraud-forensics_736/index.html (attempt 1/3)
2026-10-06 21:16:51,026 | INFO | scraping_pipeline | Fetching https://books.toscrape.com/catalogue/someone-like-you-the-harrisons-2_735/index.html (attempt 1/3)
2026-10-06 21:16:51,435 | INFO | scraping_pipeline | Fetching https://books.toscrape.com/catalogue/so-cute-it-hurts-vol-6-so-cute-it-hurts-6_734/index.html (attempt 1/3)
2026-10-06 21:16:51,841 | INFO | scraping_pipeline | Fetching https://books.toscrape.com/catalogue/shtum_733/index.html (attempt 1/3)
2026-10-06 21:16:52,251 | INFO | scraping_pipeline | Fetching https://books.toscrape.com/catalogue/see-america-a-celebration-of-our-national-parks-treasured-sites_732/index.html (attempt 1/3)
2026-10-06 21:16:52,660 | INFO | scraping_pipeline | Fetching https://books.toscrape.com/catalogue/salt_731/index.html (attempt 1/3)
2026-10-06 21:16:53,068 | INFO | scraping_pipeline | Fetching https://books.toscrape.com/catalogue/robin-war_730/index.html (attempt 1/3)
2026-10-06 21:16:53,481 | INFO | scraping_pipeline | Fetching https://books.toscrape.com/catalogue/red-hoodarsenal-vol-1-open-for-business-red-hoodarsenal-1_729/index.html (attempt 1/3)
2026-10-06 21:16:53,880 | INFO | scraping_pipeline | Fetching https://books.toscrape.com/catalogue/rain-fish_728/index.html (attempt 1/3)
2026-10-06 21:16:54,297 | INFO | scraping_pipeline | Fetching https://books.toscrape.com/catalogue/quarter-life-poetry-poems-for-the-young-broke-and-hangry_727/index.html (attempt 1/3)
2026-10-06 21:16:54,707 | INFO | scraping_pipeline | Fetching https://books.toscrape.com/catalogue/pet-sematary_726/index.html (attempt 1/3)
2026-10-06 21:16:55,116 | INFO | scraping_pipeline | Fetching https://books.toscrape.com/catalogue/overload-how-to-unplug-unwind-and-unleash-yourself-from-the-pressure-of-stress_725/index.html (attempt 1/3)
2026-10-06 21:16:55,536 | INFO | scraping_pipeline | Fetching https://books.toscrape.com/catalogue/once-was-a-time_724/index.html (attempt 1/3)
2026-10-06 21:16:55,938 | INFO | scraping_pipeline | Fetching https://books.toscrape.com/catalogue/old-school-diary-of-a-wimpy-kid-10_723/index.html (attempt 1/3)
2026-10-06 21:16:56,266 | INFO | scraping_pipeline | Fetching https://books.toscrape.com/catalogue/no-dream-is-too-high-life-lessons-from-a-man-who-walked-on-the-moon_722/index.html (attempt 1/3)
2026-10-06 21:16:56,654 | INFO | scraping_pipeline | Fetching https://books.toscrape.com/catalogue/naruto-3-in-1-edition-vol-14-includes-vols-40-41-42-naruto-omnibus-14_721/index.html (attempt 1/3)
2026-10-06 21:16:57,043 | INFO | scraping_pipeline | Scraping listing page: https://books.toscrape.com/catalogue/page-15.html
2026-10-06 21:16:57,044 | INFO | scraping_pipeline | Fetching https://books.toscrape.com/catalogue/page-15.html (attempt 1/3)
2026-10-06 21:16:57,890 | INFO | scraping_pipeline | Fetching https://books.toscrape.com/catalogue/my-name-is-lucy-barton_720/index.html (attempt 1/3)
2026-10-06 21:16:58,295 | INFO | scraping_pipeline | Fetching https://books.toscrape.com/catalogue/my-mrs-brown_719/index.html (attempt 1/3)
2026-10-06 21:16:58,702 | INFO | scraping_pipeline | Fetching https://books.toscrape.com/catalogue/my-kind-of-crazy_718/index.html (attempt 1/3)
2026-10-06 21:16:59,112 | INFO | scraping_pipeline | Fetching https://books.toscrape.com/catalogue/mr-mercedes-bill-hodges-trilogy-1_717/index.html (attempt 1/3)
2026-10-06 21:16:59,458 | INFO | scraping_pipeline | Fetching https://books.toscrape.com/catalogue/more-than-music-chasing-the-dream-1_716/index.html (attempt 1/3)
2026-10-06 21:16:59,828 | INFO | scraping_pipeline | Fetching https://books.toscrape.com/catalogue/made-to-stick-why-some-ideas-survive-and-others-die_715/index.html (attempt 1/3)
2026-10-06 21:17:00,241 | INFO | scraping_pipeline | Fetching https://books.toscrape.com/catalogue/luis-paints-the-world_714/index.html (attempt 1/3)
2026-10-06 21:17:00,647 | INFO | scraping_pipeline | Fetching https://books.toscrape.com/catalogue/luckiest-girl-alive_713/index.html (attempt 1/3)
2026-10-06 21:17:01,060 | INFO | scraping_pipeline | Fetching https://books.toscrape.com/catalogue/lowriders-to-the-center-of-the-earth-lowriders-in-space-2_712/index.html (attempt 1/3)
2026-10-06 21:17:01,470 | INFO | scraping_pipeline | Fetching https://books.toscrape.com/catalogue/love-is-a-mix-tape-music-1_711/index.html (attempt 1/3)
2026-10-06 21:17:01,877 | INFO | scraping_pipeline | Fetching https://books.toscrape.com/catalogue/looking-for-lovely-collecting-the-moments-that-matter_710/index.html (attempt 1/3)
2026-10-06 21:17:02,219 | INFO | scraping_pipeline | Fetching https://books.toscrape.com/catalogue/living-leadership-by-insight-a-good-leader-achieves-a-great-leader-builds-monuments_709/index.html (attempt 1/3)
2026-10-06 21:17:02,594 | INFO | scraping_pipeline | Fetching https://books.toscrape.com/catalogue/let-it-out-a-journey-through-journaling_708/index.html (attempt 1/3)
2026-10-06 21:17:03,005 | INFO | scraping_pipeline | Fetching https://books.toscrape.com/catalogue/lady-midnight-the-dark-artifices-1_707/index.html (attempt 1/3)
2026-10-06 21:17:03,414 | INFO | scraping_pipeline | Fetching https://books.toscrape.com/catalogue/its-all-easy-healthy-delicious-weeknight-meals-in-under-30-minutes_706/index.html (attempt 1/3)
2026-10-06 21:17:03,823 | INFO | scraping_pipeline | Fetching https://books.toscrape.com/catalogue/island-of-dragons-unwanteds-7_705/index.html (attempt 1/3)
2026-10-06 21:17:04,236 | INFO | scraping_pipeline | Fetching https://books.toscrape.com/catalogue/i-know-what-im-doing-and-other-lies-i-tell-myself-dispatches-from-a-life-under-construction_704/index.html (attempt 1/3)
2026-10-06 21:17:04,577 | INFO | scraping_pipeline | Fetching https://books.toscrape.com/catalogue/i-am-pilgrim-pilgrim-1_703/index.html (attempt 1/3)
2026-10-06 21:17:04,916 | INFO | scraping_pipeline | Fetching https://books.toscrape.com/catalogue/hyperbole-and-a-half-unfortunate-situations-flawed-coping-mechanisms-mayhem-and-other-things-that-happened_702/index.html (attempt 1/3)
2026-10-06 21:17:05,358 | INFO | scraping_pipeline | Fetching https://books.toscrape.com/catalogue/hush-hush-hush-hush-1_701/index.html (attempt 1/3)
2026-10-06 21:17:05,846 | INFO | scraping_pipeline | Scraping listing page: https://books.toscrape.com/catalogue/page-16.html
2026-10-06 21:17:05,846 | INFO | scraping_pipeline | Fetching https://books.toscrape.com/catalogue/page-16.html (attempt 1/3)
2026-10-06 21:17:06,904 | INFO | scraping_pipeline | Fetching https://books.toscrape.com/catalogue/hold-your-breath-search-and-rescue-1_700/index.html (attempt 1/3)
2026-10-06 21:17:07,306 | INFO | scraping_pipeline | Fetching https://books.toscrape.com/catalogue/hamilton-the-revolution_699/index.html (attempt 1/3)
2026-10-06 21:17:07,712 | INFO | scraping_pipeline | Fetching https://books.toscrape.com/catalogue/greek-mythic-history_698/index.html (attempt 1/3)
2026-10-06 21:17:08,123 | INFO | scraping_pipeline | Fetching https://books.toscrape.com/catalogue/god-the-most-unpleasant-character-in-all-fiction_697/index.html (attempt 1/3)
2026-10-06 21:17:08,532 | INFO | scraping_pipeline | Fetching https://books.toscrape.com/catalogue/glory-over-everything-beyond-the-kitchen-house_696/index.html (attempt 1/3)
2026-10-06 21:17:08,861 | INFO | scraping_pipeline | Fetching https://books.toscrape.com/catalogue/feathers-displays-of-brilliant-plumage_695/index.html (attempt 1/3)
2026-10-06 21:17:09,252 | INFO | scraping_pipeline | Fetching https://books.toscrape.com/catalogue/far-away-places-on-the-brink-of-change-seven-continents-twenty-five-years_694/index.html (attempt 1/3)
2026-10-06 21:17:09,647 | INFO | scraping_pipeline | Fetching https://books.toscrape.com/catalogue/every-last-word_693/index.html (attempt 1/3)
2026-10-06 21:17:10,060 | INFO | scraping_pipeline | Fetching https://books.toscrape.com/catalogue/eligible-the-austen-project-4_692/index.html (attempt 1/3)
2026-10-06 21:17:10,476 | INFO | scraping_pipeline | Fetching https://books.toscrape.com/catalogue/el-deafo_691/index.html (attempt 1/3)
2026-10-06 21:17:10,884 | INFO | scraping_pipeline | Fetching https://books.toscrape.com/catalogue/eight-hundred-grapes_690/index.html (attempt 1/3)
2026-10-06 21:17:11,296 | INFO | scraping_pipeline | Fetching https://books.toscrape.com/catalogue/eaternity-more-than-150-deliciously-easy-vegan-recipes-for-a-long-healthy-satisfied-joyful-life_689/index.html (attempt 1/3)
2026-10-06 21:17:11,621 | INFO | scraping_pipeline | Fetching https://books.toscrape.com/catalogue/eat-fat-get-thin_688/index.html (attempt 1/3)
2026-10-06 21:17:11,999 | INFO | scraping_pipeline | Fetching https://books.toscrape.com/catalogue/dont-get-caught_687/index.html (attempt 1/3)
2026-10-06 21:17:12,412 | INFO | scraping_pipeline | Fetching https://books.toscrape.com/catalogue/doctor-sleep-the-shining-2_686/index.html (attempt 1/3)
2026-10-06 21:17:12,739 | INFO | scraping_pipeline | Fetching https://books.toscrape.com/catalogue/demigods-magicians-percy-and-annabeth-meet-the-kanes-percy-jackson-kane-chronicles-crossover-1-3_685/index.html (attempt 1/3)
2026-10-06 21:17:13,145 | INFO | scraping_pipeline | Fetching https://books.toscrape.com/catalogue/dear-mr-knightley_684/index.html (attempt 1/3)
2026-10-06 21:17:13,551 | INFO | scraping_pipeline | Fetching https://books.toscrape.com/catalogue/daily-fantasy-sports_683/index.html (attempt 1/3)
2026-10-06 21:17:13,959 | INFO | scraping_pipeline | Fetching https://books.toscrape.com/catalogue/crazy-love-overwhelmed-by-a-relentless-god_682/index.html (attempt 1/3)
2026-10-06 21:17:14,363 | INFO | scraping_pipeline | Fetching https://books.toscrape.com/catalogue/cometh-the-hour-the-clifton-chronicles-6_681/index.html (attempt 1/3)
2026-10-06 21:17:14,746 | INFO | scraping_pipeline | Scraping listing page: https://books.toscrape.com/catalogue/page-17.html
2026-10-06 21:17:14,746 | INFO | scraping_pipeline | Fetching https://books.toscrape.com/catalogue/page-17.html (attempt 1/3)
2026-10-06 21:17:15,515 | INFO | scraping_pipeline | Fetching https://books.toscrape.com/catalogue/code-name-verity-code-name-verity-1_680/index.html (attempt 1/3)
2026-10-06 21:17:15,907 | INFO | scraping_pipeline | Fetching https://books.toscrape.com/catalogue/clockwork-angel-the-infernal-devices-1_679/index.html (attempt 1/3)
2026-10-06 21:17:16,315 | INFO | scraping_pipeline | Fetching https://books.toscrape.com/catalogue/city-of-glass-the-mortal-instruments-3_678/index.html (attempt 1/3)
2026-10-06 21:17:16,726 | INFO | scraping_pipeline | Fetching https://books.toscrape.com/catalogue/city-of-fallen-angels-the-mortal-instruments-4_677/index.html (attempt 1/3)
2026-10-06 21:17:17,135 | INFO | scraping_pipeline | Fetching https://books.toscrape.com/catalogue/city-of-bones-the-mortal-instruments-1_676/index.html (attempt 1/3)
2026-10-06 21:17:17,545 | INFO | scraping_pipeline | Fetching https://books.toscrape.com/catalogue/city-of-ashes-the-mortal-instruments-2_675/index.html (attempt 1/3)
2026-10-06 21:17:17,944 | INFO | scraping_pipeline | Fetching https://books.toscrape.com/catalogue/cell_674/index.html (attempt 1/3)
2026-10-06 21:17:18,276 | INFO | scraping_pipeline | Fetching https://books.toscrape.com/catalogue/catching-jordan-hundred-oaks_673/index.html (attempt 1/3)
2026-10-06 21:17:18,621 | INFO | scraping_pipeline | Fetching https://books.toscrape.com/catalogue/carry-on-warrior-thoughts-on-life-unarmed_672/index.html (attempt 1/3)
2026-10-06 21:17:18,977 | INFO | scraping_pipeline | Fetching https://books.toscrape.com/catalogue/carrie_671/index.html (attempt 1/3)
2026-10-06 21:17:19,388 | INFO | scraping_pipeline | Fetching https://books.toscrape.com/catalogue/buying-in-the-secret-dialogue-between-what-we-buy-and-who-we-are_670/index.html (attempt 1/3)
2026-10-06 21:17:19,800 | INFO | scraping_pipeline | Fetching https://books.toscrape.com/catalogue/brain-on-fire-my-month-of-madness_669/index.html (attempt 1/3)
2026-10-06 21:17:20,210 | INFO | scraping_pipeline | Fetching https://books.toscrape.com/catalogue/batman-europa_668/index.html (attempt 1/3)
2026-10-06 21:17:20,617 | INFO | scraping_pipeline | Fetching https://books.toscrape.com/catalogue/barefoot-contessa-back-to-basics_667/index.html (attempt 1/3)
2026-10-06 21:17:21,022 | INFO | scraping_pipeline | Fetching https://books.toscrape.com/catalogue/barefoot-contessa-at-home-everyday-recipes-youll-make-over-and-over-again_666/index.html (attempt 1/3)
2026-10-06 21:17:21,441 | INFO | scraping_pipeline | Fetching https://books.toscrape.com/catalogue/balloon-animals_665/index.html (attempt 1/3)
2026-10-06 21:17:21,848 | INFO | scraping_pipeline | Fetching https://books.toscrape.com/catalogue/art-ops-vol-1_664/index.html (attempt 1/3)
2026-10-06 21:17:22,255 | INFO | scraping_pipeline | Fetching https://books.toscrape.com/catalogue/aristotle-and-dante-discover-the-secrets-of-the-universe-aristotle-and-dante-discover-the-secrets-of-the-universe-1_663/index.html (attempt 1/3)
2026-10-06 21:17:22,621 | INFO | scraping_pipeline | Fetching https://books.toscrape.com/catalogue/angels-walking-angels-walking-1_662/index.html (attempt 1/3)
2026-10-06 21:17:22,970 | INFO | scraping_pipeline | Fetching https://books.toscrape.com/catalogue/angels-demons-robert-langdon-1_661/index.html (attempt 1/3)
2026-10-06 21:17:23,397 | INFO | scraping_pipeline | Scraping listing page: https://books.toscrape.com/catalogue/page-18.html
2026-10-06 21:17:23,398 | INFO | scraping_pipeline | Fetching https://books.toscrape.com/catalogue/page-18.html (attempt 1/3)
2026-10-06 21:17:24,122 | INFO | scraping_pipeline | Fetching https://books.toscrape.com/catalogue/all-the-light-we-cannot-see_660/index.html (attempt 1/3)
2026-10-06 21:17:24,509 | INFO | scraping_pipeline | Fetching https://books.toscrape.com/catalogue/adulthood-is-a-myth-a-sarahs-scribbles-collection_659/index.html (attempt 1/3)
2026-10-06 21:17:24,909 | INFO | scraping_pipeline | Fetching https://books.toscrape.com/catalogue/abstract-city_658/index.html (attempt 1/3)
2026-10-06 21:17:25,237 | INFO | scraping_pipeline | Fetching https://books.toscrape.com/catalogue/a-time-of-torment-charlie-parker-14_657/index.html (attempt 1/3)
2026-10-06 21:17:25,634 | INFO | scraping_pipeline | Fetching https://books.toscrape.com/catalogue/a-study-in-scarlet-sherlock-holmes-1_656/index.html (attempt 1/3)
2026-10-06 21:17:26,041 | INFO | scraping_pipeline | Fetching https://books.toscrape.com/catalogue/a-series-of-catastrophes-and-miracles-a-true-story-of-love-science-and-cancer_655/index.html (attempt 1/3)
2026-10-06 21:17:26,377 | INFO | scraping_pipeline | Fetching https://books.toscrape.com/catalogue/a-peoples-history-of-the-united-states_654/index.html (attempt 1/3)
2026-10-06 21:17:26,767 | INFO | scraping_pipeline | Fetching https://books.toscrape.com/catalogue/a-man-called-ove_653/index.html (attempt 1/3)
2026-10-06 21:17:27,174 | INFO | scraping_pipeline | Fetching https://books.toscrape.com/catalogue/a-distant-mirror-the-calamitous-14th-century_652/index.html (attempt 1/3)
2026-10-06 21:17:27,583 | INFO | scraping_pipeline | Fetching https://books.toscrape.com/catalogue/a-brush-of-wings-angels-walking-3_651/index.html (attempt 1/3)
2026-10-06 21:17:27,995 | INFO | scraping_pipeline | Fetching https://books.toscrape.com/catalogue/1491-new-revelations-of-the-americas-before-columbus_650/index.html (attempt 1/3)
2026-10-06 21:17:28,400 | INFO | scraping_pipeline | Fetching https://books.toscrape.com/catalogue/the-three-searches-meaning-and-the-story_649/index.html (attempt 1/3)
2026-10-06 21:17:28,813 | INFO | scraping_pipeline | Fetching https://books.toscrape.com/catalogue/searching-for-meaning-in-gailana_648/index.html (attempt 1/3)
2026-10-06 21:17:29,218 | INFO | scraping_pipeline | Fetching https://books.toscrape.com/catalogue/rook_647/index.html (attempt 1/3)
2026-10-06 21:17:29,628 | INFO | scraping_pipeline | Fetching https://books.toscrape.com/catalogue/my-kitchen-year-136-recipes-that-saved-my-life_646/index.html (attempt 1/3)
2026-10-06 21:17:29,977 | INFO | scraping_pipeline | Fetching https://books.toscrape.com/catalogue/13-hours-the-inside-account-of-what-really-happened-in-benghazi_645/index.html (attempt 1/3)
2026-10-06 21:17:30,343 | INFO | scraping_pipeline | Fetching https://books.toscrape.com/catalogue/will-you-wont-you-want-me_644/index.html (attempt 1/3)
2026-10-06 21:17:30,751 | INFO | scraping_pipeline | Fetching https://books.toscrape.com/catalogue/tipping-point-for-planet-earth-how-close-are-we-to-the-edge_643/index.html (attempt 1/3)
2026-10-06 21:17:31,164 | INFO | scraping_pipeline | Fetching https://books.toscrape.com/catalogue/the-star-touched-queen_642/index.html (attempt 1/3)
2026-10-06 21:17:31,573 | INFO | scraping_pipeline | Fetching https://books.toscrape.com/catalogue/the-silent-sister-riley-macpherson-1_641/index.html (attempt 1/3)
2026-10-06 21:17:32,017 | INFO | scraping_pipeline | Scraping listing page: https://books.toscrape.com/catalogue/page-19.html
2026-10-06 21:17:32,017 | INFO | scraping_pipeline | Fetching https://books.toscrape.com/catalogue/page-19.html (attempt 1/3)
2026-10-06 21:17:32,830 | INFO | scraping_pipeline | Fetching https://books.toscrape.com/catalogue/the-midnight-watch-a-novel-of-the-titanic-and-the-californian_640/index.html (attempt 1/3)
2026-10-06 21:17:33,212 | INFO | scraping_pipeline | Fetching https://books.toscrape.com/catalogue/the-lonely-city-adventures-in-the-art-of-being-alone_639/index.html (attempt 1/3)
2026-10-06 21:17:33,614 | INFO | scraping_pipeline | Fetching https://books.toscrape.com/catalogue/the-gray-rhino-how-to-recognize-and-act-on-the-obvious-dangers-we-ignore_638/index.html (attempt 1/3)
2026-10-06 21:17:34,030 | INFO | scraping_pipeline | Fetching https://books.toscrape.com/catalogue/the-golden-condom-and-other-essays-on-love-lost-and-found_637/index.html (attempt 1/3)
2026-10-06 21:17:34,440 | INFO | scraping_pipeline | Fetching https://books.toscrape.com/catalogue/the-epidemic-the-program-06_636/index.html (attempt 1/3)
2026-10-06 21:17:34,777 | INFO | scraping_pipeline | Fetching https://books.toscrape.com/catalogue/the-dinner-party_635/index.html (attempt 1/3)
2026-10-06 21:17:35,158 | INFO | scraping_pipeline | Fetching https://books.toscrape.com/catalogue/the-diary-of-a-young-girl_634/index.html (attempt 1/3)
2026-10-06 21:17:35,494 | INFO | scraping_pipeline | Fetching https://books.toscrape.com/catalogue/the-children_633/index.html (attempt 1/3)
2026-10-06 21:17:35,874 | INFO | scraping_pipeline | Fetching https://books.toscrape.com/catalogue/stars-above-the-lunar-chronicles-45_632/index.html (attempt 1/3)
2026-10-06 21:17:36,272 | INFO | scraping_pipeline | Fetching https://books.toscrape.com/catalogue/snatched-how-a-drug-queen-went-undercover-for-the-dea-and-was-kidnapped-by-colombian-guerillas_631/index.html (attempt 1/3)
2026-10-06 21:17:36,691 | INFO | scraping_pipeline | Fetching https://books.toscrape.com/catalogue/raspberry-pi-electronics-projects-for-the-evil-genius_630/index.html (attempt 1/3)
2026-10-06 21:17:37,103 | INFO | scraping_pipeline | Fetching https://books.toscrape.com/catalogue/quench-your-own-thirst-business-lessons-learned-over-a-beer-or-two_629/index.html (attempt 1/3)
2026-10-06 21:17:37,516 | INFO | scraping_pipeline | Fetching https://books.toscrape.com/catalogue/psycho-sanitarium-psycho-15_628/index.html (attempt 1/3)
2026-10-06 21:17:37,932 | INFO | scraping_pipeline | Fetching https://books.toscrape.com/catalogue/poisonous-max-revere-novels-3_627/index.html (attempt 1/3)
2026-10-06 21:17:38,332 | INFO | scraping_pipeline | Fetching https://books.toscrape.com/catalogue/one-with-you-crossfire-5_626/index.html (attempt 1/3)
2026-10-06 21:17:38,730 | INFO | scraping_pipeline | Fetching https://books.toscrape.com/catalogue/no-love-allowed-dodge-cove-1_625/index.html (attempt 1/3)
2026-10-06 21:17:39,151 | INFO | scraping_pipeline | Fetching https://books.toscrape.com/catalogue/murder-at-the-42nd-street-library-raymond-ambler-1_624/index.html (attempt 1/3)
2026-10-06 21:17:39,566 | INFO | scraping_pipeline | Fetching https://books.toscrape.com/catalogue/most-wanted_623/index.html (attempt 1/3)
2026-10-06 21:17:39,969 | INFO | scraping_pipeline | Fetching https://books.toscrape.com/catalogue/love-lies-and-spies_622/index.html (attempt 1/3)
2026-10-06 21:17:40,359 | INFO | scraping_pipeline | Fetching https://books.toscrape.com/catalogue/how-to-speak-golf-an-illustrated-guide-to-links-lingo_621/index.html (attempt 1/3)
2026-10-06 21:17:40,823 | INFO | scraping_pipeline | Scraping listing page: https://books.toscrape.com/catalogue/page-20.html
2026-10-06 21:17:40,823 | INFO | scraping_pipeline | Fetching https://books.toscrape.com/catalogue/page-20.html (attempt 1/3)
2026-10-06 21:17:41,937 | INFO | scraping_pipeline | Fetching https://books.toscrape.com/catalogue/hide-away-eve-duncan-20_620/index.html (attempt 1/3)
2026-10-06 21:17:42,324 | INFO | scraping_pipeline | Fetching https://books.toscrape.com/catalogue/furiously-happy-a-funny-book-about-horrible-things_619/index.html (attempt 1/3)
2026-10-06 21:17:42,737 | INFO | scraping_pipeline | Fetching https://books.toscrape.com/catalogue/everyday-italian-125-simple-and-delicious-recipes_618/index.html (attempt 1/3)
2026-10-06 21:17:43,141 | INFO | scraping_pipeline | Fetching https://books.toscrape.com/catalogue/equal-is-unfair-americas-misguided-fight-against-income-inequality_617/index.html (attempt 1/3)
2026-10-06 21:17:43,478 | INFO | scraping_pipeline | Fetching https://books.toscrape.com/catalogue/eleanor-park_616/index.html (attempt 1/3)
2026-10-06 21:17:43,861 | INFO | scraping_pipeline | Fetching https://books.toscrape.com/catalogue/dirty-dive-bar-1_615/index.html (attempt 1/3)
2026-10-06 21:17:44,271 | INFO | scraping_pipeline | Fetching https://books.toscrape.com/catalogue/can-you-keep-a-secret-fear-street-relaunch-4_614/index.html (attempt 1/3)
2026-10-06 21:17:44,682 | INFO | scraping_pipeline | Fetching https://books.toscrape.com/catalogue/boar-island-anna-pigeon-19_613/index.html (attempt 1/3)
2026-10-06 21:17:45,125 | INFO | scraping_pipeline | Fetching https://books.toscrape.com/catalogue/a-paris-apartment_612/index.html (attempt 1/3)
2026-10-06 21:17:45,512 | INFO | scraping_pipeline | Fetching https://books.toscrape.com/catalogue/a-la-mode-120-recipes-in-60-pairings-pies-tarts-cakes-crisps-and-more-topped-with-ice-cream-gelato-frozen-custard-and-more_611/index.html (attempt 1/3)
2026-10-06 21:17:45,908 | INFO | scraping_pipeline | Fetching https://books.toscrape.com/catalogue/troublemaker-surviving-hollywood-and-scientology_610/index.html (attempt 1/3)
2026-10-06 21:17:46,320 | INFO | scraping_pipeline | Fetching https://books.toscrape.com/catalogue/the-widow_609/index.html (attempt 1/3)
2026-10-06 21:17:46,728 | INFO | scraping_pipeline | Fetching https://books.toscrape.com/catalogue/the-sleep-revolution-transforming-your-life-one-night-at-a-time_608/index.html (attempt 1/3)
2026-10-06 21:17:47,140 | INFO | scraping_pipeline | Fetching https://books.toscrape.com/catalogue/the-improbability-of-love_607/index.html (attempt 1/3)
2026-10-06 21:17:47,546 | INFO | scraping_pipeline | Fetching https://books.toscrape.com/catalogue/the-art-of-startup-fundraising_606/index.html (attempt 1/3)
2026-10-06 21:17:48,366 | INFO | scraping_pipeline | Fetching https://books.toscrape.com/catalogue/take-me-home-tonight-rock-star-romance-3_605/index.html (attempt 1/3)
2026-10-06 21:17:48,777 | INFO | scraping_pipeline | Fetching https://books.toscrape.com/catalogue/sleeping-giants-themis-files-1_604/index.html (attempt 1/3)
2026-10-06 21:17:49,115 | INFO | scraping_pipeline | Fetching https://books.toscrape.com/catalogue/setting-the-world-on-fire-the-brief-astonishing-life-of-st-catherine-of-siena_603/index.html (attempt 1/3)
2026-10-06 21:17:49,491 | INFO | scraping_pipeline | Fetching https://books.toscrape.com/catalogue/playing-with-fire_602/index.html (attempt 1/3)
2026-10-06 21:17:49,903 | INFO | scraping_pipeline | Fetching https://books.toscrape.com/catalogue/off-the-hook-fishing-for-trouble-1_601/index.html (attempt 1/3)
2026-10-06 21:17:50,273 | INFO | scraping_pipeline | Scraping listing page: https://books.toscrape.com/catalogue/page-21.html
2026-10-06 21:17:50,273 | INFO | scraping_pipeline | Fetching https://books.toscrape.com/catalogue/page-21.html (attempt 1/3)
2026-10-06 21:17:50,953 | INFO | scraping_pipeline | Fetching https://books.toscrape.com/catalogue/mothering-sunday_600/index.html (attempt 1/3)
2026-10-06 21:17:51,336 | INFO | scraping_pipeline | Fetching https://books.toscrape.com/catalogue/mother-can-you-not_599/index.html (attempt 1/3)
2026-10-06 21:17:51,745 | INFO | scraping_pipeline | Fetching https://books.toscrape.com/catalogue/m-train_598/index.html (attempt 1/3)
2026-10-06 21:17:52,158 | INFO | scraping_pipeline | Fetching https://books.toscrape.com/catalogue/lilac-girls_597/index.html (attempt 1/3)
2026-10-06 21:17:52,500 | INFO | scraping_pipeline | Fetching https://books.toscrape.com/catalogue/lies-and-other-acts-of-love_596/index.html (attempt 1/3)
2026-10-06 21:17:52,835 | INFO | scraping_pipeline | Fetching https://books.toscrape.com/catalogue/lab-girl_595/index.html (attempt 1/3)
2026-10-06 21:17:53,180 | INFO | scraping_pipeline | Fetching https://books.toscrape.com/catalogue/keep-me-posted_594/index.html (attempt 1/3)
2026-10-06 21:17:53,525 | INFO | scraping_pipeline | Fetching https://books.toscrape.com/catalogue/it-didnt-start-with-you-how-inherited-family-trauma-shapes-who-we-are-and-how-to-end-the-cycle_593/index.html (attempt 1/3)
2026-10-06 21:17:53,865 | INFO | scraping_pipeline | Fetching https://books.toscrape.com/catalogue/grey-fifty-shades-4_592/index.html (attempt 1/3)
2026-10-06 21:17:54,205 | INFO | scraping_pipeline | Fetching https://books.toscrape.com/catalogue/exit-pursued-by-a-bear_591/index.html (attempt 1/3)
2026-10-06 21:17:54,612 | INFO | scraping_pipeline | Fetching https://books.toscrape.com/catalogue/daredevils_590/index.html (attempt 1/3)
2026-10-06 21:17:54,941 | INFO | scraping_pipeline | Fetching https://books.toscrape.com/catalogue/cravings-recipes-for-what-you-want-to-eat_589/index.html (attempt 1/3)
2026-10-06 21:17:55,277 | INFO | scraping_pipeline | Fetching https://books.toscrape.com/catalogue/born-for-this-how-to-find-the-work-you-were-meant-to-do_588/index.html (attempt 1/3)
2026-10-06 21:17:55,603 | INFO | scraping_pipeline | Fetching https://books.toscrape.com/catalogue/arena_587/index.html (attempt 1/3)
2026-10-06 21:17:55,946 | INFO | scraping_pipeline | Fetching https://books.toscrape.com/catalogue/adultery_586/index.html (attempt 1/3)
2026-10-06 21:17:56,295 | INFO | scraping_pipeline | Fetching https://books.toscrape.com/catalogue/a-mothers-reckoning-living-in-the-aftermath-of-tragedy_585/index.html (attempt 1/3)
2026-10-06 21:17:56,662 | INFO | scraping_pipeline | Fetching https://books.toscrape.com/catalogue/a-gentlemans-position-society-of-gentlemen-3_584/index.html (attempt 1/3)
2026-10-06 21:17:56,994 | INFO | scraping_pipeline | Fetching https://books.toscrape.com/catalogue/112263_583/index.html (attempt 1/3)
2026-10-06 21:17:57,380 | INFO | scraping_pipeline | Fetching https://books.toscrape.com/catalogue/10-happier-how-i-tamed-the-voice-in-my-head-reduced-stress-without-losing-my-edge-and-found-self-help-that-actually-works_582/index.html (attempt 1/3)
2026-10-06 21:17:57,718 | INFO | scraping_pipeline | Fetching https://books.toscrape.com/catalogue/10-day-green-smoothie-cleanse-lose-up-to-15-pounds-in-10-days_581/index.html (attempt 1/3)
2026-10-06 21:17:58,112 | INFO | scraping_pipeline | Scraping listing page: https://books.toscrape.com/catalogue/page-22.html
2026-10-06 21:17:58,112 | INFO | scraping_pipeline | Fetching https://books.toscrape.com/catalogue/page-22.html (attempt 1/3)
2026-10-06 21:17:58,839 | INFO | scraping_pipeline | Fetching https://books.toscrape.com/catalogue/without-shame_580/index.html (attempt 1/3)
2026-10-06 21:17:59,221 | INFO | scraping_pipeline | Fetching https://books.toscrape.com/catalogue/watchmen_579/index.html (attempt 1/3)
2026-10-06 21:17:59,629 | INFO | scraping_pipeline | Fetching https://books.toscrape.com/catalogue/unlimited-intuition-now_578/index.html (attempt 1/3)
2026-10-06 21:17:59,979 | INFO | scraping_pipeline | Fetching https://books.toscrape.com/catalogue/underlying-notes_577/index.html (attempt 1/3)
2026-10-06 21:18:00,347 | INFO | scraping_pipeline | Fetching https://books.toscrape.com/catalogue/the-shack_576/index.html (attempt 1/3)
2026-10-06 21:18:00,756 | INFO | scraping_pipeline | Fetching https://books.toscrape.com/catalogue/the-new-brand-you-your-new-image-makes-the-sale-for-you_575/index.html (attempt 1/3)
2026-10-06 21:18:01,167 | INFO | scraping_pipeline | Fetching https://books.toscrape.com/catalogue/the-moosewood-cookbook-recipes-from-moosewood-restaurant-ithaca-new-york_574/index.html (attempt 1/3)
2026-10-06 21:18:01,575 | INFO | scraping_pipeline | Fetching https://books.toscrape.com/catalogue/the-flowers-lied_573/index.html (attempt 1/3)
2026-10-06 21:18:01,984 | INFO | scraping_pipeline | Fetching https://books.toscrape.com/catalogue/the-fabric-of-the-cosmos-space-time-and-the-texture-of-reality_572/index.html (attempt 1/3)
2026-10-06 21:18:02,395 | INFO | scraping_pipeline | Fetching https://books.toscrape.com/catalogue/the-book-of-mormon_571/index.html (attempt 1/3)
2026-10-06 21:18:02,804 | INFO | scraping_pipeline | Fetching https://books.toscrape.com/catalogue/the-art-and-science-of-low-carbohydrate-living_570/index.html (attempt 1/3)
2026-10-06 21:18:03,200 | INFO | scraping_pipeline | Fetching https://books.toscrape.com/catalogue/the-alien-club_569/index.html (attempt 1/3)
2026-10-06 21:18:03,553 | INFO | scraping_pipeline | Fetching https://books.toscrape.com/catalogue/suzie-snowflake-one-beautiful-flake-a-self-esteem-story_568/index.html (attempt 1/3)
2026-10-06 21:18:03,931 | INFO | scraping_pipeline | Fetching https://books.toscrape.com/catalogue/nap-a-roo_567/index.html (attempt 1/3)
2026-10-06 21:18:04,314 | INFO | scraping_pipeline | Fetching https://books.toscrape.com/catalogue/nano-what-now-finding-your-editing-process-revising-your-nanowrimo-book-and-building-a-writing-career-through-publishing-and-beyond_566/index.html (attempt 1/3)
2026-10-06 21:18:04,644 | INFO | scraping_pipeline | Fetching https://books.toscrape.com/catalogue/modern-day-fables_565/index.html (attempt 1/3)
2026-10-06 21:18:04,973 | INFO | scraping_pipeline | Fetching https://books.toscrape.com/catalogue/if-i-gave-you-gods-phone-number-searching-for-spirituality-in-america_564/index.html (attempt 1/3)
2026-10-06 21:18:05,301 | INFO | scraping_pipeline | Fetching https://books.toscrape.com/catalogue/fruits-basket-vol-9-fruits-basket-9_563/index.html (attempt 1/3)
2026-10-06 21:18:05,677 | INFO | scraping_pipeline | Fetching https://books.toscrape.com/catalogue/dress-your-family-in-corduroy-and-denim_562/index.html (attempt 1/3)
2026-10-06 21:18:06,082 | INFO | scraping_pipeline | Fetching https://books.toscrape.com/catalogue/dont-forget-steven_561/index.html (attempt 1/3)
2026-10-06 21:18:06,464 | INFO | scraping_pipeline | Scraping listing page: https://books.toscrape.com/catalogue/page-23.html
2026-10-06 21:18:06,465 | INFO | scraping_pipeline | Fetching https://books.toscrape.com/catalogue/page-23.html (attempt 1/3)
2026-10-06 21:18:07,237 | INFO | scraping_pipeline | Fetching https://books.toscrape.com/catalogue/chernobyl-012340-the-incredible-true-story-of-the-worlds-worst-nuclear-disaster_560/index.html (attempt 1/3)
2026-10-06 21:18:07,620 | INFO | scraping_pipeline | Fetching https://books.toscrape.com/catalogue/art-and-fear-observations-on-the-perils-and-rewards-of-artmaking_559/index.html (attempt 1/3)
2026-10-06 21:18:07,955 | INFO | scraping_pipeline | Fetching https://books.toscrape.com/catalogue/a-shard-of-ice-the-black-symphony-saga-1_558/index.html (attempt 1/3)
2026-10-06 21:18:08,337 | INFO | scraping_pipeline | Fetching https://books.toscrape.com/catalogue/a-heros-curse-the-unseen-chronicles-1_557/index.html (attempt 1/3)
2026-10-06 21:18:08,711 | INFO | scraping_pipeline | Fetching https://books.toscrape.com/catalogue/23-degrees-south-a-tropical-tale-of-changing-whether_556/index.html (attempt 1/3)
2026-10-06 21:18:09,156 | INFO | scraping_pipeline | Fetching https://books.toscrape.com/catalogue/zero-to-one-notes-on-startups-or-how-to-build-the-future_555/index.html (attempt 1/3)
2026-10-06 21:18:09,569 | INFO | scraping_pipeline | Fetching https://books.toscrape.com/catalogue/why-not-me_554/index.html (attempt 1/3)
2026-10-06 21:18:09,974 | INFO | scraping_pipeline | Fetching https://books.toscrape.com/catalogue/when-breath-becomes-air_553/index.html (attempt 1/3)
2026-10-06 21:18:10,386 | INFO | scraping_pipeline | Fetching https://books.toscrape.com/catalogue/vagabonding-an-uncommon-guide-to-the-art-of-long-term-world-travel_552/index.html (attempt 1/3)
2026-10-06 21:18:10,794 | INFO | scraping_pipeline | Fetching https://books.toscrape.com/catalogue/the-unlikely-pilgrimage-of-harold-fry-harold-fry-1_551/index.html (attempt 1/3)
2026-10-06 21:18:11,203 | INFO | scraping_pipeline | Fetching https://books.toscrape.com/catalogue/the-new-drawing-on-the-right-side-of-the-brain_550/index.html (attempt 1/3)
2026-10-06 21:18:11,538 | INFO | scraping_pipeline | Fetching https://books.toscrape.com/catalogue/the-midnight-assassin-panic-scandal-and-the-hunt-for-americas-first-serial-killer_549/index.html (attempt 1/3)
2026-10-06 21:18:11,880 | INFO | scraping_pipeline | Fetching https://books.toscrape.com/catalogue/the-martian-the-martian-1_548/index.html (attempt 1/3)
2026-10-06 21:18:12,231 | INFO | scraping_pipeline | Fetching https://books.toscrape.com/catalogue/the-high-mountains-of-portugal_547/index.html (attempt 1/3)
2026-10-06 21:18:12,635 | INFO | scraping_pipeline | Fetching https://books.toscrape.com/catalogue/the-grownup_546/index.html (attempt 1/3)
2026-10-06 21:18:13,045 | INFO | scraping_pipeline | Fetching https://books.toscrape.com/catalogue/the-e-myth-revisited-why-most-small-businesses-dont-work-and-what-to-do-about-it_545/index.html (attempt 1/3)
2026-10-06 21:18:13,456 | INFO | scraping_pipeline | Fetching https://books.toscrape.com/catalogue/south-of-sunshine_544/index.html (attempt 1/3)
2026-10-06 21:18:13,860 | INFO | scraping_pipeline | Fetching https://books.toscrape.com/catalogue/smarter-faster-better-the-secrets-of-being-productive-in-life-and-business_543/index.html (attempt 1/3)
2026-10-06 21:18:14,280 | INFO | scraping_pipeline | Fetching https://books.toscrape.com/catalogue/silence-in-the-dark-logan-point-4_542/index.html (attempt 1/3)
2026-10-06 21:18:14,682 | INFO | scraping_pipeline | Fetching https://books.toscrape.com/catalogue/shadows-of-the-past-logan-point-1_541/index.html (attempt 1/3)
2026-10-06 21:18:15,116 | INFO | scraping_pipeline | Scraping listing page: https://books.toscrape.com/catalogue/page-24.html
2026-10-06 21:18:15,116 | INFO | scraping_pipeline | Fetching https://books.toscrape.com/catalogue/page-24.html (attempt 1/3)
2026-10-06 21:18:15,844 | INFO | scraping_pipeline | Fetching https://books.toscrape.com/catalogue/roller-girl_540/index.html (attempt 1/3)
2026-10-06 21:18:16,206 | INFO | scraping_pipeline | Fetching https://books.toscrape.com/catalogue/rising-strong_539/index.html (attempt 1/3)
2026-10-06 21:18:16,628 | INFO | scraping_pipeline | Fetching https://books.toscrape.com/catalogue/proofs-of-god-classical-arguments-from-tertullian-to-barth_538/index.html (attempt 1/3)
2026-10-06 21:18:17,041 | INFO | scraping_pipeline | Fetching https://books.toscrape.com/catalogue/please-kill-me-the-uncensored-oral-history-of-punk_537/index.html (attempt 1/3)
2026-10-06 21:18:17,394 | INFO | scraping_pipeline | Fetching https://books.toscrape.com/catalogue/out-of-print-city-lights-spotlight-no-14_536/index.html (attempt 1/3)
2026-10-06 21:18:17,756 | INFO | scraping_pipeline | Fetching https://books.toscrape.com/catalogue/my-life-next-door-my-life-next-door_535/index.html (attempt 1/3)
2026-10-06 21:18:18,165 | INFO | scraping_pipeline | Fetching https://books.toscrape.com/catalogue/millers-valley_534/index.html (attempt 1/3)
2026-10-06 21:18:18,578 | INFO | scraping_pipeline | Fetching https://books.toscrape.com/catalogue/mans-search-for-meaning_533/index.html (attempt 1/3)
2026-10-06 21:18:18,982 | INFO | scraping_pipeline | Fetching https://books.toscrape.com/catalogue/love-that-boy-what-two-presidents-eight-road-trips-and-my-son-taught-me-about-a-parents-expectations_532/index.html (attempt 1/3)
2026-10-06 21:18:19,394 | INFO | scraping_pipeline | Fetching https://books.toscrape.com/catalogue/living-forward-a-proven-plan-to-stop-drifting-and-get-the-life-you-want_531/index.html (attempt 1/3)
2026-10-06 21:18:19,804 | INFO | scraping_pipeline | Fetching https://books.toscrape.com/catalogue/les-fleurs-du-mal_530/index.html (attempt 1/3)
2026-10-06 21:18:20,214 | INFO | scraping_pipeline | Fetching https://books.toscrape.com/catalogue/left-behind-left-behind-1_529/index.html (attempt 1/3)
2026-10-06 21:18:20,546 | INFO | scraping_pipeline | Fetching https://books.toscrape.com/catalogue/kill-em-and-leave-searching-for-james-brown-and-the-american-soul_528/index.html (attempt 1/3)
2026-10-06 21:18:20,926 | INFO | scraping_pipeline | Fetching https://books.toscrape.com/catalogue/kierkegaard-a-christian-missionary-to-christians_527/index.html (attempt 1/3)
2026-10-06 21:18:21,341 | INFO | scraping_pipeline | Fetching https://books.toscrape.com/catalogue/john-vassos-industrial-design-for-modern-life_526/index.html (attempt 1/3)
2026-10-06 21:18:21,751 | INFO | scraping_pipeline | Fetching https://books.toscrape.com/catalogue/ill-give-you-the-sun_525/index.html (attempt 1/3)
2026-10-06 21:18:22,158 | INFO | scraping_pipeline | Fetching https://books.toscrape.com/catalogue/i-will-find-you_524/index.html (attempt 1/3)
2026-10-06 21:18:22,569 | INFO | scraping_pipeline | Fetching https://books.toscrape.com/catalogue/hystopia-a-novel_523/index.html (attempt 1/3)
2026-10-06 21:18:22,979 | INFO | scraping_pipeline | Fetching https://books.toscrape.com/catalogue/howl-and-other-poems_522/index.html (attempt 1/3)
2026-10-06 21:18:23,360 | INFO | scraping_pipeline | Fetching https://books.toscrape.com/catalogue/history-of-beauty_521/index.html (attempt 1/3)
2026-10-06 21:18:23,839 | INFO | scraping_pipeline | Scraping listing page: https://books.toscrape.com/catalogue/page-25.html
2026-10-06 21:18:23,839 | INFO | scraping_pipeline | Fetching https://books.toscrape.com/catalogue/page-25.html (attempt 1/3)
2026-10-06 21:18:24,542 | INFO | scraping_pipeline | Fetching https://books.toscrape.com/catalogue/heaven-is-for-real-a-little-boys-astounding-story-of-his-trip-to-heaven-and-back_520/index.html (attempt 1/3)
2026-10-06 21:18:24,878 | INFO | scraping_pipeline | Fetching https://books.toscrape.com/catalogue/future-shock-future-shock-1_519/index.html (attempt 1/3)
2026-10-06 21:18:25,207 | INFO | scraping_pipeline | Fetching https://books.toscrape.com/catalogue/enders-game-the-ender-quintet-1_518/index.html (attempt 1/3)
2026-10-06 21:18:25,642 | INFO | scraping_pipeline | Fetching https://books.toscrape.com/catalogue/diary-of-a-citizen-scientist-chasing-tiger-beetles-and-other-new-ways-of-engaging-the-world_517/index.html (attempt 1/3)
2026-10-06 21:18:26,055 | INFO | scraping_pipeline | Fetching https://books.toscrape.com/catalogue/death-by-leisure-a-cautionary-tale_516/index.html (attempt 1/3)
2026-10-06 21:18:26,397 | INFO | scraping_pipeline | Fetching https://books.toscrape.com/catalogue/brilliant-beacons-a-history-of-the-american-lighthouse_515/index.html (attempt 1/3)
2026-10-06 21:18:26,741 | INFO | scraping_pipeline | Fetching https://books.toscrape.com/catalogue/brazen-the-courage-to-find-the-you-thats-been-hiding_514/index.html (attempt 1/3)
2026-10-06 21:18:27,177 | INFO | scraping_pipeline | Fetching https://books.toscrape.com/catalogue/between-the-world-and-me_513/index.html (attempt 1/3)
2026-10-06 21:18:27,599 | INFO | scraping_pipeline | Fetching https://books.toscrape.com/catalogue/being-mortal-medicine-and-what-matters-in-the-end_512/index.html (attempt 1/3)
2026-10-06 21:18:28,021 | INFO | scraping_pipeline | Fetching https://books.toscrape.com/catalogue/a-murder-over-a-girl-justice-gender-junior-high_511/index.html (attempt 1/3)
2026-10-06 21:18:28,356 | INFO | scraping_pipeline | Fetching https://books.toscrape.com/catalogue/32-yolks_510/index.html (attempt 1/3)
2026-10-06 21:18:28,717 | INFO | scraping_pipeline | Fetching https://books.toscrape.com/catalogue/most-blessed-of-the-patriarchs-thomas-jefferson-and-the-empire-of-the-imagination_509/index.html (attempt 1/3)
2026-10-06 21:18:29,130 | INFO | scraping_pipeline | Fetching https://books.toscrape.com/catalogue/you-are-a-badass-how-to-stop-doubting-your-greatness-and-start-living-an-awesome-life_508/index.html (attempt 1/3)
2026-10-06 21:18:29,464 | INFO | scraping_pipeline | Fetching https://books.toscrape.com/catalogue/wildlife-of-new-york-a-five-borough-coloring-book_507/index.html (attempt 1/3)
2026-10-06 21:18:29,837 | INFO | scraping_pipeline | Fetching https://books.toscrape.com/catalogue/what-happened-on-beale-street-secrets-of-the-south-mysteries-2_506/index.html (attempt 1/3)
2026-10-06 21:18:30,243 | INFO | scraping_pipeline | Fetching https://books.toscrape.com/catalogue/unreasonable-hope-finding-faith-in-the-god-who-brings-purpose-to-your-pain_505/index.html (attempt 1/3)
2026-10-06 21:18:30,657 | INFO | scraping_pipeline | Fetching https://books.toscrape.com/catalogue/under-the-tuscan-sun_504/index.html (attempt 1/3)
2026-10-06 21:18:31,062 | INFO | scraping_pipeline | Fetching https://books.toscrape.com/catalogue/toddlers-are-aholes-its-not-your-fault_503/index.html (attempt 1/3)
2026-10-06 21:18:31,468 | INFO | scraping_pipeline | Fetching https://books.toscrape.com/catalogue/the-year-of-living-biblically-one-mans-humble-quest-to-follow-the-bible-as-literally-as-possible_502/index.html (attempt 1/3)
2026-10-06 21:18:31,887 | INFO | scraping_pipeline | Fetching https://books.toscrape.com/catalogue/the-whale_501/index.html (attempt 1/3)
2026-10-06 21:18:32,339 | INFO | scraping_pipeline | Scraping listing page: https://books.toscrape.com/catalogue/page-26.html
2026-10-06 21:18:32,339 | INFO | scraping_pipeline | Fetching https://books.toscrape.com/catalogue/page-26.html (attempt 1/3)
2026-10-06 21:18:33,554 | INFO | scraping_pipeline | Fetching https://books.toscrape.com/catalogue/the-story-of-art_500/index.html (attempt 1/3)
2026-10-06 21:18:33,935 | INFO | scraping_pipeline | Fetching https://books.toscrape.com/catalogue/the-origin-of-species_499/index.html (attempt 1/3)
2026-10-06 21:18:34,345 | INFO | scraping_pipeline | Fetching https://books.toscrape.com/catalogue/the-great-gatsby_498/index.html (attempt 1/3)
2026-10-06 21:18:34,757 | INFO | scraping_pipeline | Fetching https://books.toscrape.com/catalogue/the-good-girl_497/index.html (attempt 1/3)
2026-10-06 21:18:35,169 | INFO | scraping_pipeline | Fetching https://books.toscrape.com/catalogue/the-glass-castle_496/index.html (attempt 1/3)
2026-10-06 21:18:35,526 | INFO | scraping_pipeline | Fetching https://books.toscrape.com/catalogue/the-faith-of-christopher-hitchens-the-restless-soul-of-the-worlds-most-notorious-atheist_495/index.html (attempt 1/3)
2026-10-06 21:18:35,863 | INFO | scraping_pipeline | Fetching https://books.toscrape.com/catalogue/the-drowning-girls_494/index.html (attempt 1/3)
2026-10-06 21:18:36,198 | INFO | scraping_pipeline | Fetching https://books.toscrape.com/catalogue/the-constant-princess-the-tudor-court-1_493/index.html (attempt 1/3)
2026-10-06 21:18:36,598 | INFO | scraping_pipeline | Fetching https://books.toscrape.com/catalogue/the-bourne-identity-jason-bourne-1_492/index.html (attempt 1/3)
2026-10-06 21:18:37,014 | INFO | scraping_pipeline | Fetching https://books.toscrape.com/catalogue/the-bachelor-girls-guide-to-murder-herringford-and-watts-mysteries-1_491/index.html (attempt 1/3)
2026-10-06 21:18:37,408 | INFO | scraping_pipeline | Fetching https://books.toscrape.com/catalogue/the-art-book_490/index.html (attempt 1/3)
2026-10-06 21:18:37,821 | INFO | scraping_pipeline | Fetching https://books.toscrape.com/catalogue/the-7-habits-of-highly-effective-people-powerful-lessons-in-personal-change_489/index.html (attempt 1/3)
2026-10-06 21:18:38,234 | INFO | scraping_pipeline | Fetching https://books.toscrape.com/catalogue/team-of-rivals-the-political-genius-of-abraham-lincoln_488/index.html (attempt 1/3)
2026-10-06 21:18:39,061 | INFO | scraping_pipeline | Fetching https://books.toscrape.com/catalogue/steal-like-an-artist-10-things-nobody-told-you-about-being-creative_487/index.html (attempt 1/3)
2026-10-06 21:18:39,468 | INFO | scraping_pipeline | Fetching https://books.toscrape.com/catalogue/sit-stay-love_486/index.html (attempt 1/3)
2026-10-06 21:18:39,877 | INFO | scraping_pipeline | Fetching https://books.toscrape.com/catalogue/sister-dear_485/index.html (attempt 1/3)
2026-10-06 21:18:40,282 | INFO | scraping_pipeline | Fetching https://books.toscrape.com/catalogue/shrunken-treasures-literary-classics-short-sweet-and-silly_484/index.html (attempt 1/3)
2026-10-06 21:18:40,694 | INFO | scraping_pipeline | Fetching https://books.toscrape.com/catalogue/rich-dad-poor-dad_483/index.html (attempt 1/3)
2026-10-06 21:18:41,105 | INFO | scraping_pipeline | Fetching https://books.toscrape.com/catalogue/raymie-nightingale_482/index.html (attempt 1/3)
2026-10-06 21:18:41,620 | INFO | scraping_pipeline | Fetching https://books.toscrape.com/catalogue/playing-from-the-heart_481/index.html (attempt 1/3)
2026-10-06 21:18:41,995 | INFO | scraping_pipeline | Scraping listing page: https://books.toscrape.com/catalogue/page-27.html
2026-10-06 21:18:41,996 | INFO | scraping_pipeline | Fetching https://books.toscrape.com/catalogue/page-27.html (attempt 1/3)
2026-10-06 21:18:42,799 | INFO | scraping_pipeline | Fetching https://books.toscrape.com/catalogue/nightstruck-a-novel_480/index.html (attempt 1/3)
2026-10-06 21:18:43,153 | INFO | scraping_pipeline | Fetching https://books.toscrape.com/catalogue/naturally-lean-125-nourishing-gluten-free-plant-based-recipes-all-under-300-calories_479/index.html (attempt 1/3)
2026-10-06 21:18:43,562 | INFO | scraping_pipeline | Fetching https://books.toscrape.com/catalogue/meternity_478/index.html (attempt 1/3)
2026-10-06 21:18:43,971 | INFO | scraping_pipeline | Fetching https://books.toscrape.com/catalogue/memoirs-of-a-geisha_477/index.html (attempt 1/3)
2026-10-06 21:18:44,380 | INFO | scraping_pipeline | Fetching https://books.toscrape.com/catalogue/like-never-before-walker-family-2_476/index.html (attempt 1/3)
2026-10-06 21:18:44,792 | INFO | scraping_pipeline | Fetching https://books.toscrape.com/catalogue/life-of-pi_475/index.html (attempt 1/3)
2026-10-06 21:18:45,200 | INFO | scraping_pipeline | Fetching https://books.toscrape.com/catalogue/leave-this-song-behind-teen-poetry-at-its-best_474/index.html (attempt 1/3)
2026-10-06 21:18:45,610 | INFO | scraping_pipeline | Fetching https://books.toscrape.com/catalogue/kings-folly-the-kinsman-chronicles-1_473/index.html (attempt 1/3)
2026-10-06 21:18:46,015 | INFO | scraping_pipeline | Fetching https://books.toscrape.com/catalogue/john-adams_472/index.html (attempt 1/3)
2026-10-06 21:18:46,355 | INFO | scraping_pipeline | Fetching https://books.toscrape.com/catalogue/how-to-cook-everything-vegetarian-simple-meatless-recipes-for-great-food-how-to-cook-everything_471/index.html (attempt 1/3)
2026-10-06 21:18:46,739 | INFO | scraping_pipeline | Fetching https://books.toscrape.com/catalogue/how-to-be-a-domestic-goddess-baking-and-the-art-of-comfort-cooking_470/index.html (attempt 1/3)
2026-10-06 21:18:47,144 | INFO | scraping_pipeline | Fetching https://books.toscrape.com/catalogue/good-in-bed-cannie-shapiro-1_469/index.html (attempt 1/3)
2026-10-06 21:18:47,557 | INFO | scraping_pipeline | Fetching https://books.toscrape.com/catalogue/fruits-basket-vol-7-fruits-basket-7_468/index.html (attempt 1/3)
2026-10-06 21:18:47,888 | INFO | scraping_pipeline | Fetching https://books.toscrape.com/catalogue/for-the-love-fighting-for-grace-in-a-world-of-impossible-standards_467/index.html (attempt 1/3)
2026-10-06 21:18:48,273 | INFO | scraping_pipeline | Fetching https://books.toscrape.com/catalogue/finding-god-in-the-ruins-how-god-redeems-pain_466/index.html (attempt 1/3)
2026-10-06 21:18:48,612 | INFO | scraping_pipeline | Fetching https://books.toscrape.com/catalogue/every-heart-a-doorway-every-heart-a-doorway-1_465/index.html (attempt 1/3)
2026-10-06 21:18:48,932 | INFO | scraping_pipeline | Fetching https://books.toscrape.com/catalogue/delivering-the-truth-quaker-midwife-mystery-1_464/index.html (attempt 1/3)
2026-10-06 21:18:49,278 | INFO | scraping_pipeline | Fetching https://books.toscrape.com/catalogue/counted-with-the-stars-out-from-egypt-1_463/index.html (attempt 1/3)
2026-10-06 21:18:49,704 | INFO | scraping_pipeline | Fetching https://books.toscrape.com/catalogue/chronicles-vol-1_462/index.html (attempt 1/3)
2026-10-06 21:18:50,058 | INFO | scraping_pipeline | Fetching https://books.toscrape.com/catalogue/blue-like-jazz-nonreligious-thoughts-on-christian-spirituality_461/index.html (attempt 1/3)
2026-10-06 21:18:50,474 | INFO | scraping_pipeline | Scraping listing page: https://books.toscrape.com/catalogue/page-28.html
2026-10-06 21:18:50,474 | INFO | scraping_pipeline | Fetching https://books.toscrape.com/catalogue/page-28.html (attempt 1/3)
2026-10-06 21:18:51,166 | INFO | scraping_pipeline | Fetching https://books.toscrape.com/catalogue/benjamin-franklin-an-american-life_460/index.html (attempt 1/3)
2026-10-06 21:18:51,548 | INFO | scraping_pipeline | Fetching https://books.toscrape.com/catalogue/at-the-existentialist-cafe-freedom-being-and-apricot-cocktails-with-jean-paul-sartre-simone-de-beauvoir-albert-camus-martin-heidegger-edmund-husserl-karl-jaspers-maurice-merleau-ponty-and-others_459/index.html (attempt 1/3)
2026-10-06 21:18:51,950 | INFO | scraping_pipeline | Fetching https://books.toscrape.com/catalogue/a-summer-in-europe_458/index.html (attempt 1/3)
2026-10-06 21:18:52,369 | INFO | scraping_pipeline | Fetching https://books.toscrape.com/catalogue/a-short-history-of-nearly-everything_457/index.html (attempt 1/3)
2026-10-06 21:18:52,777 | INFO | scraping_pipeline | Fetching https://books.toscrape.com/catalogue/a-gathering-of-shadows-shades-of-magic-2_456/index.html (attempt 1/3)
2026-10-06 21:18:53,128 | INFO | scraping_pipeline | Fetching https://books.toscrape.com/catalogue/the-sound-of-love_455/index.html (attempt 1/3)
2026-10-06 21:18:53,485 | INFO | scraping_pipeline | Fetching https://books.toscrape.com/catalogue/the-rise-and-fall-of-the-third-reich-a-history-of-nazi-germany_454/index.html (attempt 1/3)
2026-10-06 21:18:53,903 | INFO | scraping_pipeline | Fetching https://books.toscrape.com/catalogue/the-perks-of-being-a-wallflower_453/index.html (attempt 1/3)
2026-10-06 21:18:54,310 | INFO | scraping_pipeline | Fetching https://books.toscrape.com/catalogue/the-mysterious-affair-at-styles-hercule-poirot-1_452/index.html (attempt 1/3)
2026-10-06 21:18:54,724 | INFO | scraping_pipeline | Fetching https://books.toscrape.com/catalogue/the-man-who-mistook-his-wife-for-a-hat-and-other-clinical-tales_451/index.html (attempt 1/3)
2026-10-06 21:18:55,138 | INFO | scraping_pipeline | Fetching https://books.toscrape.com/catalogue/the-makings-of-a-fatherless-child_450/index.html (attempt 1/3)
2026-10-06 21:18:55,545 | INFO | scraping_pipeline | Fetching https://books.toscrape.com/catalogue/the-joy-of-cooking_449/index.html (attempt 1/3)
2026-10-06 21:18:55,941 | INFO | scraping_pipeline | Fetching https://books.toscrape.com/catalogue/the-invention-of-wings_448/index.html (attempt 1/3)
2026-10-06 21:18:56,268 | INFO | scraping_pipeline | Fetching https://books.toscrape.com/catalogue/the-hobbit-middle-earth-universe_447/index.html (attempt 1/3)
2026-10-06 21:18:56,668 | INFO | scraping_pipeline | Fetching https://books.toscrape.com/catalogue/the-great-railway-bazaar_446/index.html (attempt 1/3)
2026-10-06 21:18:57,078 | INFO | scraping_pipeline | Fetching https://books.toscrape.com/catalogue/the-golden-compass-his-dark-materials-1_445/index.html (attempt 1/3)
2026-10-06 21:18:57,483 | INFO | scraping_pipeline | Fetching https://books.toscrape.com/catalogue/the-god-delusion_444/index.html (attempt 1/3)
2026-10-06 21:18:57,907 | INFO | scraping_pipeline | Fetching https://books.toscrape.com/catalogue/the-girl-you-left-behind-the-girl-you-left-behind-1_443/index.html (attempt 1/3)
2026-10-06 21:18:58,308 | INFO | scraping_pipeline | Fetching https://books.toscrape.com/catalogue/the-fellowship-of-the-ring-the-lord-of-the-rings-1_442/index.html (attempt 1/3)
2026-10-06 21:18:58,635 | INFO | scraping_pipeline | Fetching https://books.toscrape.com/catalogue/the-collected-poems-of-wb-yeats-the-collected-works-of-wb-yeats-1_441/index.html (attempt 1/3)
2026-10-06 21:18:59,075 | INFO | scraping_pipeline | Scraping listing page: https://books.toscrape.com/catalogue/page-29.html
2026-10-06 21:18:59,076 | INFO | scraping_pipeline | Fetching https://books.toscrape.com/catalogue/page-29.html (attempt 1/3)
2026-10-06 21:18:59,869 | INFO | scraping_pipeline | Fetching https://books.toscrape.com/catalogue/the-barefoot-contessa-cookbook_440/index.html (attempt 1/3)
2026-10-06 21:19:00,252 | INFO | scraping_pipeline | Fetching https://books.toscrape.com/catalogue/tell-the-wolves-im-home_439/index.html (attempt 1/3)
2026-10-06 21:19:00,593 | INFO | scraping_pipeline | Fetching https://books.toscrape.com/catalogue/ship-leaves-harbor-essays-on-travel-by-a-recovering-journeyman_438/index.html (attempt 1/3)
2026-10-06 21:19:00,968 | INFO | scraping_pipeline | Fetching https://books.toscrape.com/catalogue/pride-and-prejudice_437/index.html (attempt 1/3)
2026-10-06 21:19:01,379 | INFO | scraping_pipeline | Fetching https://books.toscrape.com/catalogue/musicophilia-tales-of-music-and-the-brain_436/index.html (attempt 1/3)
2026-10-06 21:19:01,823 | INFO | scraping_pipeline | Fetching https://books.toscrape.com/catalogue/mere-christianity_435/index.html (attempt 1/3)
2026-10-06 21:19:02,155 | INFO | scraping_pipeline | Fetching https://books.toscrape.com/catalogue/me-before-you-me-before-you-1_434/index.html (attempt 1/3)
2026-10-06 21:19:02,512 | INFO | scraping_pipeline | Fetching https://books.toscrape.com/catalogue/in-the-woods-dublin-murder-squad-1_433/index.html (attempt 1/3)
2026-10-06 21:19:02,921 | INFO | scraping_pipeline | Fetching https://books.toscrape.com/catalogue/in-cold-blood_432/index.html (attempt 1/3)
2026-10-06 21:19:03,325 | INFO | scraping_pipeline | Fetching https://books.toscrape.com/catalogue/how-to-stop-worrying-and-start-living_431/index.html (attempt 1/3)
2026-10-06 21:19:03,735 | INFO | scraping_pipeline | Fetching https://books.toscrape.com/catalogue/give-it-back_430/index.html (attempt 1/3)
2026-10-06 21:19:04,142 | INFO | scraping_pipeline | Fetching https://books.toscrape.com/catalogue/girl-interrupted_429/index.html (attempt 1/3)
2026-10-06 21:19:04,556 | INFO | scraping_pipeline | Fetching https://books.toscrape.com/catalogue/fun-home-a-family-tragicomic_428/index.html (attempt 1/3)
2026-10-06 21:19:04,917 | INFO | scraping_pipeline | Fetching https://books.toscrape.com/catalogue/fruits-basket-vol-6-fruits-basket-6_427/index.html (attempt 1/3)
2026-10-06 21:19:05,246 | INFO | scraping_pipeline | Fetching https://books.toscrape.com/catalogue/deception-point_426/index.html (attempt 1/3)
2026-10-06 21:19:05,687 | INFO | scraping_pipeline | Fetching https://books.toscrape.com/catalogue/death-note-vol-6-give-and-take-death-note-6_425/index.html (attempt 1/3)
2026-10-06 21:19:06,088 | INFO | scraping_pipeline | Fetching https://books.toscrape.com/catalogue/catherine-the-great-portrait-of-a-woman_424/index.html (attempt 1/3)
2026-10-06 21:19:06,420 | INFO | scraping_pipeline | Fetching https://books.toscrape.com/catalogue/better-homes-and-gardens-new-cook-book_423/index.html (attempt 1/3)
2026-10-06 21:19:06,806 | INFO | scraping_pipeline | Fetching https://books.toscrape.com/catalogue/an-unquiet-mind-a-memoir-of-moods-and-madness_422/index.html (attempt 1/3)
2026-10-06 21:19:07,218 | INFO | scraping_pipeline | Fetching https://books.toscrape.com/catalogue/a-year-in-provence-provence-1_421/index.html (attempt 1/3)
2026-10-06 21:19:07,662 | INFO | scraping_pipeline | Scraping listing page: https://books.toscrape.com/catalogue/page-30.html
2026-10-06 21:19:07,663 | INFO | scraping_pipeline | Fetching https://books.toscrape.com/catalogue/page-30.html (attempt 1/3)
2026-10-06 21:19:08,470 | INFO | scraping_pipeline | Fetching https://books.toscrape.com/catalogue/world-without-end-the-pillars-of-the-earth-2_420/index.html (attempt 1/3)
2026-10-06 21:19:08,845 | INFO | scraping_pipeline | Fetching https://books.toscrape.com/catalogue/will-grayson-will-grayson-will-grayson-will-grayson_419/index.html (attempt 1/3)
2026-10-06 21:19:09,264 | INFO | scraping_pipeline | Fetching https://books.toscrape.com/catalogue/why-save-the-bankers-and-other-essays-on-our-economic-and-political-crisis_418/index.html (attempt 1/3)
2026-10-06 21:19:09,616 | INFO | scraping_pipeline | Fetching https://books.toscrape.com/catalogue/where-she-went-if-i-stay-2_417/index.html (attempt 1/3)
2026-10-06 21:19:09,975 | INFO | scraping_pipeline | Fetching https://books.toscrape.com/catalogue/what-if-serious-scientific-answers-to-absurd-hypothetical-questions_416/index.html (attempt 1/3)
2026-10-06 21:19:10,396 | INFO | scraping_pipeline | Fetching https://books.toscrape.com/catalogue/two-summers_415/index.html (attempt 1/3)
2026-10-06 21:19:10,799 | INFO | scraping_pipeline | Fetching https://books.toscrape.com/catalogue/this-is-your-brain-on-music-the-science-of-a-human-obsession_414/index.html (attempt 1/3)
2026-10-06 21:19:11,208 | INFO | scraping_pipeline | Fetching https://books.toscrape.com/catalogue/the-secret-garden_413/index.html (attempt 1/3)
2026-10-06 21:19:11,547 | INFO | scraping_pipeline | Fetching https://books.toscrape.com/catalogue/the-raven-king-the-raven-cycle-4_412/index.html (attempt 1/3)
2026-10-06 21:19:11,885 | INFO | scraping_pipeline | Fetching https://books.toscrape.com/catalogue/the-raven-boys-the-raven-cycle-1_411/index.html (attempt 1/3)
2026-10-06 21:19:12,443 | INFO | scraping_pipeline | Fetching https://books.toscrape.com/catalogue/the-power-greens-cookbook-140-delicious-superfood-recipes_410/index.html (attempt 1/3)
2026-10-06 21:19:12,849 | INFO | scraping_pipeline | Fetching https://books.toscrape.com/catalogue/the-metamorphosis_409/index.html (attempt 1/3)
2026-10-06 21:19:13,247 | INFO | scraping_pipeline | Fetching https://books.toscrape.com/catalogue/the-mathews-men-seven-brothers-and-the-war-against-hitlers-u-boats_408/index.html (attempt 1/3)
2026-10-06 21:19:13,668 | INFO | scraping_pipeline | Fetching https://books.toscrape.com/catalogue/the-little-paris-bookshop_407/index.html (attempt 1/3)
2026-10-06 21:19:14,075 | INFO | scraping_pipeline | Fetching https://books.toscrape.com/catalogue/the-hiding-place_406/index.html (attempt 1/3)
2026-10-06 21:19:14,487 | INFO | scraping_pipeline | Fetching https://books.toscrape.com/catalogue/the-grand-design_405/index.html (attempt 1/3)
2026-10-06 21:19:14,864 | INFO | scraping_pipeline | Fetching https://books.toscrape.com/catalogue/the-firm_404/index.html (attempt 1/3)
2026-10-06 21:19:15,226 | INFO | scraping_pipeline | Fetching https://books.toscrape.com/catalogue/the-fault-in-our-stars_403/index.html (attempt 1/3)
2026-10-06 21:19:15,564 | INFO | scraping_pipeline | Fetching https://books.toscrape.com/catalogue/the-false-prince-the-ascendance-trilogy-1_402/index.html (attempt 1/3)
2026-10-06 21:19:15,919 | INFO | scraping_pipeline | Fetching https://books.toscrape.com/catalogue/the-expatriates_401/index.html (attempt 1/3)
2026-10-06 21:19:16,296 | INFO | scraping_pipeline | Scraping listing page: https://books.toscrape.com/catalogue/page-31.html
2026-10-06 21:19:16,296 | INFO | scraping_pipeline | Fetching https://books.toscrape.com/catalogue/page-31.html (attempt 1/3)
2026-10-06 21:19:17,173 | INFO | scraping_pipeline | Fetching https://books.toscrape.com/catalogue/the-dream-thieves-the-raven-cycle-2_400/index.html (attempt 1/3)
2026-10-06 21:19:17,562 | INFO | scraping_pipeline | Fetching https://books.toscrape.com/catalogue/the-darkest-corners_399/index.html (attempt 1/3)
2026-10-06 21:19:17,891 | INFO | scraping_pipeline | Fetching https://books.toscrape.com/catalogue/the-crossover_398/index.html (attempt 1/3)
2026-10-06 21:19:18,274 | INFO | scraping_pipeline | Fetching https://books.toscrape.com/catalogue/the-5th-wave-the-5th-wave-1_397/index.html (attempt 1/3)
2026-10-06 21:19:18,684 | INFO | scraping_pipeline | Fetching https://books.toscrape.com/catalogue/tell-the-wind-and-fire_396/index.html (attempt 1/3)
2026-10-06 21:19:19,096 | INFO | scraping_pipeline | Fetching https://books.toscrape.com/catalogue/tell-me-three-things_395/index.html (attempt 1/3)
2026-10-06 21:19:19,503 | INFO | scraping_pipeline | Fetching https://books.toscrape.com/catalogue/talking-to-girls-about-duran-duran-one-young-mans-quest-for-true-love-and-a-cooler-haircut_394/index.html (attempt 1/3)
2026-10-06 21:19:19,914 | INFO | scraping_pipeline | Fetching https://books.toscrape.com/catalogue/siddhartha_393/index.html (attempt 1/3)
2026-10-06 21:19:20,323 | INFO | scraping_pipeline | Fetching https://books.toscrape.com/catalogue/shiver-the-wolves-of-mercy-falls-1_392/index.html (attempt 1/3)
2026-10-06 21:19:20,739 | INFO | scraping_pipeline | Fetching https://books.toscrape.com/catalogue/remember-me_391/index.html (attempt 1/3)
2026-10-06 21:19:21,143 | INFO | scraping_pipeline | Fetching https://books.toscrape.com/catalogue/red-dragon-hannibal-lecter-1_390/index.html (attempt 1/3)
2026-10-06 21:19:21,595 | INFO | scraping_pipeline | Fetching https://books.toscrape.com/catalogue/peak-secrets-from-the-new-science-of-expertise_389/index.html (attempt 1/3)
2026-10-06 21:19:21,968 | INFO | scraping_pipeline | Fetching https://books.toscrape.com/catalogue/my-mother-was-nuts_388/index.html (attempt 1/3)
2026-10-06 21:19:22,377 | INFO | scraping_pipeline | Fetching https://books.toscrape.com/catalogue/mexican-today-new-and-rediscovered-recipes-for-contemporary-kitchens_387/index.html (attempt 1/3)
2026-10-06 21:19:22,780 | INFO | scraping_pipeline | Fetching https://books.toscrape.com/catalogue/maybe-something-beautiful-how-art-transformed-a-neighborhood_386/index.html (attempt 1/3)
2026-10-06 21:19:23,194 | INFO | scraping_pipeline | Fetching https://books.toscrape.com/catalogue/lola-and-the-boy-next-door-anna-and-the-french-kiss-2_385/index.html (attempt 1/3)
2026-10-06 21:19:23,600 | INFO | scraping_pipeline | Fetching https://books.toscrape.com/catalogue/logan-kade-fallen-crest-high-55_384/index.html (attempt 1/3)
2026-10-06 21:19:23,941 | INFO | scraping_pipeline | Fetching https://books.toscrape.com/catalogue/last-one-home-new-beginnings-1_383/index.html (attempt 1/3)
2026-10-06 21:19:24,314 | INFO | scraping_pipeline | Fetching https://books.toscrape.com/catalogue/killing-floor-jack-reacher-1_382/index.html (attempt 1/3)
2026-10-06 21:19:24,714 | INFO | scraping_pipeline | Fetching https://books.toscrape.com/catalogue/kill-the-boy-band_381/index.html (attempt 1/3)
2026-10-06 21:19:25,084 | INFO | scraping_pipeline | Scraping listing page: https://books.toscrape.com/catalogue/page-32.html
2026-10-06 21:19:25,084 | INFO | scraping_pipeline | Fetching https://books.toscrape.com/catalogue/page-32.html (attempt 1/3)
2026-10-06 21:19:26,286 | INFO | scraping_pipeline | Fetching https://books.toscrape.com/catalogue/isla-and-the-happily-ever-after-anna-and-the-french-kiss-3_380/index.html (attempt 1/3)
2026-10-06 21:19:26,621 | INFO | scraping_pipeline | Fetching https://books.toscrape.com/catalogue/if-i-stay-if-i-stay-1_379/index.html (attempt 1/3)
2026-10-06 21:19:26,985 | INFO | scraping_pipeline | Fetching https://books.toscrape.com/catalogue/i-know-why-the-caged-bird-sings-maya-angelous-autobiography-1_378/index.html (attempt 1/3)
2026-10-06 21:19:27,337 | INFO | scraping_pipeline | Fetching https://books.toscrape.com/catalogue/harry-potter-and-the-deathly-hallows-harry-potter-7_377/index.html (attempt 1/3)
2026-10-06 21:19:27,696 | INFO | scraping_pipeline | Fetching https://books.toscrape.com/catalogue/fruits-basket-vol-5-fruits-basket-5_376/index.html (attempt 1/3)
2026-10-06 21:19:28,101 | INFO | scraping_pipeline | Fetching https://books.toscrape.com/catalogue/foundation-foundation-publication-order-1_375/index.html (attempt 1/3)
2026-10-06 21:19:28,516 | INFO | scraping_pipeline | Fetching https://books.toscrape.com/catalogue/fool-me-once_374/index.html (attempt 1/3)
2026-10-06 21:19:28,882 | INFO | scraping_pipeline | Fetching https://books.toscrape.com/catalogue/find-her-detective-dd-warren-8_373/index.html (attempt 1/3)
2026-10-06 21:19:29,232 | INFO | scraping_pipeline | Fetching https://books.toscrape.com/catalogue/evicted-poverty-and-profit-in-the-american-city_372/index.html (attempt 1/3)
2026-10-06 21:19:29,647 | INFO | scraping_pipeline | Fetching https://books.toscrape.com/catalogue/drama_371/index.html (attempt 1/3)
2026-10-06 21:19:30,056 | INFO | scraping_pipeline | Fetching https://books.toscrape.com/catalogue/dracula-the-un-dead_370/index.html (attempt 1/3)
2026-10-06 21:19:30,461 | INFO | scraping_pipeline | Fetching https://books.toscrape.com/catalogue/digital-fortress_369/index.html (attempt 1/3)
2026-10-06 21:19:30,871 | INFO | scraping_pipeline | Fetching https://books.toscrape.com/catalogue/death-note-vol-5-whiteout-death-note-5_368/index.html (attempt 1/3)
2026-10-06 21:19:31,276 | INFO | scraping_pipeline | Fetching https://books.toscrape.com/catalogue/data-a-love-story-how-i-gamed-online-dating-to-meet-my-match_367/index.html (attempt 1/3)
2026-10-06 21:19:31,690 | INFO | scraping_pipeline | Fetching https://books.toscrape.com/catalogue/critique-of-pure-reason_366/index.html (attempt 1/3)
2026-10-06 21:19:32,103 | INFO | scraping_pipeline | Fetching https://books.toscrape.com/catalogue/booked_365/index.html (attempt 1/3)
2026-10-06 21:19:32,508 | INFO | scraping_pipeline | Fetching https://books.toscrape.com/catalogue/blue-lily-lily-blue-the-raven-cycle-3_364/index.html (attempt 1/3)
2026-10-06 21:19:32,919 | INFO | scraping_pipeline | Fetching https://books.toscrape.com/catalogue/approval-junkie-adventures-in-caring-too-much_363/index.html (attempt 1/3)
2026-10-06 21:19:33,329 | INFO | scraping_pipeline | Fetching https://books.toscrape.com/catalogue/an-abundance-of-katherines_362/index.html (attempt 1/3)
2026-10-06 21:19:33,677 | INFO | scraping_pipeline | Fetching https://books.toscrape.com/catalogue/americas-war-for-the-greater-middle-east-a-military-history_361/index.html (attempt 1/3)
2026-10-06 21:19:34,494 | INFO | scraping_pipeline | Scraping listing page: https://books.toscrape.com/catalogue/page-33.html
2026-10-06 21:19:34,494 | INFO | scraping_pipeline | Fetching https://books.toscrape.com/catalogue/page-33.html (attempt 1/3)
2026-10-06 21:19:35,210 | INFO | scraping_pipeline | Fetching https://books.toscrape.com/catalogue/alight-the-generations-trilogy-2_360/index.html (attempt 1/3)
2026-10-06 21:19:35,558 | INFO | scraping_pipeline | Fetching https://books.toscrape.com/catalogue/a-girls-guide-to-moving-on-new-beginnings-2_359/index.html (attempt 1/3)
2026-10-06 21:19:35,898 | INFO | scraping_pipeline | Fetching https://books.toscrape.com/catalogue/a-game-of-thrones-a-song-of-ice-and-fire-1_358/index.html (attempt 1/3)
2026-10-06 21:19:36,306 | INFO | scraping_pipeline | Fetching https://books.toscrape.com/catalogue/a-feast-for-crows-a-song-of-ice-and-fire-4_357/index.html (attempt 1/3)
2026-10-06 21:19:36,707 | INFO | scraping_pipeline | Fetching https://books.toscrape.com/catalogue/a-clash-of-kings-a-song-of-ice-and-fire-2_356/index.html (attempt 1/3)
2026-10-06 21:19:37,119 | INFO | scraping_pipeline | Fetching https://books.toscrape.com/catalogue/vogue-colors-a-to-z-a-fashion-coloring-book_355/index.html (attempt 1/3)
2026-10-06 21:19:37,526 | INFO | scraping_pipeline | Fetching https://books.toscrape.com/catalogue/the-shining-the-shining-1_354/index.html (attempt 1/3)
2026-10-06 21:19:37,936 | INFO | scraping_pipeline | Fetching https://books.toscrape.com/catalogue/the-pilgrims-progress_353/index.html (attempt 1/3)
2026-10-06 21:19:38,270 | INFO | scraping_pipeline | Fetching https://books.toscrape.com/catalogue/the-perfect-play-play-by-play-1_352/index.html (attempt 1/3)
2026-10-06 21:19:38,619 | INFO | scraping_pipeline | Fetching https://books.toscrape.com/catalogue/the-passion-of-dolssa_351/index.html (attempt 1/3)
2026-10-06 21:19:38,959 | INFO | scraping_pipeline | Fetching https://books.toscrape.com/catalogue/the-jazz-of-physics-the-secret-link-between-music-and-the-structure-of-the-universe_350/index.html (attempt 1/3)
2026-10-06 21:19:39,363 | INFO | scraping_pipeline | Fetching https://books.toscrape.com/catalogue/the-hunger-games-the-hunger-games-1_349/index.html (attempt 1/3)
2026-10-06 21:19:39,786 | INFO | scraping_pipeline | Fetching https://books.toscrape.com/catalogue/the-hound-of-the-baskervilles-sherlock-holmes-5_348/index.html (attempt 1/3)
2026-10-06 21:19:40,186 | INFO | scraping_pipeline | Fetching https://books.toscrape.com/catalogue/the-gunning-of-america-business-and-the-making-of-american-gun-culture_347/index.html (attempt 1/3)
2026-10-06 21:19:40,599 | INFO | scraping_pipeline | Fetching https://books.toscrape.com/catalogue/the-geography-of-bliss-one-grumps-search-for-the-happiest-places-in-the-world_346/index.html (attempt 1/3)
2026-10-06 21:19:41,011 | INFO | scraping_pipeline | Fetching https://books.toscrape.com/catalogue/the-demonists-demonist-1_345/index.html (attempt 1/3)
2026-10-06 21:19:41,402 | INFO | scraping_pipeline | Fetching https://books.toscrape.com/catalogue/the-demon-prince-of-momochi-house-vol-4-the-demon-prince-of-momochi-house-4_344/index.html (attempt 1/3)
2026-10-06 21:19:41,752 | INFO | scraping_pipeline | Fetching https://books.toscrape.com/catalogue/the-bone-hunters-lexy-vaughan-steven-macaulay-2_343/index.html (attempt 1/3)
2026-10-06 21:19:42,137 | INFO | scraping_pipeline | Fetching https://books.toscrape.com/catalogue/the-beast-black-dagger-brotherhood-14_342/index.html (attempt 1/3)
2026-10-06 21:19:42,545 | INFO | scraping_pipeline | Fetching https://books.toscrape.com/catalogue/some-women_341/index.html (attempt 1/3)
2026-10-06 21:19:42,994 | INFO | scraping_pipeline | Scraping listing page: https://books.toscrape.com/catalogue/page-34.html
2026-10-06 21:19:42,995 | INFO | scraping_pipeline | Fetching https://books.toscrape.com/catalogue/page-34.html (attempt 1/3)
2026-10-06 21:19:43,773 | INFO | scraping_pipeline | Fetching https://books.toscrape.com/catalogue/shopaholic-ties-the-knot-shopaholic-3_340/index.html (attempt 1/3)
2026-10-06 21:19:44,189 | INFO | scraping_pipeline | Fetching https://books.toscrape.com/catalogue/paper-and-fire-the-great-library-2_339/index.html (attempt 1/3)
2026-10-06 21:19:44,592 | INFO | scraping_pipeline | Fetching https://books.toscrape.com/catalogue/outlander-outlander-1_338/index.html (attempt 1/3)
2026-10-06 21:19:44,925 | INFO | scraping_pipeline | Fetching https://books.toscrape.com/catalogue/orchestra-of-exiles-the-story-of-bronislaw-huberman-the-israel-philharmonic-and-the-one-thousand-jews-he-saved-from-nazi-horrors_337/index.html (attempt 1/3)
2026-10-06 21:19:45,308 | INFO | scraping_pipeline | Fetching https://books.toscrape.com/catalogue/no-one-here-gets-out-alive_336/index.html (attempt 1/3)
2026-10-06 21:19:45,716 | INFO | scraping_pipeline | Fetching https://books.toscrape.com/catalogue/night-shift-night-shift-1-20_335/index.html (attempt 1/3)
2026-10-06 21:19:46,131 | INFO | scraping_pipeline | Fetching https://books.toscrape.com/catalogue/needful-things_334/index.html (attempt 1/3)
2026-10-06 21:19:46,540 | INFO | scraping_pipeline | Fetching https://books.toscrape.com/catalogue/mockingjay-the-hunger-games-3_333/index.html (attempt 1/3)
2026-10-06 21:19:46,888 | INFO | scraping_pipeline | Fetching https://books.toscrape.com/catalogue/misery_332/index.html (attempt 1/3)
2026-10-06 21:19:47,253 | INFO | scraping_pipeline | Fetching https://books.toscrape.com/catalogue/little-women-little-women-1_331/index.html (attempt 1/3)
2026-10-06 21:19:47,664 | INFO | scraping_pipeline | Fetching https://books.toscrape.com/catalogue/it_330/index.html (attempt 1/3)
2026-10-06 21:19:48,077 | INFO | scraping_pipeline | Fetching https://books.toscrape.com/catalogue/harry-potter-and-the-sorcerers-stone-harry-potter-1_329/index.html (attempt 1/3)
2026-10-06 21:19:48,485 | INFO | scraping_pipeline | Fetching https://books.toscrape.com/catalogue/harry-potter-and-the-prisoner-of-azkaban-harry-potter-3_328/index.html (attempt 1/3)
2026-10-06 21:19:48,893 | INFO | scraping_pipeline | Fetching https://books.toscrape.com/catalogue/harry-potter-and-the-order-of-the-phoenix-harry-potter-5_327/index.html (attempt 1/3)
2026-10-06 21:19:49,303 | INFO | scraping_pipeline | Fetching https://books.toscrape.com/catalogue/harry-potter-and-the-half-blood-prince-harry-potter-6_326/index.html (attempt 1/3)
2026-10-06 21:19:49,712 | INFO | scraping_pipeline | Fetching https://books.toscrape.com/catalogue/harry-potter-and-the-chamber-of-secrets-harry-potter-2_325/index.html (attempt 1/3)
2026-10-06 21:19:50,125 | INFO | scraping_pipeline | Fetching https://books.toscrape.com/catalogue/gone-with-the-wind_324/index.html (attempt 1/3)
2026-10-06 21:19:50,472 | INFO | scraping_pipeline | Fetching https://books.toscrape.com/catalogue/god-is-not-great-how-religion-poisons-everything_323/index.html (attempt 1/3)
2026-10-06 21:19:50,812 | INFO | scraping_pipeline | Fetching https://books.toscrape.com/catalogue/girl-with-a-pearl-earring_322/index.html (attempt 1/3)
2026-10-06 21:19:51,146 | INFO | scraping_pipeline | Fetching https://books.toscrape.com/catalogue/fruits-basket-vol-4-fruits-basket-4_321/index.html (attempt 1/3)
2026-10-06 21:19:51,600 | INFO | scraping_pipeline | Scraping listing page: https://books.toscrape.com/catalogue/page-35.html
2026-10-06 21:19:51,600 | INFO | scraping_pipeline | Fetching https://books.toscrape.com/catalogue/page-35.html (attempt 1/3)
2026-10-06 21:19:52,379 | INFO | scraping_pipeline | Fetching https://books.toscrape.com/catalogue/far-from-true-promise-falls-trilogy-2_320/index.html (attempt 1/3)
2026-10-06 21:19:52,776 | INFO | scraping_pipeline | Fetching https://books.toscrape.com/catalogue/dark-lover-black-dagger-brotherhood-1_319/index.html (attempt 1/3)
2026-10-06 21:19:53,195 | INFO | scraping_pipeline | Fetching https://books.toscrape.com/catalogue/confessions-of-a-shopaholic-shopaholic-1_318/index.html (attempt 1/3)
2026-10-06 21:19:53,543 | INFO | scraping_pipeline | Fetching https://books.toscrape.com/catalogue/changing-the-game-play-by-play-2_317/index.html (attempt 1/3)
2026-10-06 21:19:53,923 | INFO | scraping_pipeline | Fetching https://books.toscrape.com/catalogue/candide_316/index.html (attempt 1/3)
2026-10-06 21:19:54,320 | INFO | scraping_pipeline | Fetching https://books.toscrape.com/catalogue/can-you-keep-a-secret_315/index.html (attempt 1/3)
2026-10-06 21:19:54,650 | INFO | scraping_pipeline | Fetching https://books.toscrape.com/catalogue/atlas-shrugged_314/index.html (attempt 1/3)
2026-10-06 21:19:55,004 | INFO | scraping_pipeline | Fetching https://books.toscrape.com/catalogue/animal-farm_313/index.html (attempt 1/3)
2026-10-06 21:19:55,361 | INFO | scraping_pipeline | Fetching https://books.toscrape.com/catalogue/a-walk-to-remember_312/index.html (attempt 1/3)
2026-10-06 21:19:55,752 | INFO | scraping_pipeline | Fetching https://books.toscrape.com/catalogue/a-new-earth-awakening-to-your-lifes-purpose_311/index.html (attempt 1/3)
2026-10-06 21:19:56,082 | INFO | scraping_pipeline | Fetching https://books.toscrape.com/catalogue/a-history-of-god-the-4000-year-quest-of-judaism-christianity-and-islam_310/index.html (attempt 1/3)
2026-10-06 21:19:56,476 | INFO | scraping_pipeline | Fetching https://books.toscrape.com/catalogue/salems-lot_309/index.html (attempt 1/3)
2026-10-06 21:19:56,817 | INFO | scraping_pipeline | Fetching https://books.toscrape.com/catalogue/zero-history-blue-ant-3_308/index.html (attempt 1/3)
2026-10-06 21:19:57,187 | INFO | scraping_pipeline | Fetching https://books.toscrape.com/catalogue/wuthering-heights_307/index.html (attempt 1/3)
2026-10-06 21:19:57,598 | INFO | scraping_pipeline | Fetching https://books.toscrape.com/catalogue/world-war-z-an-oral-history-of-the-zombie-war_306/index.html (attempt 1/3)
2026-10-06 21:19:58,010 | INFO | scraping_pipeline | Fetching https://books.toscrape.com/catalogue/wild-from-lost-to-found-on-the-pacific-crest-trail_305/index.html (attempt 1/3)
2026-10-06 21:19:58,522 | INFO | scraping_pipeline | Fetching https://books.toscrape.com/catalogue/whered-you-go-bernadette_304/index.html (attempt 1/3)
2026-10-06 21:19:58,855 | INFO | scraping_pipeline | Fetching https://books.toscrape.com/catalogue/when-you-are-engulfed-in-flames_303/index.html (attempt 1/3)
2026-10-06 21:19:59,236 | INFO | scraping_pipeline | Fetching https://books.toscrape.com/catalogue/we-the-people-the-modern-day-figures-who-have-reshaped-and-affirmed-the-founding-fathers-vision-of-america_302/index.html (attempt 1/3)
2026-10-06 21:19:59,647 | INFO | scraping_pipeline | Fetching https://books.toscrape.com/catalogue/we-are-all-completely-beside-ourselves_301/index.html (attempt 1/3)
2026-10-06 21:20:00,113 | INFO | scraping_pipeline | Scraping listing page: https://books.toscrape.com/catalogue/page-36.html
2026-10-06 21:20:00,114 | INFO | scraping_pipeline | Fetching https://books.toscrape.com/catalogue/page-36.html (attempt 1/3)
2026-10-06 21:20:00,881 | INFO | scraping_pipeline | Fetching https://books.toscrape.com/catalogue/walk-the-edge-thunder-road-2_300/index.html (attempt 1/3)
2026-10-06 21:20:01,289 | INFO | scraping_pipeline | Fetching https://books.toscrape.com/catalogue/voyager-outlander-3_299/index.html (attempt 1/3)
2026-10-06 21:20:01,693 | INFO | scraping_pipeline | Fetching https://books.toscrape.com/catalogue/very-good-lives-the-fringe-benefits-of-failure-and-the-importance-of-imagination_298/index.html (attempt 1/3)
2026-10-06 21:20:02,088 | INFO | scraping_pipeline | Fetching https://books.toscrape.com/catalogue/vegan-vegetarian-omnivore-dinner-for-everyone-at-the-table_297/index.html (attempt 1/3)
2026-10-06 21:20:02,435 | INFO | scraping_pipeline | Fetching https://books.toscrape.com/catalogue/unstuffed-decluttering-your-home-mind-and-soul_296/index.html (attempt 1/3)
2026-10-06 21:20:02,760 | INFO | scraping_pipeline | Fetching https://books.toscrape.com/catalogue/under-the-banner-of-heaven-a-story-of-violent-faith_295/index.html (attempt 1/3)
2026-10-06 21:20:03,129 | INFO | scraping_pipeline | Fetching https://books.toscrape.com/catalogue/two-boys-kissing_294/index.html (attempt 1/3)
2026-10-06 21:20:03,536 | INFO | scraping_pipeline | Fetching https://books.toscrape.com/catalogue/twilight-twilight-1_293/index.html (attempt 1/3)
2026-10-06 21:20:03,947 | INFO | scraping_pipeline | Fetching https://books.toscrape.com/catalogue/twenties-girl_292/index.html (attempt 1/3)
2026-10-06 21:20:04,335 | INFO | scraping_pipeline | Fetching https://books.toscrape.com/catalogue/trespassing-across-america-one-mans-epic-never-done-before-and-sort-of-illegal-hike-across-the-heartland_291/index.html (attempt 1/3)
2026-10-06 21:20:04,663 | INFO | scraping_pipeline | Fetching https://books.toscrape.com/catalogue/three-martini-lunch_290/index.html (attempt 1/3)
2026-10-06 21:20:04,997 | INFO | scraping_pipeline | Fetching https://books.toscrape.com/catalogue/thinking-fast-and-slow_289/index.html (attempt 1/3)
2026-10-06 21:20:05,341 | INFO | scraping_pipeline | Fetching https://books.toscrape.com/catalogue/the-wild-robot_288/index.html (attempt 1/3)
2026-10-06 21:20:05,687 | INFO | scraping_pipeline | Fetching https://books.toscrape.com/catalogue/the-wicked-the-divine-vol-3-commercial-suicide-the-wicked-the-divine_287/index.html (attempt 1/3)
2026-10-06 21:20:06,099 | INFO | scraping_pipeline | Fetching https://books.toscrape.com/catalogue/the-undomestic-goddess_286/index.html (attempt 1/3)
2026-10-06 21:20:06,446 | INFO | scraping_pipeline | Fetching https://books.toscrape.com/catalogue/the-travelers_285/index.html (attempt 1/3)
2026-10-06 21:20:06,818 | INFO | scraping_pipeline | Fetching https://books.toscrape.com/catalogue/the-tipping-point-how-little-things-can-make-a-big-difference_284/index.html (attempt 1/3)
2026-10-06 21:20:07,223 | INFO | scraping_pipeline | Fetching https://books.toscrape.com/catalogue/the-thing-about-jellyfish_283/index.html (attempt 1/3)
2026-10-06 21:20:07,632 | INFO | scraping_pipeline | Fetching https://books.toscrape.com/catalogue/the-stand_282/index.html (attempt 1/3)
2026-10-06 21:20:08,044 | INFO | scraping_pipeline | Fetching https://books.toscrape.com/catalogue/the-smitten-kitchen-cookbook_281/index.html (attempt 1/3)
2026-10-06 21:20:08,484 | INFO | scraping_pipeline | Scraping listing page: https://books.toscrape.com/catalogue/page-37.html
2026-10-06 21:20:08,484 | INFO | scraping_pipeline | Fetching https://books.toscrape.com/catalogue/page-37.html (attempt 1/3)
2026-10-06 21:20:09,296 | INFO | scraping_pipeline | Fetching https://books.toscrape.com/catalogue/the-silkworm-cormoran-strike-2_280/index.html (attempt 1/3)
2026-10-06 21:20:09,683 | INFO | scraping_pipeline | Fetching https://books.toscrape.com/catalogue/the-sandman-vol-3-dream-country-the-sandman-volumes-3_279/index.html (attempt 1/3)
2026-10-06 21:20:10,091 | INFO | scraping_pipeline | Fetching https://books.toscrape.com/catalogue/the-rose-the-dagger-the-wrath-and-the-dawn-2_278/index.html (attempt 1/3)
2026-10-06 21:20:10,500 | INFO | scraping_pipeline | Fetching https://books.toscrape.com/catalogue/the-road-to-little-dribbling-adventures-of-an-american-in-britain-notes-from-a-small-island-2_277/index.html (attempt 1/3)
2026-10-06 21:20:10,877 | INFO | scraping_pipeline | Fetching https://books.toscrape.com/catalogue/the-rise-of-theodore-roosevelt-theodore-roosevelt-1_276/index.html (attempt 1/3)
2026-10-06 21:20:11,389 | INFO | scraping_pipeline | Fetching https://books.toscrape.com/catalogue/the-restaurant-at-the-end-of-the-universe-hitchhikers-guide-to-the-galaxy-2_275/index.html (attempt 1/3)
2026-10-06 21:20:11,732 | INFO | scraping_pipeline | Fetching https://books.toscrape.com/catalogue/the-rest-is-noise-listening-to-the-twentieth-century_274/index.html (attempt 1/3)
2026-10-06 21:20:12,143 | INFO | scraping_pipeline | Fetching https://books.toscrape.com/catalogue/the-red-tent_273/index.html (attempt 1/3)
2026-10-06 21:20:12,548 | INFO | scraping_pipeline | Fetching https://books.toscrape.com/catalogue/the-purpose-driven-life-what-on-earth-am-i-here-for_272/index.html (attempt 1/3)
2026-10-06 21:20:12,951 | INFO | scraping_pipeline | Fetching https://books.toscrape.com/catalogue/the-purest-hook-second-circle-tattoos-3_271/index.html (attempt 1/3)
2026-10-06 21:20:13,368 | INFO | scraping_pipeline | Fetching https://books.toscrape.com/catalogue/the-picture-of-dorian-gray_270/index.html (attempt 1/3)
2026-10-06 21:20:13,779 | INFO | scraping_pipeline | Fetching https://books.toscrape.com/catalogue/the-paris-wife_269/index.html (attempt 1/3)
2026-10-06 21:20:14,186 | INFO | scraping_pipeline | Fetching https://books.toscrape.com/catalogue/the-obsession_268/index.html (attempt 1/3)
2026-10-06 21:20:14,597 | INFO | scraping_pipeline | Fetching https://books.toscrape.com/catalogue/the-nightingale_267/index.html (attempt 1/3)
2026-10-06 21:20:14,940 | INFO | scraping_pipeline | Fetching https://books.toscrape.com/catalogue/the-new-guy-and-other-senior-year-distractions_266/index.html (attempt 1/3)
2026-10-06 21:20:15,281 | INFO | scraping_pipeline | Fetching https://books.toscrape.com/catalogue/the-nanny-diaries-nanny-1_265/index.html (attempt 1/3)
2026-10-06 21:20:15,640 | INFO | scraping_pipeline | Fetching https://books.toscrape.com/catalogue/the-name-of-god-is-mercy_264/index.html (attempt 1/3)
2026-10-06 21:20:16,018 | INFO | scraping_pipeline | Fetching https://books.toscrape.com/catalogue/the-maze-runner-the-maze-runner-1_263/index.html (attempt 1/3)
2026-10-06 21:20:16,358 | INFO | scraping_pipeline | Fetching https://books.toscrape.com/catalogue/the-lovers-dictionary_262/index.html (attempt 1/3)
2026-10-06 21:20:16,748 | INFO | scraping_pipeline | Fetching https://books.toscrape.com/catalogue/the-lonely-ones_261/index.html (attempt 1/3)
2026-10-06 21:20:17,183 | INFO | scraping_pipeline | Scraping listing page: https://books.toscrape.com/catalogue/page-38.html
2026-10-06 21:20:17,183 | INFO | scraping_pipeline | Fetching https://books.toscrape.com/catalogue/page-38.html (attempt 1/3)
2026-10-06 21:20:18,306 | INFO | scraping_pipeline | Fetching https://books.toscrape.com/catalogue/the-lean-startup-how-todays-entrepreneurs-use-continuous-innovation-to-create-radically-successful-businesses_260/index.html (attempt 1/3)
2026-10-06 21:20:18,648 | INFO | scraping_pipeline | Fetching https://books.toscrape.com/catalogue/the-last-painting-of-sara-de-vos_259/index.html (attempt 1/3)
2026-10-06 21:20:19,054 | INFO | scraping_pipeline | Fetching https://books.toscrape.com/catalogue/the-land-of-10000-madonnas_258/index.html (attempt 1/3)
2026-10-06 21:20:19,412 | INFO | scraping_pipeline | Fetching https://books.toscrape.com/catalogue/the-infinities_257/index.html (attempt 1/3)
2026-10-06 21:20:19,752 | INFO | scraping_pipeline | Fetching https://books.toscrape.com/catalogue/the-husbands-secret_256/index.html (attempt 1/3)
2026-10-06 21:20:20,125 | INFO | scraping_pipeline | Fetching https://books.toscrape.com/catalogue/the-hitchhikers-guide-to-the-galaxy-hitchhikers-guide-to-the-galaxy-1_255/index.html (attempt 1/3)
2026-10-06 21:20:20,535 | INFO | scraping_pipeline | Fetching https://books.toscrape.com/catalogue/the-guns-of-august_254/index.html (attempt 1/3)
2026-10-06 21:20:20,948 | INFO | scraping_pipeline | Fetching https://books.toscrape.com/catalogue/the-guernsey-literary-and-potato-peel-pie-society_253/index.html (attempt 1/3)
2026-10-06 21:20:21,356 | INFO | scraping_pipeline | Fetching https://books.toscrape.com/catalogue/the-goldfinch_252/index.html (attempt 1/3)
2026-10-06 21:20:21,766 | INFO | scraping_pipeline | Fetching https://books.toscrape.com/catalogue/the-giver-the-giver-quartet-1_251/index.html (attempt 1/3)
2026-10-06 21:20:22,164 | INFO | scraping_pipeline | Fetching https://books.toscrape.com/catalogue/the-girl-with-all-the-gifts_250/index.html (attempt 1/3)
2026-10-06 21:20:22,583 | INFO | scraping_pipeline | Fetching https://books.toscrape.com/catalogue/the-girl-who-played-with-fire-millennium-trilogy-2_249/index.html (attempt 1/3)
2026-10-06 21:20:22,996 | INFO | scraping_pipeline | Fetching https://books.toscrape.com/catalogue/the-girl-who-kicked-the-hornets-nest-millennium-trilogy-3_248/index.html (attempt 1/3)
2026-10-06 21:20:23,389 | INFO | scraping_pipeline | Fetching https://books.toscrape.com/catalogue/the-exiled_247/index.html (attempt 1/3)
2026-10-06 21:20:23,736 | INFO | scraping_pipeline | Fetching https://books.toscrape.com/catalogue/the-end-of-faith-religion-terror-and-the-future-of-reason_246/index.html (attempt 1/3)
2026-10-06 21:20:24,120 | INFO | scraping_pipeline | Fetching https://books.toscrape.com/catalogue/the-elegant-universe-superstrings-hidden-dimensions-and-the-quest-for-the-ultimate-theory_245/index.html (attempt 1/3)
2026-10-06 21:20:24,455 | INFO | scraping_pipeline | Fetching https://books.toscrape.com/catalogue/the-disappearing-spoon-and-other-true-tales-of-madness-love-and-the-history-of-the-world-from-the-periodic-table-of-the-elements_244/index.html (attempt 1/3)
2026-10-06 21:20:24,839 | INFO | scraping_pipeline | Fetching https://books.toscrape.com/catalogue/the-devil-wears-prada-the-devil-wears-prada-1_243/index.html (attempt 1/3)
2026-10-06 21:20:25,245 | INFO | scraping_pipeline | Fetching https://books.toscrape.com/catalogue/the-demon-haunted-world-science-as-a-candle-in-the-dark_242/index.html (attempt 1/3)
2026-10-06 21:20:25,656 | INFO | scraping_pipeline | Fetching https://books.toscrape.com/catalogue/the-day-the-crayons-came-home-crayons_241/index.html (attempt 1/3)
2026-10-06 21:20:26,102 | INFO | scraping_pipeline | Scraping listing page: https://books.toscrape.com/catalogue/page-39.html
2026-10-06 21:20:26,102 | INFO | scraping_pipeline | Fetching https://books.toscrape.com/catalogue/page-39.html (attempt 1/3)
2026-10-06 21:20:26,860 | INFO | scraping_pipeline | Fetching https://books.toscrape.com/catalogue/the-da-vinci-code-robert-langdon-2_240/index.html (attempt 1/3)
2026-10-06 21:20:27,201 | INFO | scraping_pipeline | Fetching https://books.toscrape.com/catalogue/the-cuckoos-calling-cormoran-strike-1_239/index.html (attempt 1/3)
2026-10-06 21:20:27,602 | INFO | scraping_pipeline | Fetching https://books.toscrape.com/catalogue/the-complete-stories-and-poems-the-works-of-edgar-allan-poe-cameo-edition_238/index.html (attempt 1/3)
2026-10-06 21:20:27,998 | INFO | scraping_pipeline | Fetching https://books.toscrape.com/catalogue/the-complete-poems_237/index.html (attempt 1/3)
2026-10-06 21:20:28,328 | INFO | scraping_pipeline | Fetching https://books.toscrape.com/catalogue/the-catcher-in-the-rye_236/index.html (attempt 1/3)
2026-10-06 21:20:28,728 | INFO | scraping_pipeline | Fetching https://books.toscrape.com/catalogue/the-cat-in-the-hat-beginner-books-b-1_235/index.html (attempt 1/3)
2026-10-06 21:20:29,140 | INFO | scraping_pipeline | Fetching https://books.toscrape.com/catalogue/the-case-for-christ-cases-for-christianity_234/index.html (attempt 1/3)
2026-10-06 21:20:29,551 | INFO | scraping_pipeline | Fetching https://books.toscrape.com/catalogue/the-book-thief_233/index.html (attempt 1/3)
2026-10-06 21:20:29,894 | INFO | scraping_pipeline | Fetching https://books.toscrape.com/catalogue/the-book-of-basketball-the-nba-according-to-the-sports-guy_232/index.html (attempt 1/3)
2026-10-06 21:20:30,260 | INFO | scraping_pipeline | Fetching https://books.toscrape.com/catalogue/the-blind-side-evolution-of-a-game_231/index.html (attempt 1/3)
2026-10-06 21:20:30,660 | INFO | scraping_pipeline | Fetching https://books.toscrape.com/catalogue/the-autobiography-of-malcolm-x_230/index.html (attempt 1/3)
2026-10-06 21:20:31,075 | INFO | scraping_pipeline | Fetching https://books.toscrape.com/catalogue/the-art-of-simple-food-notes-lessons-and-recipes-from-a-delicious-revolution_229/index.html (attempt 1/3)
2026-10-06 21:20:31,501 | INFO | scraping_pipeline | Fetching https://books.toscrape.com/catalogue/the-art-of-fielding_228/index.html (attempt 1/3)
2026-10-06 21:20:31,904 | INFO | scraping_pipeline | Fetching https://books.toscrape.com/catalogue/surely-youre-joking-mr-feynman-adventures-of-a-curious-character_227/index.html (attempt 1/3)
2026-10-06 21:20:32,317 | INFO | scraping_pipeline | Fetching https://books.toscrape.com/catalogue/stiff-the-curious-lives-of-human-cadavers_226/index.html (attempt 1/3)
2026-10-06 21:20:32,723 | INFO | scraping_pipeline | Fetching https://books.toscrape.com/catalogue/spilled-milk-based-on-a-true-story_225/index.html (attempt 1/3)
2026-10-06 21:20:33,130 | INFO | scraping_pipeline | Fetching https://books.toscrape.com/catalogue/something-borrowed-darcy-rachel-1_224/index.html (attempt 1/3)
2026-10-06 21:20:33,549 | INFO | scraping_pipeline | Fetching https://books.toscrape.com/catalogue/something-blue-darcy-rachel-2_223/index.html (attempt 1/3)
2026-10-06 21:20:33,954 | INFO | scraping_pipeline | Fetching https://books.toscrape.com/catalogue/soldier-talon-3_222/index.html (attempt 1/3)
2026-10-06 21:20:34,364 | INFO | scraping_pipeline | Fetching https://books.toscrape.com/catalogue/shopaholic-baby-shopaholic-5_221/index.html (attempt 1/3)
2026-10-06 21:20:34,815 | INFO | scraping_pipeline | Scraping listing page: https://books.toscrape.com/catalogue/page-40.html
2026-10-06 21:20:34,815 | INFO | scraping_pipeline | Fetching https://books.toscrape.com/catalogue/page-40.html (attempt 1/3)
2026-10-06 21:20:35,523 | INFO | scraping_pipeline | Fetching https://books.toscrape.com/catalogue/seven-days-in-the-art-world_220/index.html (attempt 1/3)
2026-10-06 21:20:35,858 | INFO | scraping_pipeline | Fetching https://books.toscrape.com/catalogue/seven-brief-lessons-on-physics_219/index.html (attempt 1/3)
2026-10-06 21:20:36,208 | INFO | scraping_pipeline | Fetching https://books.toscrape.com/catalogue/scarlet-the-lunar-chronicles-2_218/index.html (attempt 1/3)
2026-10-06 21:20:36,602 | INFO | scraping_pipeline | Fetching https://books.toscrape.com/catalogue/sarahs-key_217/index.html (attempt 1/3)
2026-10-06 21:20:37,025 | INFO | scraping_pipeline | Fetching https://books.toscrape.com/catalogue/saga-volume-3-saga-collected-editions-3_216/index.html (attempt 1/3)
2026-10-06 21:20:37,432 | INFO | scraping_pipeline | Fetching https://books.toscrape.com/catalogue/running-with-scissors_215/index.html (attempt 1/3)
2026-10-06 21:20:37,842 | INFO | scraping_pipeline | Fetching https://books.toscrape.com/catalogue/rogue-lawyer-rogue-lawyer-1_214/index.html (attempt 1/3)
2026-10-06 21:20:38,252 | INFO | scraping_pipeline | Fetching https://books.toscrape.com/catalogue/rise-of-the-rocket-girls-the-women-who-propelled-us-from-missiles-to-the-moon-to-mars_213/index.html (attempt 1/3)
2026-10-06 21:20:38,684 | INFO | scraping_pipeline | Fetching https://books.toscrape.com/catalogue/rework_212/index.html (attempt 1/3)
2026-10-06 21:20:39,063 | INFO | scraping_pipeline | Fetching https://books.toscrape.com/catalogue/reservations-for-two_211/index.html (attempt 1/3)
2026-10-06 21:20:39,481 | INFO | scraping_pipeline | Fetching https://books.toscrape.com/catalogue/red-the-true-story-of-red-riding-hood_210/index.html (attempt 1/3)
2026-10-06 21:20:39,800 | INFO | scraping_pipeline | Fetching https://books.toscrape.com/catalogue/ready-player-one_209/index.html (attempt 1/3)
2026-10-06 21:20:40,198 | INFO | scraping_pipeline | Fetching https://books.toscrape.com/catalogue/quiet-the-power-of-introverts-in-a-world-that-cant-stop-talking_208/index.html (attempt 1/3)
2026-10-06 21:20:40,615 | INFO | scraping_pipeline | Fetching https://books.toscrape.com/catalogue/prodigy-the-graphic-novel-legend-the-graphic-novel-2_207/index.html (attempt 1/3)
2026-10-06 21:20:41,015 | INFO | scraping_pipeline | Fetching https://books.toscrape.com/catalogue/persepolis-the-story-of-a-childhood-persepolis-1-2_206/index.html (attempt 1/3)
2026-10-06 21:20:41,391 | INFO | scraping_pipeline | Fetching https://books.toscrape.com/catalogue/packing-for-mars-the-curious-science-of-life-in-the-void_205/index.html (attempt 1/3)
2026-10-06 21:20:41,887 | INFO | scraping_pipeline | Fetching https://books.toscrape.com/catalogue/outliers-the-story-of-success_204/index.html (attempt 1/3)
2026-10-06 21:20:42,245 | INFO | scraping_pipeline | Fetching https://books.toscrape.com/catalogue/original-fake_203/index.html (attempt 1/3)
2026-10-06 21:20:42,658 | INFO | scraping_pipeline | Fetching https://books.toscrape.com/catalogue/orange-is-the-new-black_202/index.html (attempt 1/3)
2026-10-06 21:20:43,063 | INFO | scraping_pipeline | Fetching https://books.toscrape.com/catalogue/one-for-the-money-stephanie-plum-1_201/index.html (attempt 1/3)
2026-10-06 21:20:43,510 | INFO | scraping_pipeline | Scraping listing page: https://books.toscrape.com/catalogue/page-41.html
2026-10-06 21:20:43,511 | INFO | scraping_pipeline | Fetching https://books.toscrape.com/catalogue/page-41.html (attempt 1/3)
2026-10-06 21:20:44,320 | INFO | scraping_pipeline | Fetching https://books.toscrape.com/catalogue/notes-from-a-small-island-notes-from-a-small-island-1_200/index.html (attempt 1/3)
2026-10-06 21:20:44,701 | INFO | scraping_pipeline | Fetching https://books.toscrape.com/catalogue/night-the-night-trilogy-1_199/index.html (attempt 1/3)
2026-10-06 21:20:45,040 | INFO | scraping_pipeline | Fetching https://books.toscrape.com/catalogue/neither-here-nor-there-travels-in-europe_198/index.html (attempt 1/3)
2026-10-06 21:20:45,394 | INFO | scraping_pipeline | Fetching https://books.toscrape.com/catalogue/naked_197/index.html (attempt 1/3)
2026-10-06 21:20:45,831 | INFO | scraping_pipeline | Fetching https://books.toscrape.com/catalogue/morning-star-red-rising-3_196/index.html (attempt 1/3)
2026-10-06 21:20:46,244 | INFO | scraping_pipeline | Fetching https://books.toscrape.com/catalogue/miracles-from-heaven-a-little-girl-her-journey-to-heaven-and-her-amazing-story-of-healing_195/index.html (attempt 1/3)
2026-10-06 21:20:46,634 | INFO | scraping_pipeline | Fetching https://books.toscrape.com/catalogue/midnight-riot-peter-grant-rivers-of-london-books-1_194/index.html (attempt 1/3)
2026-10-06 21:20:46,954 | INFO | scraping_pipeline | Fetching https://books.toscrape.com/catalogue/me-talk-pretty-one-day_193/index.html (attempt 1/3)
2026-10-06 21:20:47,371 | INFO | scraping_pipeline | Fetching https://books.toscrape.com/catalogue/manuscript-found-in-accra_192/index.html (attempt 1/3)
2026-10-06 21:20:47,781 | INFO | scraping_pipeline | Fetching https://books.toscrape.com/catalogue/lust-wonder_191/index.html (attempt 1/3)
2026-10-06 21:20:48,182 | INFO | scraping_pipeline | Fetching https://books.toscrape.com/catalogue/lila-gilead-3_190/index.html (attempt 1/3)
2026-10-06 21:20:48,591 | INFO | scraping_pipeline | Fetching https://books.toscrape.com/catalogue/life-the-universe-and-everything-hitchhikers-guide-to-the-galaxy-3_189/index.html (attempt 1/3)
2026-10-06 21:20:49,005 | INFO | scraping_pipeline | Fetching https://books.toscrape.com/catalogue/life-without-a-recipe_188/index.html (attempt 1/3)
2026-10-06 21:20:49,416 | INFO | scraping_pipeline | Fetching https://books.toscrape.com/catalogue/life-after-life_187/index.html (attempt 1/3)
2026-10-06 21:20:49,821 | INFO | scraping_pipeline | Fetching https://books.toscrape.com/catalogue/letter-to-a-christian-nation_186/index.html (attempt 1/3)
2026-10-06 21:20:50,155 | INFO | scraping_pipeline | Fetching https://books.toscrape.com/catalogue/lets-pretend-this-never-happened-a-mostly-true-memoir_185/index.html (attempt 1/3)
2026-10-06 21:20:50,538 | INFO | scraping_pipeline | Fetching https://books.toscrape.com/catalogue/legend-legend-1_184/index.html (attempt 1/3)
2026-10-06 21:20:50,947 | INFO | scraping_pipeline | Fetching https://books.toscrape.com/catalogue/lean-in-women-work-and-the-will-to-lead_183/index.html (attempt 1/3)
2026-10-06 21:20:51,352 | INFO | scraping_pipeline | Fetching https://books.toscrape.com/catalogue/lamb-the-gospel-according-to-biff-christs-childhood-pal_182/index.html (attempt 1/3)
2026-10-06 21:20:51,754 | INFO | scraping_pipeline | Fetching https://books.toscrape.com/catalogue/lady-renegades-rebel-belle-3_181/index.html (attempt 1/3)
2026-10-06 21:20:52,241 | INFO | scraping_pipeline | Scraping listing page: https://books.toscrape.com/catalogue/page-42.html
2026-10-06 21:20:52,241 | INFO | scraping_pipeline | Fetching https://books.toscrape.com/catalogue/page-42.html (attempt 1/3)
2026-10-06 21:20:53,232 | INFO | scraping_pipeline | Fetching https://books.toscrape.com/catalogue/jurassic-park-jurassic-park-1_180/index.html (attempt 1/3)
2026-10-06 21:20:53,575 | INFO | scraping_pipeline | Fetching https://books.toscrape.com/catalogue/its-never-too-late-to-begin-again-discovering-creativity-and-meaning-at-midlife-and-beyond_179/index.html (attempt 1/3)
2026-10-06 21:20:54,024 | INFO | scraping_pipeline | Fetching https://books.toscrape.com/catalogue/is-everyone-hanging-out-without-me-and-other-concerns_178/index.html (attempt 1/3)
2026-10-06 21:20:54,377 | INFO | scraping_pipeline | Fetching https://books.toscrape.com/catalogue/into-the-wild_177/index.html (attempt 1/3)
2026-10-06 21:20:54,738 | INFO | scraping_pipeline | Fetching https://books.toscrape.com/catalogue/inferno-robert-langdon-4_176/index.html (attempt 1/3)
2026-10-06 21:20:55,075 | INFO | scraping_pipeline | Fetching https://books.toscrape.com/catalogue/in-the-garden-of-beasts-love-terror-and-an-american-family-in-hitlers-berlin_175/index.html (attempt 1/3)
2026-10-06 21:20:55,437 | INFO | scraping_pipeline | Fetching https://books.toscrape.com/catalogue/if-i-run-if-i-run-1_174/index.html (attempt 1/3)
2026-10-06 21:20:55,864 | INFO | scraping_pipeline | Fetching https://books.toscrape.com/catalogue/ive-got-your-number_173/index.html (attempt 1/3)
2026-10-06 21:20:56,278 | INFO | scraping_pipeline | Fetching https://books.toscrape.com/catalogue/i-am-malala-the-girl-who-stood-up-for-education-and-was-shot-by-the-taliban_172/index.html (attempt 1/3)
2026-10-06 21:20:56,683 | INFO | scraping_pipeline | Fetching https://books.toscrape.com/catalogue/hungry-girl-clean-hungry-easy-all-natural-recipes-for-healthy-eating-in-the-real-world_171/index.html (attempt 1/3)
2026-10-06 21:20:57,020 | INFO | scraping_pipeline | Fetching https://books.toscrape.com/catalogue/house-of-lost-worlds-dinosaurs-dynasties-and-the-story-of-life-on-earth_170/index.html (attempt 1/3)
2026-10-06 21:20:57,399 | INFO | scraping_pipeline | Fetching https://books.toscrape.com/catalogue/house-of-leaves_169/index.html (attempt 1/3)
2026-10-06 21:20:57,812 | INFO | scraping_pipeline | Fetching https://books.toscrape.com/catalogue/horrible-bear_168/index.html (attempt 1/3)
2026-10-06 21:20:58,271 | INFO | scraping_pipeline | Fetching https://books.toscrape.com/catalogue/holidays-on-ice_167/index.html (attempt 1/3)
2026-10-06 21:20:58,629 | INFO | scraping_pipeline | Fetching https://books.toscrape.com/catalogue/heir-to-the-sky_166/index.html (attempt 1/3)
2026-10-06 21:20:59,041 | INFO | scraping_pipeline | Fetching https://books.toscrape.com/catalogue/green-eggs-and-ham-beginner-books-b-16_165/index.html (attempt 1/3)
2026-10-06 21:20:59,383 | INFO | scraping_pipeline | Fetching https://books.toscrape.com/catalogue/grayson-vol-3-nemesis-grayson-3_164/index.html (attempt 1/3)
2026-10-06 21:20:59,757 | INFO | scraping_pipeline | Fetching https://books.toscrape.com/catalogue/gratitude_163/index.html (attempt 1/3)
2026-10-06 21:21:00,183 | INFO | scraping_pipeline | Fetching https://books.toscrape.com/catalogue/gone-girl_162/index.html (attempt 1/3)
2026-10-06 21:21:00,575 | INFO | scraping_pipeline | Fetching https://books.toscrape.com/catalogue/golden-heart-of-dread-3_161/index.html (attempt 1/3)
2026-10-06 21:21:01,032 | INFO | scraping_pipeline | Scraping listing page: https://books.toscrape.com/catalogue/page-43.html
2026-10-06 21:21:01,032 | INFO | scraping_pipeline | Fetching https://books.toscrape.com/catalogue/page-43.html (attempt 1/3)
2026-10-06 21:21:01,724 | INFO | scraping_pipeline | Fetching https://books.toscrape.com/catalogue/girl-in-the-blue-coat_160/index.html (attempt 1/3)
2026-10-06 21:21:02,099 | INFO | scraping_pipeline | Fetching https://books.toscrape.com/catalogue/fruits-basket-vol-3-fruits-basket-3_159/index.html (attempt 1/3)
2026-10-06 21:21:02,519 | INFO | scraping_pipeline | Fetching https://books.toscrape.com/catalogue/friday-night-lights-a-town-a-team-and-a-dream_158/index.html (attempt 1/3)
2026-10-06 21:21:02,931 | INFO | scraping_pipeline | Fetching https://books.toscrape.com/catalogue/fire-bound-sea-havensisters-of-the-heart-5_157/index.html (attempt 1/3)
2026-10-06 21:21:03,340 | INFO | scraping_pipeline | Fetching https://books.toscrape.com/catalogue/fifty-shades-freed-fifty-shades-3_156/index.html (attempt 1/3)
2026-10-06 21:21:03,682 | INFO | scraping_pipeline | Fetching https://books.toscrape.com/catalogue/fellside_155/index.html (attempt 1/3)
2026-10-06 21:21:04,055 | INFO | scraping_pipeline | Fetching https://books.toscrape.com/catalogue/extreme-prey-lucas-davenport-26_154/index.html (attempt 1/3)
2026-10-06 21:21:04,400 | INFO | scraping_pipeline | Fetching https://books.toscrape.com/catalogue/eragon-the-inheritance-cycle-1_153/index.html (attempt 1/3)
2026-10-06 21:21:04,739 | INFO | scraping_pipeline | Fetching https://books.toscrape.com/catalogue/eclipse-twilight-3_152/index.html (attempt 1/3)
2026-10-06 21:21:05,084 | INFO | scraping_pipeline | Fetching https://books.toscrape.com/catalogue/dune-dune-1_151/index.html (attempt 1/3)
2026-10-06 21:21:05,421 | INFO | scraping_pipeline | Fetching https://books.toscrape.com/catalogue/dracula_150/index.html (attempt 1/3)
2026-10-06 21:21:05,794 | INFO | scraping_pipeline | Fetching https://books.toscrape.com/catalogue/do-androids-dream-of-electric-sheep-blade-runner-1_149/index.html (attempt 1/3)
2026-10-06 21:21:06,207 | INFO | scraping_pipeline | Fetching https://books.toscrape.com/catalogue/disrupted-my-misadventure-in-the-start-up-bubble_148/index.html (attempt 1/3)
2026-10-06 21:21:06,619 | INFO | scraping_pipeline | Fetching https://books.toscrape.com/catalogue/dead-wake-the-last-crossing-of-the-lusitania_147/index.html (attempt 1/3)
2026-10-06 21:21:07,024 | INFO | scraping_pipeline | Fetching https://books.toscrape.com/catalogue/david-and-goliath-underdogs-misfits-and-the-art-of-battling-giants_146/index.html (attempt 1/3)
2026-10-06 21:21:07,435 | INFO | scraping_pipeline | Fetching https://books.toscrape.com/catalogue/darkfever-fever-1_145/index.html (attempt 1/3)
2026-10-06 21:21:07,844 | INFO | scraping_pipeline | Fetching https://books.toscrape.com/catalogue/dark-places_144/index.html (attempt 1/3)
2026-10-06 21:21:08,252 | INFO | scraping_pipeline | Fetching https://books.toscrape.com/catalogue/crazy-rich-asians-crazy-rich-asians-1_143/index.html (attempt 1/3)
2026-10-06 21:21:08,618 | INFO | scraping_pipeline | Fetching https://books.toscrape.com/catalogue/counting-thyme_142/index.html (attempt 1/3)
2026-10-06 21:21:08,972 | INFO | scraping_pipeline | Fetching https://books.toscrape.com/catalogue/cosmos_141/index.html (attempt 1/3)
2026-10-06 21:21:09,426 | INFO | scraping_pipeline | Scraping listing page: https://books.toscrape.com/catalogue/page-44.html
2026-10-06 21:21:09,426 | INFO | scraping_pipeline | Fetching https://books.toscrape.com/catalogue/page-44.html (attempt 1/3)
2026-10-06 21:21:10,227 | INFO | scraping_pipeline | Fetching https://books.toscrape.com/catalogue/civilization-and-its-discontents_140/index.html (attempt 1/3)
2026-10-06 21:21:10,609 | INFO | scraping_pipeline | Fetching https://books.toscrape.com/catalogue/cinder-the-lunar-chronicles-1_139/index.html (attempt 1/3)
2026-10-06 21:21:11,022 | INFO | scraping_pipeline | Fetching https://books.toscrape.com/catalogue/catastrophic-happiness-finding-joy-in-childhoods-messy-years_138/index.html (attempt 1/3)
2026-10-06 21:21:11,392 | INFO | scraping_pipeline | Fetching https://books.toscrape.com/catalogue/career-of-evil-cormoran-strike-3_137/index.html (attempt 1/3)
2026-10-06 21:21:11,745 | INFO | scraping_pipeline | Fetching https://books.toscrape.com/catalogue/breaking-dawn-twilight-4_136/index.html (attempt 1/3)
2026-10-06 21:21:12,146 | INFO | scraping_pipeline | Fetching https://books.toscrape.com/catalogue/brave-enough_135/index.html (attempt 1/3)
2026-10-06 21:21:12,556 | INFO | scraping_pipeline | Fetching https://books.toscrape.com/catalogue/boy-meets-boy_134/index.html (attempt 1/3)
2026-10-06 21:21:12,965 | INFO | scraping_pipeline | Fetching https://books.toscrape.com/catalogue/born-to-run-a-hidden-tribe-superathletes-and-the-greatest-race-the-world-has-never-seen_133/index.html (attempt 1/3)
2026-10-06 21:21:13,366 | INFO | scraping_pipeline | Fetching https://books.toscrape.com/catalogue/blink-the-power-of-thinking-without-thinking_132/index.html (attempt 1/3)
2026-10-06 21:21:13,788 | INFO | scraping_pipeline | Fetching https://books.toscrape.com/catalogue/black-flags-the-rise-of-isis_131/index.html (attempt 1/3)
2026-10-06 21:21:14,182 | INFO | scraping_pipeline | Fetching https://books.toscrape.com/catalogue/black-butler-vol-1-black-butler-1_130/index.html (attempt 1/3)
2026-10-06 21:21:14,603 | INFO | scraping_pipeline | Fetching https://books.toscrape.com/catalogue/big-little-lies_129/index.html (attempt 1/3)
2026-10-06 21:21:15,001 | INFO | scraping_pipeline | Fetching https://books.toscrape.com/catalogue/between-shades-of-gray_128/index.html (attempt 1/3)
2026-10-06 21:21:15,338 | INFO | scraping_pipeline | Fetching https://books.toscrape.com/catalogue/best-of-my-love-fools-gold-20_127/index.html (attempt 1/3)
2026-10-06 21:21:15,736 | INFO | scraping_pipeline | Fetching https://books.toscrape.com/catalogue/beowulf_126/index.html (attempt 1/3)
2026-10-06 21:21:16,072 | INFO | scraping_pipeline | Fetching https://books.toscrape.com/catalogue/beautiful-creatures-caster-chronicles-1_125/index.html (attempt 1/3)
2026-10-06 21:21:16,446 | INFO | scraping_pipeline | Fetching https://books.toscrape.com/catalogue/awkward_124/index.html (attempt 1/3)
2026-10-06 21:21:16,845 | INFO | scraping_pipeline | Fetching https://books.toscrape.com/catalogue/ash_123/index.html (attempt 1/3)
2026-10-06 21:21:17,266 | INFO | scraping_pipeline | Fetching https://books.toscrape.com/catalogue/are-we-there-yet_122/index.html (attempt 1/3)
2026-10-06 21:21:17,724 | INFO | scraping_pipeline | Fetching https://books.toscrape.com/catalogue/are-we-smart-enough-to-know-how-smart-animals-are_121/index.html (attempt 1/3)
2026-10-06 21:21:18,136 | INFO | scraping_pipeline | Scraping listing page: https://books.toscrape.com/catalogue/page-45.html
2026-10-06 21:21:18,136 | INFO | scraping_pipeline | Fetching https://books.toscrape.com/catalogue/page-45.html (attempt 1/3)
2026-10-06 21:21:18,851 | INFO | scraping_pipeline | Fetching https://books.toscrape.com/catalogue/annie-on-my-mind_120/index.html (attempt 1/3)
2026-10-06 21:21:19,211 | INFO | scraping_pipeline | Fetching https://books.toscrape.com/catalogue/and-then-there-were-none_119/index.html (attempt 1/3)
2026-10-06 21:21:19,621 | INFO | scraping_pipeline | Fetching https://books.toscrape.com/catalogue/a-walk-in-the-woods-rediscovering-america-on-the-appalachian-trail_118/index.html (attempt 1/3)
2026-10-06 21:21:20,181 | INFO | scraping_pipeline | Fetching https://books.toscrape.com/catalogue/a-visit-from-the-goon-squad_117/index.html (attempt 1/3)
2026-10-06 21:21:20,543 | INFO | scraping_pipeline | Fetching https://books.toscrape.com/catalogue/a-storm-of-swords-a-song-of-ice-and-fire-3_116/index.html (attempt 1/3)
2026-10-06 21:21:20,906 | INFO | scraping_pipeline | Fetching https://books.toscrape.com/catalogue/a-heartbreaking-work-of-staggering-genius_115/index.html (attempt 1/3)
2026-10-06 21:21:21,362 | INFO | scraping_pipeline | Fetching https://books.toscrape.com/catalogue/8-keys-to-mental-health-through-exercise_114/index.html (attempt 1/3)
2026-10-06 21:21:21,777 | INFO | scraping_pipeline | Fetching https://books.toscrape.com/catalogue/girlboss_113/index.html (attempt 1/3)
2026-10-06 21:21:22,182 | INFO | scraping_pipeline | Fetching https://books.toscrape.com/catalogue/the-suffragettes-little-black-classics-96_112/index.html (attempt 1/3)
2026-10-06 21:21:22,596 | INFO | scraping_pipeline | Fetching https://books.toscrape.com/catalogue/the-sense-of-an-ending_111/index.html (attempt 1/3)
2026-10-06 21:21:23,000 | INFO | scraping_pipeline | Fetching https://books.toscrape.com/catalogue/the-sandman-vol-2-the-dolls-house-the-sandman-volumes-2_110/index.html (attempt 1/3)
2026-10-06 21:21:23,387 | INFO | scraping_pipeline | Fetching https://books.toscrape.com/catalogue/the-course-of-love_109/index.html (attempt 1/3)
2026-10-06 21:21:23,744 | INFO | scraping_pipeline | Fetching https://books.toscrape.com/catalogue/sugar-rush-offensive-line-2_108/index.html (attempt 1/3)
2026-10-06 21:21:24,128 | INFO | scraping_pipeline | Fetching https://books.toscrape.com/catalogue/saga-volume-2-saga-collected-editions-2_107/index.html (attempt 1/3)
2026-10-06 21:21:24,540 | INFO | scraping_pipeline | Fetching https://books.toscrape.com/catalogue/run-spot-run-the-ethics-of-keeping-pets_106/index.html (attempt 1/3)
2026-10-06 21:21:24,887 | INFO | scraping_pipeline | Fetching https://books.toscrape.com/catalogue/new-moon-twilight-2_105/index.html (attempt 1/3)
2026-10-06 21:21:25,254 | INFO | scraping_pipeline | Fetching https://books.toscrape.com/catalogue/life_104/index.html (attempt 1/3)
2026-10-06 21:21:25,663 | INFO | scraping_pipeline | Fetching https://books.toscrape.com/catalogue/kindle-paperwhite-users-guide_103/index.html (attempt 1/3)
2026-10-06 21:21:26,072 | INFO | scraping_pipeline | Fetching https://books.toscrape.com/catalogue/h-is-for-hawk_102/index.html (attempt 1/3)
2026-10-06 21:21:26,421 | INFO | scraping_pipeline | Fetching https://books.toscrape.com/catalogue/girl-online-on-tour-girl-online-2_101/index.html (attempt 1/3)
2026-10-06 21:21:26,800 | INFO | scraping_pipeline | Scraping listing page: https://books.toscrape.com/catalogue/page-46.html
2026-10-06 21:21:26,800 | INFO | scraping_pipeline | Fetching https://books.toscrape.com/catalogue/page-46.html (attempt 1/3)
2026-10-06 21:21:27,648 | INFO | scraping_pipeline | Fetching https://books.toscrape.com/catalogue/fruits-basket-vol-2-fruits-basket-2_100/index.html (attempt 1/3)
2026-10-06 21:21:28,022 | INFO | scraping_pipeline | Fetching https://books.toscrape.com/catalogue/diary-of-a-minecraft-zombie-book-1-a-scare-of-a-dare-an-unofficial-minecraft-book_99/index.html (attempt 1/3)
2026-10-06 21:21:28,395 | INFO | scraping_pipeline | Fetching https://books.toscrape.com/catalogue/y-the-last-man-vol-1-unmanned-y-the-last-man-1_98/index.html (attempt 1/3)
2026-10-06 21:21:28,741 | INFO | scraping_pipeline | Fetching https://books.toscrape.com/catalogue/while-you-were-mine_97/index.html (attempt 1/3)
2026-10-06 21:21:29,150 | INFO | scraping_pipeline | Fetching https://books.toscrape.com/catalogue/where-lightning-strikes-bleeding-stars-3_96/index.html (attempt 1/3)
2026-10-06 21:21:29,555 | INFO | scraping_pipeline | Fetching https://books.toscrape.com/catalogue/when-im-gone_95/index.html (attempt 1/3)
2026-10-06 21:21:29,963 | INFO | scraping_pipeline | Fetching https://books.toscrape.com/catalogue/ways-of-seeing_94/index.html (attempt 1/3)
2026-10-06 21:21:30,374 | INFO | scraping_pipeline | Fetching https://books.toscrape.com/catalogue/vampire-knight-vol-1-vampire-knight-1_93/index.html (attempt 1/3)
2026-10-06 21:21:30,788 | INFO | scraping_pipeline | Fetching https://books.toscrape.com/catalogue/vampire-girl-vampire-girl-1_92/index.html (attempt 1/3)
2026-10-06 21:21:31,195 | INFO | scraping_pipeline | Fetching https://books.toscrape.com/catalogue/twenty-love-poems-and-a-song-of-despair_91/index.html (attempt 1/3)
2026-10-06 21:21:31,602 | INFO | scraping_pipeline | Fetching https://books.toscrape.com/catalogue/travels-with-charley-in-search-of-america_90/index.html (attempt 1/3)
2026-10-06 21:21:32,014 | INFO | scraping_pipeline | Fetching https://books.toscrape.com/catalogue/three-wishes-river-of-time-california-1_89/index.html (attempt 1/3)
2026-10-06 21:21:32,425 | INFO | scraping_pipeline | Fetching https://books.toscrape.com/catalogue/this-one-moment-pushing-limits-1_88/index.html (attempt 1/3)
2026-10-06 21:21:32,816 | INFO | scraping_pipeline | Fetching https://books.toscrape.com/catalogue/the-zombie-room_87/index.html (attempt 1/3)
2026-10-06 21:21:33,242 | INFO | scraping_pipeline | Fetching https://books.toscrape.com/catalogue/the-wicked-the-divine-vol-1-the-faust-act-the-wicked-the-divine_86/index.html (attempt 1/3)
2026-10-06 21:21:33,649 | INFO | scraping_pipeline | Fetching https://books.toscrape.com/catalogue/the-tumor_85/index.html (attempt 1/3)
2026-10-06 21:21:34,059 | INFO | scraping_pipeline | Fetching https://books.toscrape.com/catalogue/the-story-of-hong-gildong_84/index.html (attempt 1/3)
2026-10-06 21:21:34,470 | INFO | scraping_pipeline | Fetching https://books.toscrape.com/catalogue/the-silent-wife_83/index.html (attempt 1/3)
2026-10-06 21:21:34,876 | INFO | scraping_pipeline | Fetching https://books.toscrape.com/catalogue/the-silent-twin-detective-jennifer-knight-3_82/index.html (attempt 1/3)
2026-10-06 21:21:35,231 | INFO | scraping_pipeline | Fetching https://books.toscrape.com/catalogue/the-selfish-gene_81/index.html (attempt 1/3)
2026-10-06 21:21:35,623 | INFO | scraping_pipeline | Scraping listing page: https://books.toscrape.com/catalogue/page-47.html
2026-10-06 21:21:35,623 | INFO | scraping_pipeline | Fetching https://books.toscrape.com/catalogue/page-47.html (attempt 1/3)
2026-10-06 21:21:36,367 | INFO | scraping_pipeline | Fetching https://books.toscrape.com/catalogue/the-secret-healer_80/index.html (attempt 1/3)
2026-10-06 21:21:36,717 | INFO | scraping_pipeline | Fetching https://books.toscrape.com/catalogue/the-sandman-vol-1-preludes-and-nocturnes-the-sandman-volumes-1_79/index.html (attempt 1/3)
2026-10-06 21:21:37,131 | INFO | scraping_pipeline | Fetching https://books.toscrape.com/catalogue/the-republic_78/index.html (attempt 1/3)
2026-10-06 21:21:37,541 | INFO | scraping_pipeline | Fetching https://books.toscrape.com/catalogue/the-odyssey_77/index.html (attempt 1/3)
2026-10-06 21:21:37,950 | INFO | scraping_pipeline | Fetching https://books.toscrape.com/catalogue/the-no-1-ladies-detective-agency-no-1-ladies-detective-agency-1_76/index.html (attempt 1/3)
2026-10-06 21:21:38,363 | INFO | scraping_pipeline | Fetching https://books.toscrape.com/catalogue/the-nicomachean-ethics_75/index.html (attempt 1/3)
2026-10-06 21:21:38,696 | INFO | scraping_pipeline | Fetching https://books.toscrape.com/catalogue/the-name-of-the-wind-the-kingkiller-chronicle-1_74/index.html (attempt 1/3)
2026-10-06 21:21:39,077 | INFO | scraping_pipeline | Fetching https://books.toscrape.com/catalogue/the-mirror-the-maze-the-wrath-and-the-dawn-15_73/index.html (attempt 1/3)
2026-10-06 21:21:39,483 | INFO | scraping_pipeline | Fetching https://books.toscrape.com/catalogue/the-little-prince_72/index.html (attempt 1/3)
2026-10-06 21:21:39,908 | INFO | scraping_pipeline | Fetching https://books.toscrape.com/catalogue/the-light-of-the-fireflies_71/index.html (attempt 1/3)
2026-10-06 21:21:40,309 | INFO | scraping_pipeline | Fetching https://books.toscrape.com/catalogue/the-last-girl-the-dominion-trilogy-1_70/index.html (attempt 1/3)
2026-10-06 21:21:40,715 | INFO | scraping_pipeline | Fetching https://books.toscrape.com/catalogue/the-iliad_69/index.html (attempt 1/3)
2026-10-06 21:21:41,126 | INFO | scraping_pipeline | Fetching https://books.toscrape.com/catalogue/the-hook-up-game-on-1_68/index.html (attempt 1/3)
2026-10-06 21:21:41,479 | INFO | scraping_pipeline | Fetching https://books.toscrape.com/catalogue/the-haters_67/index.html (attempt 1/3)
2026-10-06 21:21:41,841 | INFO | scraping_pipeline | Fetching https://books.toscrape.com/catalogue/the-girl-you-lost_66/index.html (attempt 1/3)
2026-10-06 21:21:42,252 | INFO | scraping_pipeline | Fetching https://books.toscrape.com/catalogue/the-girl-in-the-ice-dci-erika-foster-1_65/index.html (attempt 1/3)
2026-10-06 21:21:42,662 | INFO | scraping_pipeline | Fetching https://books.toscrape.com/catalogue/the-end-of-the-jesus-era-an-investigation-1_64/index.html (attempt 1/3)
2026-10-06 21:21:43,070 | INFO | scraping_pipeline | Fetching https://books.toscrape.com/catalogue/the-edge-of-reason-bridget-jones-2_63/index.html (attempt 1/3)
2026-10-06 21:21:43,482 | INFO | scraping_pipeline | Fetching https://books.toscrape.com/catalogue/the-complete-maus-maus-1-2_62/index.html (attempt 1/3)
2026-10-06 21:21:43,889 | INFO | scraping_pipeline | Fetching https://books.toscrape.com/catalogue/the-communist-manifesto_61/index.html (attempt 1/3)
2026-10-06 21:21:44,339 | INFO | scraping_pipeline | Scraping listing page: https://books.toscrape.com/catalogue/page-48.html
2026-10-06 21:21:44,339 | INFO | scraping_pipeline | Fetching https://books.toscrape.com/catalogue/page-48.html (attempt 1/3)
2026-10-06 21:21:45,067 | INFO | scraping_pipeline | Fetching https://books.toscrape.com/catalogue/the-bhagavad-gita_60/index.html (attempt 1/3)
2026-10-06 21:21:45,426 | INFO | scraping_pipeline | Fetching https://books.toscrape.com/catalogue/the-bette-davis-club_59/index.html (attempt 1/3)
2026-10-06 21:21:45,836 | INFO | scraping_pipeline | Fetching https://books.toscrape.com/catalogue/the-art-of-not-breathing_58/index.html (attempt 1/3)
2026-10-06 21:21:46,246 | INFO | scraping_pipeline | Fetching https://books.toscrape.com/catalogue/taking-shots-assassins-1_57/index.html (attempt 1/3)
2026-10-06 21:21:46,656 | INFO | scraping_pipeline | Fetching https://books.toscrape.com/catalogue/starlark_56/index.html (attempt 1/3)
2026-10-06 21:21:47,070 | INFO | scraping_pipeline | Fetching https://books.toscrape.com/catalogue/skip-beat-vol-01-skip-beat-1_55/index.html (attempt 1/3)
2026-10-06 21:21:47,467 | INFO | scraping_pipeline | Fetching https://books.toscrape.com/catalogue/sister-sable-the-mad-queen-1_54/index.html (attempt 1/3)
2026-10-06 21:21:47,884 | INFO | scraping_pipeline | Fetching https://books.toscrape.com/catalogue/shatter-me-shatter-me-1_53/index.html (attempt 1/3)
2026-10-06 21:21:48,294 | INFO | scraping_pipeline | Fetching https://books.toscrape.com/catalogue/shameless_52/index.html (attempt 1/3)
2026-10-06 21:21:48,655 | INFO | scraping_pipeline | Fetching https://books.toscrape.com/catalogue/shadow-rites-jane-yellowrock-10_51/index.html (attempt 1/3)
2026-10-06 21:21:49,003 | INFO | scraping_pipeline | Fetching https://books.toscrape.com/catalogue/settling-the-score-the-summer-games-1_50/index.html (attempt 1/3)
2026-10-06 21:21:49,420 | INFO | scraping_pipeline | Fetching https://books.toscrape.com/catalogue/sense-and-sensibility_49/index.html (attempt 1/3)
2026-10-06 21:21:49,829 | INFO | scraping_pipeline | Fetching https://books.toscrape.com/catalogue/saga-volume-1-saga-collected-editions-1_48/index.html (attempt 1/3)
2026-10-06 21:21:50,237 | INFO | scraping_pipeline | Fetching https://books.toscrape.com/catalogue/rhythm-chord-malykhin_47/index.html (attempt 1/3)
2026-10-06 21:21:50,650 | INFO | scraping_pipeline | Fetching https://books.toscrape.com/catalogue/rat-queens-vol-1-sass-sorcery-rat-queens-collected-editions-1-5_46/index.html (attempt 1/3)
2026-10-06 21:21:51,063 | INFO | scraping_pipeline | Fetching https://books.toscrape.com/catalogue/paradise-lost-paradise-1_45/index.html (attempt 1/3)
2026-10-06 21:21:51,467 | INFO | scraping_pipeline | Fetching https://books.toscrape.com/catalogue/paper-girls-vol-1-paper-girls-1-5_44/index.html (attempt 1/3)
2026-10-06 21:21:51,877 | INFO | scraping_pipeline | Fetching https://books.toscrape.com/catalogue/ouran-high-school-host-club-vol-1-ouran-high-school-host-club-1_43/index.html (attempt 1/3)
2026-10-06 21:21:52,288 | INFO | scraping_pipeline | Fetching https://books.toscrape.com/catalogue/origins-alphas-05_42/index.html (attempt 1/3)
2026-10-06 21:21:52,698 | INFO | scraping_pipeline | Fetching https://books.toscrape.com/catalogue/one-second-seven-7_41/index.html (attempt 1/3)
2026-10-06 21:21:53,114 | INFO | scraping_pipeline | Scraping listing page: https://books.toscrape.com/catalogue/page-49.html
2026-10-06 21:21:53,115 | INFO | scraping_pipeline | Fetching https://books.toscrape.com/catalogue/page-49.html (attempt 1/3)
2026-10-06 21:21:53,814 | INFO | scraping_pipeline | Fetching https://books.toscrape.com/catalogue/on-the-road-duluoz-legend_40/index.html (attempt 1/3)
2026-10-06 21:21:54,233 | INFO | scraping_pipeline | Fetching https://books.toscrape.com/catalogue/old-records-never-die-one-mans-quest-for-his-vinyl-and-his-past_39/index.html (attempt 1/3)
2026-10-06 21:21:54,640 | INFO | scraping_pipeline | Fetching https://books.toscrape.com/catalogue/off-sides-off-1_38/index.html (attempt 1/3)
2026-10-06 21:21:55,032 | INFO | scraping_pipeline | Fetching https://books.toscrape.com/catalogue/of-mice-and-men_37/index.html (attempt 1/3)
2026-10-06 21:21:55,373 | INFO | scraping_pipeline | Fetching https://books.toscrape.com/catalogue/myriad-prentor-1_36/index.html (attempt 1/3)
2026-10-06 21:21:55,817 | INFO | scraping_pipeline | Fetching https://books.toscrape.com/catalogue/my-perfect-mistake-over-the-top-1_35/index.html (attempt 1/3)
2026-10-06 21:21:56,164 | INFO | scraping_pipeline | Fetching https://books.toscrape.com/catalogue/ms-marvel-vol-1-no-normal-ms-marvel-2014-2015-1_34/index.html (attempt 1/3)
2026-10-06 21:21:56,587 | INFO | scraping_pipeline | Fetching https://books.toscrape.com/catalogue/meditations_33/index.html (attempt 1/3)
2026-10-06 21:21:56,993 | INFO | scraping_pipeline | Fetching https://books.toscrape.com/catalogue/matilda_32/index.html (attempt 1/3)
2026-10-06 21:21:57,407 | INFO | scraping_pipeline | Fetching https://books.toscrape.com/catalogue/lost-among-the-living_31/index.html (attempt 1/3)
2026-10-06 21:21:57,821 | INFO | scraping_pipeline | Fetching https://books.toscrape.com/catalogue/lord-of-the-flies_30/index.html (attempt 1/3)
2026-10-06 21:21:58,226 | INFO | scraping_pipeline | Fetching https://books.toscrape.com/catalogue/listen-to-me-fusion-1_29/index.html (attempt 1/3)
2026-10-06 21:21:58,637 | INFO | scraping_pipeline | Fetching https://books.toscrape.com/catalogue/kitchens-of-the-great-midwest_28/index.html (attempt 1/3)
2026-10-06 21:21:58,982 | INFO | scraping_pipeline | Fetching https://books.toscrape.com/catalogue/jane-eyre_27/index.html (attempt 1/3)
2026-10-06 21:21:59,352 | INFO | scraping_pipeline | Fetching https://books.toscrape.com/catalogue/imperfect-harmony_26/index.html (attempt 1/3)
2026-10-06 21:21:59,768 | INFO | scraping_pipeline | Fetching https://books.toscrape.com/catalogue/icing-aces-hockey-2_25/index.html (attempt 1/3)
2026-10-06 21:22:00,173 | INFO | scraping_pipeline | Fetching https://books.toscrape.com/catalogue/hawkeye-vol-1-my-life-as-a-weapon-hawkeye-1_24/index.html (attempt 1/3)
2026-10-06 21:22:00,583 | INFO | scraping_pipeline | Fetching https://books.toscrape.com/catalogue/having-the-barbarians-baby-ice-planet-barbarians-75_23/index.html (attempt 1/3)
2026-10-06 21:22:00,990 | INFO | scraping_pipeline | Fetching https://books.toscrape.com/catalogue/giant-days-vol-1-giant-days-1-4_22/index.html (attempt 1/3)
2026-10-06 21:22:01,402 | INFO | scraping_pipeline | Fetching https://books.toscrape.com/catalogue/fruits-basket-vol-1-fruits-basket-1_21/index.html (attempt 1/3)
2026-10-06 21:22:01,833 | INFO | scraping_pipeline | Scraping listing page: https://books.toscrape.com/catalogue/page-50.html
2026-10-06 21:22:01,833 | INFO | scraping_pipeline | Fetching https://books.toscrape.com/catalogue/page-50.html (attempt 1/3)
2026-10-06 21:22:02,526 | INFO | scraping_pipeline | Fetching https://books.toscrape.com/catalogue/frankenstein_20/index.html (attempt 1/3)
2026-10-06 21:22:02,935 | INFO | scraping_pipeline | Fetching https://books.toscrape.com/catalogue/forever-rockers-the-rocker-12_19/index.html (attempt 1/3)
2026-10-06 21:22:03,350 | INFO | scraping_pipeline | Fetching https://books.toscrape.com/catalogue/fighting-fate-fighting-6_18/index.html (attempt 1/3)
2026-10-06 21:22:03,755 | INFO | scraping_pipeline | Fetching https://books.toscrape.com/catalogue/emma_17/index.html (attempt 1/3)
2026-10-06 21:22:04,165 | INFO | scraping_pipeline | Fetching https://books.toscrape.com/catalogue/eat-pray-love_16/index.html (attempt 1/3)
2026-10-06 21:22:04,579 | INFO | scraping_pipeline | Fetching https://books.toscrape.com/catalogue/deep-under-walker-security-1_15/index.html (attempt 1/3)
2026-10-06 21:22:04,909 | INFO | scraping_pipeline | Fetching https://books.toscrape.com/catalogue/choosing-our-religion-the-spiritual-lives-of-americas-nones_14/index.html (attempt 1/3)
2026-10-06 21:22:05,246 | INFO | scraping_pipeline | Fetching https://books.toscrape.com/catalogue/charlie-and-the-chocolate-factory-charlie-bucket-1_13/index.html (attempt 1/3)
2026-10-06 21:22:05,598 | INFO | scraping_pipeline | Fetching https://books.toscrape.com/catalogue/charitys-cross-charles-towne-belles-4_12/index.html (attempt 1/3)
2026-10-06 21:22:05,949 | INFO | scraping_pipeline | Fetching https://books.toscrape.com/catalogue/bright-lines_11/index.html (attempt 1/3)
2026-10-06 21:22:06,320 | INFO | scraping_pipeline | Fetching https://books.toscrape.com/catalogue/bridget-joness-diary-bridget-jones-1_10/index.html (attempt 1/3)
2026-10-06 21:22:06,726 | INFO | scraping_pipeline | Fetching https://books.toscrape.com/catalogue/bounty-colorado-mountain-7_9/index.html (attempt 1/3)
2026-10-06 21:22:07,137 | INFO | scraping_pipeline | Fetching https://books.toscrape.com/catalogue/blood-defense-samantha-brinkman-1_8/index.html (attempt 1/3)
2026-10-06 21:22:07,545 | INFO | scraping_pipeline | Fetching https://books.toscrape.com/catalogue/bleach-vol-1-strawberry-and-the-soul-reapers-bleach-1_7/index.html (attempt 1/3)
2026-10-06 21:22:07,953 | INFO | scraping_pipeline | Fetching https://books.toscrape.com/catalogue/beyond-good-and-evil_6/index.html (attempt 1/3)
2026-10-06 21:22:08,354 | INFO | scraping_pipeline | Fetching https://books.toscrape.com/catalogue/alice-in-wonderland-alices-adventures-in-wonderland-1_5/index.html (attempt 1/3)
2026-10-06 21:22:08,770 | INFO | scraping_pipeline | Fetching https://books.toscrape.com/catalogue/ajin-demi-human-volume-1-ajin-demi-human-1_4/index.html (attempt 1/3)
2026-10-06 21:22:09,184 | INFO | scraping_pipeline | Fetching https://books.toscrape.com/catalogue/a-spys-devotion-the-regency-spies-of-london-1_3/index.html (attempt 1/3)
2026-10-06 21:22:09,519 | INFO | scraping_pipeline | Fetching https://books.toscrape.com/catalogue/1st-to-die-womens-murder-club-1_2/index.html (attempt 1/3)
2026-10-06 21:22:09,863 | INFO | scraping_pipeline | Fetching https://books.toscrape.com/catalogue/1000-places-to-see-before-you-die_1/index.html (attempt 1/3)
2026-10-06 21:25:16,960 | INFO | scraping_pipeline | Scraping listing page: https://books.toscrape.com/catalogue/page-1.html
2026-10-06 21:25:16,960 | INFO | scraping_pipeline | Fetching https://books.toscrape.com/catalogue/page-1.html (attempt 1/3)
2026-10-06 21:25:19,345 | INFO | scraping_pipeline | Fetching https://books.toscrape.com/catalogue/a-light-in-the-attic_1000/index.html (attempt 1/3)
2026-10-06 21:25:19,966 | INFO | scraping_pipeline | Fetching https://books.toscrape.com/catalogue/tipping-the-velvet_999/index.html (attempt 1/3)
2026-10-06 21:25:20,556 | INFO | scraping_pipeline | Fetching https://books.toscrape.com/catalogue/soumission_998/index.html (attempt 1/3)
2026-10-06 21:25:21,175 | INFO | scraping_pipeline | Fetching https://books.toscrape.com/catalogue/sharp-objects_997/index.html (attempt 1/3)
2026-10-06 21:25:21,784 | INFO | scraping_pipeline | Fetching https://books.toscrape.com/catalogue/sapiens-a-brief-history-of-humankind_996/index.html (attempt 1/3)
2026-10-06 21:25:22,398 | INFO | scraping_pipeline | Fetching https://books.toscrape.com/catalogue/the-requiem-red_995/index.html (attempt 1/3)
2026-10-06 21:25:23,011 | INFO | scraping_pipeline | Fetching https://books.toscrape.com/catalogue/the-dirty-little-secrets-of-getting-your-dream-job_994/index.html (attempt 1/3)
2026-10-06 21:25:23,961 | INFO | scraping_pipeline | Fetching https://books.toscrape.com/catalogue/the-coming-woman-a-novel-based-on-the-life-of-the-infamous-feminist-victoria-woodhull_993/index.html (attempt 1/3)
2026-10-06 21:25:24,981 | INFO | scraping_pipeline | Fetching https://books.toscrape.com/catalogue/the-boys-in-the-boat-nine-americans-and-their-epic-quest-for-gold-at-the-1936-berlin-olympics_992/index.html (attempt 1/3)
2026-10-06 21:25:25,848 | INFO | scraping_pipeline | Fetching https://books.toscrape.com/catalogue/the-black-maria_991/index.html (attempt 1/3)
2026-10-06 21:25:27,026 | INFO | scraping_pipeline | Fetching https://books.toscrape.com/catalogue/starving-hearts-triangular-trade-trilogy-1_990/index.html (attempt 1/3)
2026-10-06 21:25:27,641 | INFO | scraping_pipeline | Fetching https://books.toscrape.com/catalogue/shakespeares-sonnets_989/index.html (attempt 1/3)
2026-10-06 21:25:28,260 | INFO | scraping_pipeline | Fetching https://books.toscrape.com/catalogue/set-me-free_988/index.html (attempt 1/3)
2026-10-06 21:25:28,877 | INFO | scraping_pipeline | Fetching https://books.toscrape.com/catalogue/scott-pilgrims-precious-little-life-scott-pilgrim-1_987/index.html (attempt 1/3)
2026-10-06 21:25:29,893 | INFO | scraping_pipeline | Fetching https://books.toscrape.com/catalogue/rip-it-up-and-start-again_986/index.html (attempt 1/3)
2026-10-06 21:25:30,919 | INFO | scraping_pipeline | Fetching https://books.toscrape.com/catalogue/our-band-could-be-your-life-scenes-from-the-american-indie-underground-1981-1991_985/index.html (attempt 1/3)
2026-10-06 21:25:31,532 | INFO | scraping_pipeline | Fetching https://books.toscrape.com/catalogue/olio_984/index.html (attempt 1/3)
2026-10-06 21:25:32,456 | INFO | scraping_pipeline | Fetching https://books.toscrape.com/catalogue/mesaerion-the-best-science-fiction-stories-1800-1849_983/index.html (attempt 1/3)
2026-10-06 21:25:33,071 | INFO | scraping_pipeline | Fetching https://books.toscrape.com/catalogue/libertarianism-for-beginners_982/index.html (attempt 1/3)
2026-10-06 21:25:33,673 | INFO | scraping_pipeline | Fetching https://books.toscrape.com/catalogue/its-only-the-himalayas_981/index.html (attempt 1/3)
2026-10-06 21:25:34,379 | INFO | scraping_pipeline | Scraping listing page: https://books.toscrape.com/catalogue/page-2.html
2026-10-06 21:25:34,379 | INFO | scraping_pipeline | Fetching https://books.toscrape.com/catalogue/page-2.html (attempt 1/3)
2026-10-06 21:25:35,461 | INFO | scraping_pipeline | Fetching https://books.toscrape.com/catalogue/in-her-wake_980/index.html (attempt 1/3)
2026-10-06 21:25:36,037 | INFO | scraping_pipeline | Fetching https://books.toscrape.com/catalogue/how-music-works_979/index.html (attempt 1/3)
2026-10-06 21:25:36,600 | INFO | scraping_pipeline | Fetching https://books.toscrape.com/catalogue/foolproof-preserving-a-guide-to-small-batch-jams-jellies-pickles-condiments-and-more-a-foolproof-guide-to-making-small-batch-jams-jellies-pickles-condiments-and-more_978/index.html (attempt 1/3)
2026-10-06 21:25:37,167 | INFO | scraping_pipeline | Fetching https://books.toscrape.com/catalogue/chase-me-paris-nights-2_977/index.html (attempt 1/3)
2026-10-06 21:25:37,731 | INFO | scraping_pipeline | Fetching https://books.toscrape.com/catalogue/black-dust_976/index.html (attempt 1/3)
2026-10-06 21:25:38,291 | INFO | scraping_pipeline | Fetching https://books.toscrape.com/catalogue/birdsong-a-story-in-pictures_975/index.html (attempt 1/3)
2026-10-06 21:25:38,899 | INFO | scraping_pipeline | Fetching https://books.toscrape.com/catalogue/americas-cradle-of-quarterbacks-western-pennsylvanias-football-factory-from-johnny-unitas-to-joe-montana_974/index.html (attempt 1/3)
2026-10-06 21:25:39,792 | INFO | scraping_pipeline | Fetching https://books.toscrape.com/catalogue/aladdin-and-his-wonderful-lamp_973/index.html (attempt 1/3)
2026-10-06 21:25:40,750 | INFO | scraping_pipeline | Fetching https://books.toscrape.com/catalogue/worlds-elsewhere-journeys-around-shakespeares-globe_972/index.html (attempt 1/3)
2026-10-06 21:25:41,684 | INFO | scraping_pipeline | Fetching https://books.toscrape.com/catalogue/wall-and-piece_971/index.html (attempt 1/3)
2026-10-06 21:25:42,228 | INFO | scraping_pipeline | Fetching https://books.toscrape.com/catalogue/the-four-agreements-a-practical-guide-to-personal-freedom_970/index.html (attempt 1/3)
2026-10-06 21:25:42,786 | INFO | scraping_pipeline | Fetching https://books.toscrape.com/catalogue/the-five-love-languages-how-to-express-heartfelt-commitment-to-your-mate_969/index.html (attempt 1/3)
2026-10-06 21:25:43,714 | INFO | scraping_pipeline | Fetching https://books.toscrape.com/catalogue/the-elephant-tree_968/index.html (attempt 1/3)
2026-10-06 21:25:44,292 | INFO | scraping_pipeline | Fetching https://books.toscrape.com/catalogue/the-bear-and-the-piano_967/index.html (attempt 1/3)
2026-10-06 21:25:44,835 | INFO | scraping_pipeline | Fetching https://books.toscrape.com/catalogue/sophies-world_966/index.html (attempt 1/3)
2026-10-06 21:25:45,381 | INFO | scraping_pipeline | Fetching https://books.toscrape.com/catalogue/penny-maybe_965/index.html (attempt 1/3)
2026-10-06 21:25:45,954 | INFO | scraping_pipeline | Fetching https://books.toscrape.com/catalogue/maude-1883-1993she-grew-up-with-the-country_964/index.html (attempt 1/3)
2026-10-06 21:25:46,806 | INFO | scraping_pipeline | Fetching https://books.toscrape.com/catalogue/in-a-dark-dark-wood_963/index.html (attempt 1/3)
2026-10-06 21:25:47,813 | INFO | scraping_pipeline | Fetching https://books.toscrape.com/catalogue/behind-closed-doors_962/index.html (attempt 1/3)
2026-10-06 21:25:48,836 | INFO | scraping_pipeline | Fetching https://books.toscrape.com/catalogue/you-cant-bury-them-all-poems_961/index.html (attempt 1/3)
2026-10-06 21:25:49,929 | INFO | scraping_pipeline | Scraping listing page: https://books.toscrape.com/catalogue/page-3.html
2026-10-06 21:25:49,931 | INFO | scraping_pipeline | Fetching https://books.toscrape.com/catalogue/page-3.html (attempt 1/3)
2026-10-06 21:25:50,830 | INFO | scraping_pipeline | Fetching https://books.toscrape.com/catalogue/slow-states-of-collapse-poems_960/index.html (attempt 1/3)
2026-10-06 21:25:51,397 | INFO | scraping_pipeline | Fetching https://books.toscrape.com/catalogue/reasons-to-stay-alive_959/index.html (attempt 1/3)
2026-10-06 21:25:51,942 | INFO | scraping_pipeline | Fetching https://books.toscrape.com/catalogue/private-paris-private-10_958/index.html (attempt 1/3)
2026-10-06 21:25:52,491 | INFO | scraping_pipeline | Fetching https://books.toscrape.com/catalogue/higherselfie-wake-up-your-life-free-your-soul-find-your-tribe_957/index.html (attempt 1/3)
2026-10-06 21:25:53,348 | INFO | scraping_pipeline | Fetching https://books.toscrape.com/catalogue/without-borders-wanderlove-1_956/index.html (attempt 1/3)
2026-10-06 21:25:53,881 | INFO | scraping_pipeline | Fetching https://books.toscrape.com/catalogue/when-we-collided_955/index.html (attempt 1/3)
2026-10-06 21:25:54,422 | INFO | scraping_pipeline | Fetching https://books.toscrape.com/catalogue/we-love-you-charlie-freeman_954/index.html (attempt 1/3)
2026-10-06 21:25:55,309 | INFO | scraping_pipeline | Fetching https://books.toscrape.com/catalogue/untitled-collection-sabbath-poems-2014_953/index.html (attempt 1/3)
2026-10-06 21:25:56,207 | INFO | scraping_pipeline | Fetching https://books.toscrape.com/catalogue/unseen-city-the-majesty-of-pigeons-the-discreet-charm-of-snails-other-wonders-of-the-urban-wilderness_952/index.html (attempt 1/3)
2026-10-06 21:25:57,230 | INFO | scraping_pipeline | Fetching https://books.toscrape.com/catalogue/unicorn-tracks_951/index.html (attempt 1/3)
2026-10-06 21:25:57,789 | INFO | scraping_pipeline | Fetching https://books.toscrape.com/catalogue/unbound-how-eight-technologies-made-us-human-transformed-society-and-brought-our-world-to-the-brink_950/index.html (attempt 1/3)
2026-10-06 21:25:58,659 | INFO | scraping_pipeline | Fetching https://books.toscrape.com/catalogue/tsubasa-world-chronicle-2-tsubasa-world-chronicle-2_949/index.html (attempt 1/3)
2026-10-06 21:25:59,209 | INFO | scraping_pipeline | Fetching https://books.toscrape.com/catalogue/throwing-rocks-at-the-google-bus-how-growth-became-the-enemy-of-prosperity_948/index.html (attempt 1/3)
2026-10-06 21:26:00,088 | INFO | scraping_pipeline | Fetching https://books.toscrape.com/catalogue/this-one-summer_947/index.html (attempt 1/3)
2026-10-06 21:26:00,645 | INFO | scraping_pipeline | Fetching https://books.toscrape.com/catalogue/thirst_946/index.html (attempt 1/3)
2026-10-06 21:26:01,628 | INFO | scraping_pipeline | Fetching https://books.toscrape.com/catalogue/the-torch-is-passed-a-harding-family-story_945/index.html (attempt 1/3)
2026-10-06 21:26:02,649 | INFO | scraping_pipeline | Fetching https://books.toscrape.com/catalogue/the-secret-of-dreadwillow-carse_944/index.html (attempt 1/3)
2026-10-06 21:26:03,576 | INFO | scraping_pipeline | Fetching https://books.toscrape.com/catalogue/the-pioneer-woman-cooks-dinnertime-comfort-classics-freezer-food-16-minute-meals-and-other-delicious-ways-to-solve-supper_943/index.html (attempt 1/3)
2026-10-06 21:26:04,103 | INFO | scraping_pipeline | Fetching https://books.toscrape.com/catalogue/the-past-never-ends_942/index.html (attempt 1/3)
2026-10-06 21:26:04,632 | INFO | scraping_pipeline | Fetching https://books.toscrape.com/catalogue/the-natural-history-of-us-the-fine-art-of-pretending-2_941/index.html (attempt 1/3)
2026-10-06 21:26:05,251 | INFO | scraping_pipeline | Scraping listing page: https://books.toscrape.com/catalogue/page-4.html
2026-10-06 21:26:05,252 | INFO | scraping_pipeline | Fetching https://books.toscrape.com/catalogue/page-4.html (attempt 1/3)
2026-10-06 21:26:06,181 | INFO | scraping_pipeline | Fetching https://books.toscrape.com/catalogue/the-nameless-city-the-nameless-city-1_940/index.html (attempt 1/3)
2026-10-06 21:26:06,779 | INFO | scraping_pipeline | Fetching https://books.toscrape.com/catalogue/the-murder-that-never-was-forensic-instincts-5_939/index.html (attempt 1/3)
2026-10-06 21:26:07,692 | INFO | scraping_pipeline | Fetching https://books.toscrape.com/catalogue/the-most-perfect-thing-inside-and-outside-a-birds-egg_938/index.html (attempt 1/3)
2026-10-06 21:26:08,541 | INFO | scraping_pipeline | Fetching https://books.toscrape.com/catalogue/the-mindfulness-and-acceptance-workbook-for-anxiety-a-guide-to-breaking-free-from-anxiety-phobias-and-worry-using-acceptance-and-commitment-therapy_937/index.html (attempt 1/3)
2026-10-06 21:26:09,084 | INFO | scraping_pipeline | Fetching https://books.toscrape.com/catalogue/the-life-changing-magic-of-tidying-up-the-japanese-art-of-decluttering-and-organizing_936/index.html (attempt 1/3)
2026-10-06 21:26:10,039 | INFO | scraping_pipeline | Fetching https://books.toscrape.com/catalogue/the-inefficiency-assassin-time-management-tactics-for-working-smarter-not-longer_935/index.html (attempt 1/3)
2026-10-06 21:26:10,576 | INFO | scraping_pipeline | Fetching https://books.toscrape.com/catalogue/the-gutsy-girl-escapades-for-your-life-of-epic-adventure_934/index.html (attempt 1/3)
2026-10-06 21:26:11,561 | INFO | scraping_pipeline | Fetching https://books.toscrape.com/catalogue/the-electric-pencil-drawings-from-inside-state-hospital-no-3_933/index.html (attempt 1/3)
2026-10-06 21:26:12,505 | INFO | scraping_pipeline | Fetching https://books.toscrape.com/catalogue/the-death-of-humanity-and-the-case-for-life_932/index.html (attempt 1/3)
2026-10-06 21:26:13,053 | INFO | scraping_pipeline | Fetching https://books.toscrape.com/catalogue/the-bulletproof-diet-lose-up-to-a-pound-a-day-reclaim-energy-and-focus-upgrade-your-life_931/index.html (attempt 1/3)
2026-10-06 21:26:13,930 | INFO | scraping_pipeline | Fetching https://books.toscrape.com/catalogue/the-art-forger_930/index.html (attempt 1/3)
2026-10-06 21:26:14,848 | INFO | scraping_pipeline | Fetching https://books.toscrape.com/catalogue/the-age-of-genius-the-seventeenth-century-and-the-birth-of-the-modern-mind_929/index.html (attempt 1/3)
2026-10-06 21:26:15,421 | INFO | scraping_pipeline | Fetching https://books.toscrape.com/catalogue/the-activists-tao-te-ching-ancient-advice-for-a-modern-revolution_928/index.html (attempt 1/3)
2026-10-06 21:26:16,296 | INFO | scraping_pipeline | Fetching https://books.toscrape.com/catalogue/spark-joy-an-illustrated-master-class-on-the-art-of-organizing-and-tidying-up_927/index.html (attempt 1/3)
2026-10-06 21:26:16,897 | INFO | scraping_pipeline | Fetching https://books.toscrape.com/catalogue/soul-reader_926/index.html (attempt 1/3)
2026-10-06 21:26:17,457 | INFO | scraping_pipeline | Fetching https://books.toscrape.com/catalogue/security_925/index.html (attempt 1/3)
2026-10-06 21:26:18,348 | INFO | scraping_pipeline | Fetching https://books.toscrape.com/catalogue/saga-volume-6-saga-collected-editions-6_924/index.html (attempt 1/3)
2026-10-06 21:26:18,946 | INFO | scraping_pipeline | Fetching https://books.toscrape.com/catalogue/saga-volume-5-saga-collected-editions-5_923/index.html (attempt 1/3)
2026-10-06 21:26:19,519 | INFO | scraping_pipeline | Fetching https://books.toscrape.com/catalogue/reskilling-america-learning-to-labor-in-the-twenty-first-century_922/index.html (attempt 1/3)
2026-10-06 21:26:20,637 | INFO | scraping_pipeline | Fetching https://books.toscrape.com/catalogue/rat-queens-vol-3-demons-rat-queens-collected-editions-11-15_921/index.html (attempt 1/3)
2026-10-06 21:26:21,284 | INFO | scraping_pipeline | Scraping listing page: https://books.toscrape.com/catalogue/page-5.html
2026-10-06 21:26:21,284 | INFO | scraping_pipeline | Fetching https://books.toscrape.com/catalogue/page-5.html (attempt 1/3)
2026-10-06 21:26:22,671 | INFO | scraping_pipeline | Fetching https://books.toscrape.com/catalogue/princess-jellyfish-2-in-1-omnibus-vol-01-princess-jellyfish-2-in-1-omnibus-1_920/index.html (attempt 1/3)
2026-10-06 21:26:23,228 | INFO | scraping_pipeline | Fetching https://books.toscrape.com/catalogue/princess-between-worlds-wide-awake-princess-5_919/index.html (attempt 1/3)
2026-10-06 21:26:23,792 | INFO | scraping_pipeline | Fetching https://books.toscrape.com/catalogue/pop-gun-war-volume-1-gift_918/index.html (attempt 1/3)
2026-10-06 21:26:24,365 | INFO | scraping_pipeline | Fetching https://books.toscrape.com/catalogue/political-suicide-missteps-peccadilloes-bad-calls-backroom-hijinx-sordid-pasts-rotten-breaks-and-just-plain-dumb-mistakes-in-the-annals-of-american-politics_917/index.html (attempt 1/3)
2026-10-06 21:26:24,979 | INFO | scraping_pipeline | Fetching https://books.toscrape.com/catalogue/patience_916/index.html (attempt 1/3)
2026-10-06 21:26:25,525 | INFO | scraping_pipeline | Fetching https://books.toscrape.com/catalogue/outcast-vol-1-a-darkness-surrounds-him-outcast-1_915/index.html (attempt 1/3)
2026-10-06 21:26:26,069 | INFO | scraping_pipeline | Fetching https://books.toscrape.com/catalogue/orange-the-complete-collection-1-orange-the-complete-collection-1_914/index.html (attempt 1/3)
2026-10-06 21:26:26,950 | INFO | scraping_pipeline | Fetching https://books.toscrape.com/catalogue/online-marketing-for-busy-authors-a-step-by-step-guide_913/index.html (attempt 1/3)
2026-10-06 21:26:27,821 | INFO | scraping_pipeline | Fetching https://books.toscrape.com/catalogue/on-a-midnight-clear_912/index.html (attempt 1/3)
2026-10-06 21:26:28,793 | INFO | scraping_pipeline | Fetching https://books.toscrape.com/catalogue/obsidian-lux-1_911/index.html (attempt 1/3)
2026-10-06 21:26:29,632 | INFO | scraping_pipeline | Fetching https://books.toscrape.com/catalogue/my-paris-kitchen-recipes-and-stories_910/index.html (attempt 1/3)
2026-10-06 21:26:30,503 | INFO | scraping_pipeline | Fetching https://books.toscrape.com/catalogue/masks-and-shadows_909/index.html (attempt 1/3)
2026-10-06 21:26:31,129 | INFO | scraping_pipeline | Fetching https://books.toscrape.com/catalogue/mama-tried-traditional-italian-cooking-for-the-screwed-crude-vegan-and-tattooed_908/index.html (attempt 1/3)
2026-10-06 21:26:32,162 | INFO | scraping_pipeline | Fetching https://books.toscrape.com/catalogue/lumberjanes-vol-2-friendship-to-the-max-lumberjanes-5-8_907/index.html (attempt 1/3)
2026-10-06 21:26:32,709 | INFO | scraping_pipeline | Fetching https://books.toscrape.com/catalogue/lumberjanes-vol-1-beware-the-kitten-holy-lumberjanes-1-4_906/index.html (attempt 1/3)
2026-10-06 21:26:33,266 | INFO | scraping_pipeline | Fetching https://books.toscrape.com/catalogue/lumberjanes-vol-3-a-terrible-plan-lumberjanes-9-12_905/index.html (attempt 1/3)
2026-10-06 21:26:33,892 | INFO | scraping_pipeline | Fetching https://books.toscrape.com/catalogue/layered-baking-building-and-styling-spectacular-cakes_904/index.html (attempt 1/3)
2026-10-06 21:26:34,908 | INFO | scraping_pipeline | Fetching https://books.toscrape.com/catalogue/judo-seven-steps-to-black-belt-an-introductory-guide-for-beginners_903/index.html (attempt 1/3)
2026-10-06 21:26:35,760 | INFO | scraping_pipeline | Fetching https://books.toscrape.com/catalogue/join_902/index.html (attempt 1/3)
2026-10-06 21:26:36,633 | INFO | scraping_pipeline | Fetching https://books.toscrape.com/catalogue/in-the-country-we-love-my-family-divided_901/index.html (attempt 1/3)
2026-10-06 21:26:37,621 | INFO | scraping_pipeline | Scraping listing page: https://books.toscrape.com/catalogue/page-6.html
2026-10-06 21:26:37,622 | INFO | scraping_pipeline | Fetching https://books.toscrape.com/catalogue/page-6.html (attempt 1/3)
2026-10-06 21:26:38,539 | INFO | scraping_pipeline | Fetching https://books.toscrape.com/catalogue/immunity-how-elie-metchnikoff-changed-the-course-of-modern-medicine_900/index.html (attempt 1/3)
2026-10-06 21:26:39,396 | INFO | scraping_pipeline | Fetching https://books.toscrape.com/catalogue/i-hate-fairyland-vol-1-madly-ever-after-i-hate-fairyland-compilations-1-5_899/index.html (attempt 1/3)
2026-10-06 21:26:40,351 | INFO | scraping_pipeline | Fetching https://books.toscrape.com/catalogue/i-am-a-hero-omnibus-volume-1_898/index.html (attempt 1/3)
2026-10-06 21:26:40,960 | INFO | scraping_pipeline | Fetching https://books.toscrape.com/catalogue/how-to-be-miserable-40-strategies-you-already-use_897/index.html (attempt 1/3)
2026-10-06 21:26:41,987 | INFO | scraping_pipeline | Fetching https://books.toscrape.com/catalogue/her-backup-boyfriend-the-sorensen-family-1_896/index.html (attempt 1/3)
2026-10-06 21:26:42,551 | INFO | scraping_pipeline | Fetching https://books.toscrape.com/catalogue/giant-days-vol-2-giant-days-5-8_895/index.html (attempt 1/3)
2026-10-06 21:26:43,620 | INFO | scraping_pipeline | Fetching https://books.toscrape.com/catalogue/forever-and-forever-the-courtship-of-henry-longfellow-and-fanny-appleton_894/index.html (attempt 1/3)
2026-10-06 21:26:44,646 | INFO | scraping_pipeline | Fetching https://books.toscrape.com/catalogue/first-and-first-five-boroughs-3_893/index.html (attempt 1/3)
2026-10-06 21:26:45,261 | INFO | scraping_pipeline | Fetching https://books.toscrape.com/catalogue/fifty-shades-darker-fifty-shades-2_892/index.html (attempt 1/3)
2026-10-06 21:26:46,289 | INFO | scraping_pipeline | Fetching https://books.toscrape.com/catalogue/everydata-the-misinformation-hidden-in-the-little-data-you-consume-every-day_891/index.html (attempt 1/3)
2026-10-06 21:26:47,308 | INFO | scraping_pipeline | Fetching https://books.toscrape.com/catalogue/dont-be-a-jerk-and-other-practical-advice-from-dogen-japans-greatest-zen-master_890/index.html (attempt 1/3)
2026-10-06 21:26:48,334 | INFO | scraping_pipeline | Fetching https://books.toscrape.com/catalogue/danganronpa-volume-1_889/index.html (attempt 1/3)
2026-10-06 21:26:49,357 | INFO | scraping_pipeline | Fetching https://books.toscrape.com/catalogue/crown-of-midnight-throne-of-glass-2_888/index.html (attempt 1/3)
2026-10-06 21:26:50,383 | INFO | scraping_pipeline | Fetching https://books.toscrape.com/catalogue/codename-baboushka-volume-1-the-conclave-of-death_887/index.html (attempt 1/3)
2026-10-06 21:26:51,410 | INFO | scraping_pipeline | Fetching https://books.toscrape.com/catalogue/camp-midnight_886/index.html (attempt 1/3)
2026-10-06 21:26:52,022 | INFO | scraping_pipeline | Fetching https://books.toscrape.com/catalogue/call-the-nurse-true-stories-of-a-country-nurse-on-a-scottish-isle_885/index.html (attempt 1/3)
2026-10-06 21:26:53,043 | INFO | scraping_pipeline | Fetching https://books.toscrape.com/catalogue/burning_884/index.html (attempt 1/3)
2026-10-06 21:26:53,605 | INFO | scraping_pipeline | Fetching https://books.toscrape.com/catalogue/bossypants_883/index.html (attempt 1/3)
2026-10-06 21:26:55,815 | INFO | scraping_pipeline | Fetching https://books.toscrape.com/catalogue/bitch-planet-vol-1-extraordinary-machine-bitch-planet-collected-editions_882/index.html (attempt 1/3)
2026-10-06 21:26:56,732 | INFO | scraping_pipeline | Fetching https://books.toscrape.com/catalogue/avatar-the-last-airbender-smoke-and-shadow-part-3-smoke-and-shadow-3_881/index.html (attempt 1/3)
2026-10-06 21:26:57,677 | INFO | scraping_pipeline | Scraping listing page: https://books.toscrape.com/catalogue/page-7.html
2026-10-06 21:26:57,678 | INFO | scraping_pipeline | Fetching https://books.toscrape.com/catalogue/page-7.html (attempt 1/3)
2026-10-06 21:26:59,098 | INFO | scraping_pipeline | Fetching https://books.toscrape.com/catalogue/algorithms-to-live-by-the-computer-science-of-human-decisions_880/index.html (attempt 1/3)
2026-10-06 21:27:00,003 | INFO | scraping_pipeline | Fetching https://books.toscrape.com/catalogue/a-world-of-flavor-your-gluten-free-passport_879/index.html (attempt 1/3)
2026-10-06 21:27:00,868 | INFO | scraping_pipeline | Fetching https://books.toscrape.com/catalogue/a-piece-of-sky-a-grain-of-rice-a-memoir-in-four-meditations_878/index.html (attempt 1/3)
2026-10-06 21:27:11,631 | WARNING | scraping_pipeline | Request failed for https://books.toscrape.com/catalogue/a-piece-of-sky-a-grain-of-rice-a-memoir-in-four-meditations_878/index.html: HTTPSConnectionPool(host='books.toscrape.com', port=443): Read timed out.
2026-10-06 21:27:11,631 | INFO | scraping_pipeline | Fetching https://books.toscrape.com/catalogue/a-piece-of-sky-a-grain-of-rice-a-memoir-in-four-meditations_878/index.html (attempt 2/3)
2026-10-06 21:27:13,611 | INFO | scraping_pipeline | Fetching https://books.toscrape.com/catalogue/a-murder-in-time_877/index.html (attempt 1/3)
2026-10-06 21:27:14,236 | INFO | scraping_pipeline | Fetching https://books.toscrape.com/catalogue/a-flight-of-arrows-the-pathfinders-2_876/index.html (attempt 1/3)
2026-10-06 21:27:14,794 | INFO | scraping_pipeline | Fetching https://books.toscrape.com/catalogue/a-fierce-and-subtle-poison_875/index.html (attempt 1/3)
2026-10-06 21:27:15,359 | INFO | scraping_pipeline | Fetching https://books.toscrape.com/catalogue/a-court-of-thorns-and-roses-a-court-of-thorns-and-roses-1_874/index.html (attempt 1/3)
2026-10-06 21:27:15,920 | INFO | scraping_pipeline | Fetching https://books.toscrape.com/catalogue/unqualified-how-god-uses-broken-people-to-do-big-things_873/index.html (attempt 1/3)
2026-10-06 21:27:16,487 | INFO | scraping_pipeline | Fetching https://books.toscrape.com/catalogue/you-are-what-you-love-the-spiritual-power-of-habit_872/index.html (attempt 1/3)
2026-10-06 21:27:17,056 | INFO | scraping_pipeline | Fetching https://books.toscrape.com/catalogue/william-shakespeares-star-wars-verily-a-new-hope-william-shakespeares-star-wars-4_871/index.html (attempt 1/3)
2026-10-06 21:27:17,619 | INFO | scraping_pipeline | Fetching https://books.toscrape.com/catalogue/tuesday-nights-in-1980_870/index.html (attempt 1/3)
2026-10-06 21:27:18,494 | INFO | scraping_pipeline | Fetching https://books.toscrape.com/catalogue/tracing-numbers-on-a-train_869/index.html (attempt 1/3)
2026-10-06 21:27:19,054 | INFO | scraping_pipeline | Fetching https://books.toscrape.com/catalogue/throne-of-glass-throne-of-glass-1_868/index.html (attempt 1/3)
2026-10-06 21:27:20,074 | INFO | scraping_pipeline | Fetching https://books.toscrape.com/catalogue/thomas-jefferson-and-the-tripoli-pirates-the-forgotten-war-that-changed-american-history_867/index.html (attempt 1/3)
2026-10-06 21:27:21,102 | INFO | scraping_pipeline | Fetching https://books.toscrape.com/catalogue/thirteen-reasons-why_866/index.html (attempt 1/3)
2026-10-06 21:27:21,654 | INFO | scraping_pipeline | Fetching https://books.toscrape.com/catalogue/the-white-cat-and-the-monk-a-retelling-of-the-poem-pangur-ban_865/index.html (attempt 1/3)
2026-10-06 21:27:22,641 | INFO | scraping_pipeline | Fetching https://books.toscrape.com/catalogue/the-wedding-dress_864/index.html (attempt 1/3)
2026-10-06 21:27:23,581 | INFO | scraping_pipeline | Fetching https://books.toscrape.com/catalogue/the-vacationers_863/index.html (attempt 1/3)
2026-10-06 21:27:24,508 | INFO | scraping_pipeline | Fetching https://books.toscrape.com/catalogue/the-third-wave-an-entrepreneurs-vision-of-the-future_862/index.html (attempt 1/3)
2026-10-06 21:27:25,412 | INFO | scraping_pipeline | Fetching https://books.toscrape.com/catalogue/the-stranger_861/index.html (attempt 1/3)
2026-10-06 21:27:26,040 | INFO | scraping_pipeline | Scraping listing page: https://books.toscrape.com/catalogue/page-8.html
2026-10-06 21:27:26,041 | INFO | scraping_pipeline | Fetching https://books.toscrape.com/catalogue/page-8.html (attempt 1/3)
2026-10-06 21:27:26,964 | INFO | scraping_pipeline | Fetching https://books.toscrape.com/catalogue/the-shadow-hero-the-shadow-hero_860/index.html (attempt 1/3)
2026-10-06 21:27:27,556 | INFO | scraping_pipeline | Fetching https://books.toscrape.com/catalogue/the-secret-the-secret-1_859/index.html (attempt 1/3)
2026-10-06 21:27:28,164 | INFO | scraping_pipeline | Fetching https://books.toscrape.com/catalogue/the-regional-office-is-under-attack_858/index.html (attempt 1/3)
2026-10-06 21:27:28,718 | INFO | scraping_pipeline | Fetching https://books.toscrape.com/catalogue/the-psychopath-test-a-journey-through-the-madness-industry_857/index.html (attempt 1/3)
2026-10-06 21:27:29,604 | INFO | scraping_pipeline | Fetching https://books.toscrape.com/catalogue/the-project_856/index.html (attempt 1/3)
2026-10-06 21:27:30,158 | INFO | scraping_pipeline | Fetching https://books.toscrape.com/catalogue/the-power-of-now-a-guide-to-spiritual-enlightenment_855/index.html (attempt 1/3)
2026-10-06 21:27:31,035 | INFO | scraping_pipeline | Fetching https://books.toscrape.com/catalogue/the-omnivores-dilemma-a-natural-history-of-four-meals_854/index.html (attempt 1/3)
2026-10-06 21:27:31,957 | INFO | scraping_pipeline | Fetching https://books.toscrape.com/catalogue/the-nerdy-nummies-cookbook-sweet-treats-for-the-geek-in-all-of-us_853/index.html (attempt 1/3)
2026-10-06 21:27:32,835 | INFO | scraping_pipeline | Fetching https://books.toscrape.com/catalogue/the-murder-of-roger-ackroyd-hercule-poirot-4_852/index.html (attempt 1/3)
2026-10-06 21:27:33,794 | INFO | scraping_pipeline | Fetching https://books.toscrape.com/catalogue/the-mistake-off-campus-2_851/index.html (attempt 1/3)
2026-10-06 21:27:34,649 | INFO | scraping_pipeline | Fetching https://books.toscrape.com/catalogue/the-matchmakers-playbook-wingmen-inc-1_850/index.html (attempt 1/3)
2026-10-06 21:27:35,555 | INFO | scraping_pipeline | Fetching https://books.toscrape.com/catalogue/the-love-and-lemons-cookbook-an-apple-to-zucchini-celebration-of-impromptu-cooking_849/index.html (attempt 1/3)
2026-10-06 21:27:36,457 | INFO | scraping_pipeline | Fetching https://books.toscrape.com/catalogue/the-long-shadow-of-small-ghosts-murder-and-memory-in-an-american-city_848/index.html (attempt 1/3)
2026-10-06 21:27:37,331 | INFO | scraping_pipeline | Fetching https://books.toscrape.com/catalogue/the-kite-runner_847/index.html (attempt 1/3)
2026-10-06 21:27:38,212 | INFO | scraping_pipeline | Fetching https://books.toscrape.com/catalogue/the-house-by-the-lake_846/index.html (attempt 1/3)
2026-10-06 21:27:38,775 | INFO | scraping_pipeline | Fetching https://books.toscrape.com/catalogue/the-glittering-court-the-glittering-court-1_845/index.html (attempt 1/3)
2026-10-06 21:27:39,653 | INFO | scraping_pipeline | Fetching https://books.toscrape.com/catalogue/the-girl-on-the-train_844/index.html (attempt 1/3)
2026-10-06 21:27:40,317 | INFO | scraping_pipeline | Fetching https://books.toscrape.com/catalogue/the-genius-of-birds_843/index.html (attempt 1/3)
2026-10-06 21:27:41,373 | INFO | scraping_pipeline | Fetching https://books.toscrape.com/catalogue/the-emerald-mystery_842/index.html (attempt 1/3)
2026-10-06 21:27:42,250 | INFO | scraping_pipeline | Fetching https://books.toscrape.com/catalogue/the-cookies-cups-cookbook-125-sweet-savory-recipes-reminding-you-to-always-eat-dessert-first_841/index.html (attempt 1/3)
2026-10-06 21:27:43,205 | INFO | scraping_pipeline | Scraping listing page: https://books.toscrape.com/catalogue/page-9.html
2026-10-06 21:27:43,206 | INFO | scraping_pipeline | Fetching https://books.toscrape.com/catalogue/page-9.html (attempt 1/3)
2026-10-06 21:27:44,285 | INFO | scraping_pipeline | Fetching https://books.toscrape.com/catalogue/the-bridge-to-consciousness-im-writing-the-bridge-between-science-and-our-old-and-new-beliefs_840/index.html (attempt 1/3)
2026-10-06 21:27:44,854 | INFO | scraping_pipeline | Fetching https://books.toscrape.com/catalogue/the-artists-way-a-spiritual-path-to-higher-creativity_839/index.html (attempt 1/3)
2026-10-06 21:27:45,734 | INFO | scraping_pipeline | Fetching https://books.toscrape.com/catalogue/the-art-of-war_838/index.html (attempt 1/3)
2026-10-06 21:27:46,705 | INFO | scraping_pipeline | Fetching https://books.toscrape.com/catalogue/the-argonauts_837/index.html (attempt 1/3)
2026-10-06 21:27:47,624 | INFO | scraping_pipeline | Fetching https://books.toscrape.com/catalogue/the-10-entrepreneur-live-your-startup-dream-without-quitting-your-day-job_836/index.html (attempt 1/3)
2026-10-06 21:27:48,293 | INFO | scraping_pipeline | Fetching https://books.toscrape.com/catalogue/suddenly-in-love-lake-haven-1_835/index.html (attempt 1/3)
2026-10-06 21:27:48,853 | INFO | scraping_pipeline | Fetching https://books.toscrape.com/catalogue/something-more-than-this_834/index.html (attempt 1/3)
2026-10-06 21:27:49,467 | INFO | scraping_pipeline | Fetching https://books.toscrape.com/catalogue/soft-apocalypse_833/index.html (attempt 1/3)
2026-10-06 21:27:50,403 | INFO | scraping_pipeline | Fetching https://books.toscrape.com/catalogue/so-youve-been-publicly-shamed_832/index.html (attempt 1/3)
2026-10-06 21:27:51,002 | INFO | scraping_pipeline | Fetching https://books.toscrape.com/catalogue/shoe-dog-a-memoir-by-the-creator-of-nike_831/index.html (attempt 1/3)
2026-10-06 21:27:52,028 | INFO | scraping_pipeline | Fetching https://books.toscrape.com/catalogue/shobu-samurai-project-aryoku-3_830/index.html (attempt 1/3)
2026-10-06 21:27:53,044 | INFO | scraping_pipeline | Fetching https://books.toscrape.com/catalogue/secrets-and-lace-fatal-hearts-1_829/index.html (attempt 1/3)
2026-10-06 21:27:53,976 | INFO | scraping_pipeline | Fetching https://books.toscrape.com/catalogue/scarlett-epstein-hates-it-here_828/index.html (attempt 1/3)
2026-10-06 21:27:54,584 | INFO | scraping_pipeline | Fetching https://books.toscrape.com/catalogue/romero-and-juliet-a-tragic-tale-of-love-and-zombies_827/index.html (attempt 1/3)
2026-10-06 21:27:55,514 | INFO | scraping_pipeline | Fetching https://books.toscrape.com/catalogue/redeeming-love_826/index.html (attempt 1/3)
2026-10-06 21:27:56,127 | INFO | scraping_pipeline | Fetching https://books.toscrape.com/catalogue/poses-for-artists-volume-1-dynamic-and-sitting-poses-an-essential-reference-for-figure-drawing-and-the-human-form_825/index.html (attempt 1/3)
2026-10-06 21:27:56,735 | INFO | scraping_pipeline | Fetching https://books.toscrape.com/catalogue/poems-that-make-grown-women-cry_824/index.html (attempt 1/3)
2026-10-06 21:27:57,306 | INFO | scraping_pipeline | Fetching https://books.toscrape.com/catalogue/nightingale-sing_823/index.html (attempt 1/3)
2026-10-06 21:27:57,863 | INFO | scraping_pipeline | Fetching https://books.toscrape.com/catalogue/night-sky-with-exit-wounds_822/index.html (attempt 1/3)
2026-10-06 21:27:58,475 | INFO | scraping_pipeline | Fetching https://books.toscrape.com/catalogue/mrs-houdini_821/index.html (attempt 1/3)
2026-10-06 21:27:59,473 | INFO | scraping_pipeline | Scraping listing page: https://books.toscrape.com/catalogue/page-10.html
2026-10-06 21:27:59,474 | INFO | scraping_pipeline | Fetching https://books.toscrape.com/catalogue/page-10.html (attempt 1/3)
2026-10-06 21:28:00,463 | INFO | scraping_pipeline | Fetching https://books.toscrape.com/catalogue/modern-romance_820/index.html (attempt 1/3)
2026-10-06 21:28:01,446 | INFO | scraping_pipeline | Fetching https://books.toscrape.com/catalogue/miss-peregrines-home-for-peculiar-children-miss-peregrines-peculiar-children-1_819/index.html (attempt 1/3)
2026-10-06 21:28:02,380 | INFO | scraping_pipeline | Fetching https://books.toscrape.com/catalogue/louisa-the-extraordinary-life-of-mrs-adams_818/index.html (attempt 1/3)
2026-10-06 21:28:03,391 | INFO | scraping_pipeline | Fetching https://books.toscrape.com/catalogue/little-red_817/index.html (attempt 1/3)
2026-10-06 21:28:04,007 | INFO | scraping_pipeline | Fetching https://books.toscrape.com/catalogue/library-of-souls-miss-peregrines-peculiar-children-3_816/index.html (attempt 1/3)
2026-10-06 21:28:05,039 | INFO | scraping_pipeline | Fetching https://books.toscrape.com/catalogue/large-print-heart-of-the-pride_815/index.html (attempt 1/3)
2026-10-06 21:28:05,909 | INFO | scraping_pipeline | Fetching https://books.toscrape.com/catalogue/i-had-a-nice-time-and-other-lies-how-to-find-love-sht-like-that_814/index.html (attempt 1/3)
2026-10-06 21:28:06,874 | INFO | scraping_pipeline | Fetching https://books.toscrape.com/catalogue/hollow-city-miss-peregrines-peculiar-children-2_813/index.html (attempt 1/3)
2026-10-06 21:28:07,489 | INFO | scraping_pipeline | Fetching https://books.toscrape.com/catalogue/grumbles_812/index.html (attempt 1/3)
2026-10-06 21:28:08,109 | INFO | scraping_pipeline | Fetching https://books.toscrape.com/catalogue/full-moon-over-noahs-ark-an-odyssey-to-mount-ararat-and-beyond_811/index.html (attempt 1/3)
2026-10-06 21:28:09,044 | INFO | scraping_pipeline | Fetching https://books.toscrape.com/catalogue/frostbite-vampire-academy-2_810/index.html (attempt 1/3)
2026-10-06 21:28:09,642 | INFO | scraping_pipeline | Fetching https://books.toscrape.com/catalogue/follow-you-home_809/index.html (attempt 1/3)
2026-10-06 21:28:10,355 | INFO | scraping_pipeline | Fetching https://books.toscrape.com/catalogue/first-steps-for-new-christians-print-edition_808/index.html (attempt 1/3)
2026-10-06 21:28:11,378 | INFO | scraping_pipeline | Fetching https://books.toscrape.com/catalogue/finders-keepers-bill-hodges-trilogy-2_807/index.html (attempt 1/3)
2026-10-06 21:28:11,994 | INFO | scraping_pipeline | Fetching https://books.toscrape.com/catalogue/fables-vol-1-legends-in-exile-fables-1_806/index.html (attempt 1/3)
2026-10-06 21:28:12,594 | INFO | scraping_pipeline | Fetching https://books.toscrape.com/catalogue/eureka-trivia-60_805/index.html (attempt 1/3)
2026-10-06 21:28:13,630 | INFO | scraping_pipeline | Fetching https://books.toscrape.com/catalogue/drive-the-surprising-truth-about-what-motivates-us_804/index.html (attempt 1/3)
2026-10-06 21:28:14,653 | INFO | scraping_pipeline | Fetching https://books.toscrape.com/catalogue/done-rubbed-out-reightman-bailey-1_803/index.html (attempt 1/3)
2026-10-06 21:28:15,594 | INFO | scraping_pipeline | Fetching https://books.toscrape.com/catalogue/doing-it-over-most-likely-to-1_802/index.html (attempt 1/3)
2026-10-06 21:28:16,193 | INFO | scraping_pipeline | Fetching https://books.toscrape.com/catalogue/deliciously-ella-every-day-quick-and-easy-recipes-for-gluten-free-snacks-packed-lunches-and-simple-meals_801/index.html (attempt 1/3)
2026-10-06 21:28:17,290 | INFO | scraping_pipeline | Scraping listing page: https://books.toscrape.com/catalogue/page-11.html
2026-10-06 21:28:17,290 | INFO | scraping_pipeline | Fetching https://books.toscrape.com/catalogue/page-11.html (attempt 1/3)
2026-10-06 21:28:18,486 | INFO | scraping_pipeline | Fetching https://books.toscrape.com/catalogue/dark-notes_800/index.html (attempt 1/3)
2026-10-06 21:28:19,050 | INFO | scraping_pipeline | Fetching https://books.toscrape.com/catalogue/daring-greatly-how-the-courage-to-be-vulnerable-transforms-the-way-we-live-love-parent-and-lead_799/index.html (attempt 1/3)
2026-10-06 21:28:19,679 | INFO | scraping_pipeline | Fetching https://books.toscrape.com/catalogue/close-to-you_798/index.html (attempt 1/3)
2026-10-06 21:28:20,238 | INFO | scraping_pipeline | Fetching https://books.toscrape.com/catalogue/chasing-heaven-what-dying-taught-me-about-living_797/index.html (attempt 1/3)
2026-10-06 21:28:20,805 | INFO | scraping_pipeline | Fetching https://books.toscrape.com/catalogue/big-magic-creative-living-beyond-fear_796/index.html (attempt 1/3)
2026-10-06 21:28:21,418 | INFO | scraping_pipeline | Fetching https://books.toscrape.com/catalogue/becoming-wise-an-inquiry-into-the-mystery-and-art-of-living_795/index.html (attempt 1/3)
2026-10-06 21:28:22,444 | INFO | scraping_pipeline | Fetching https://books.toscrape.com/catalogue/beauty-restored-riley-family-legacy-novellas-3_794/index.html (attempt 1/3)
2026-10-06 21:28:23,461 | INFO | scraping_pipeline | Fetching https://books.toscrape.com/catalogue/batman-the-long-halloween-batman_793/index.html (attempt 1/3)
2026-10-06 21:28:24,486 | INFO | scraping_pipeline | Fetching https://books.toscrape.com/catalogue/batman-the-dark-knight-returns-batman_792/index.html (attempt 1/3)
2026-10-06 21:28:25,509 | INFO | scraping_pipeline | Fetching https://books.toscrape.com/catalogue/ayumis-violin_791/index.html (attempt 1/3)
2026-10-06 21:28:26,087 | INFO | scraping_pipeline | Fetching https://books.toscrape.com/catalogue/anonymous_790/index.html (attempt 1/3)
2026-10-06 21:28:26,696 | INFO | scraping_pipeline | Fetching https://books.toscrape.com/catalogue/amy-meets-the-saints-and-sages_789/index.html (attempt 1/3)
2026-10-06 21:28:27,356 | INFO | scraping_pipeline | Fetching https://books.toscrape.com/catalogue/amid-the-chaos_788/index.html (attempt 1/3)
2026-10-06 21:28:28,384 | INFO | scraping_pipeline | Fetching https://books.toscrape.com/catalogue/amatus_787/index.html (attempt 1/3)
2026-10-06 21:28:28,992 | INFO | scraping_pipeline | Fetching https://books.toscrape.com/catalogue/agnostic-a-spirited-manifesto_786/index.html (attempt 1/3)
2026-10-06 21:28:30,023 | INFO | scraping_pipeline | Fetching https://books.toscrape.com/catalogue/zealot-the-life-and-times-of-jesus-of-nazareth_785/index.html (attempt 1/3)
2026-10-06 21:28:30,943 | INFO | scraping_pipeline | Fetching https://books.toscrape.com/catalogue/you-you-1_784/index.html (attempt 1/3)
2026-10-06 21:28:31,961 | INFO | scraping_pipeline | Fetching https://books.toscrape.com/catalogue/wonder-woman-earth-one-volume-one-wonder-woman-earth-one-1_783/index.html (attempt 1/3)
2026-10-06 21:28:32,890 | INFO | scraping_pipeline | Fetching https://books.toscrape.com/catalogue/wild-swans_782/index.html (attempt 1/3)
2026-10-06 21:28:33,502 | INFO | scraping_pipeline | Fetching https://books.toscrape.com/catalogue/why-the-right-went-wrong-conservatism-from-goldwater-to-the-tea-party-and-beyond_781/index.html (attempt 1/3)
2026-10-06 21:28:34,190 | INFO | scraping_pipeline | Scraping listing page: https://books.toscrape.com/catalogue/page-12.html
2026-10-06 21:28:34,190 | INFO | scraping_pipeline | Fetching https://books.toscrape.com/catalogue/page-12.html (attempt 1/3)
2026-10-06 21:28:35,109 | INFO | scraping_pipeline | Fetching https://books.toscrape.com/catalogue/whole-lotta-creativity-going-on-60-fun-and-unusual-exercises-to-awaken-and-strengthen-your-creativity_780/index.html (attempt 1/3)
2026-10-06 21:28:35,656 | INFO | scraping_pipeline | Fetching https://books.toscrape.com/catalogue/whats-it-like-in-space-stories-from-astronauts-whove-been-there_779/index.html (attempt 1/3)
2026-10-06 21:28:36,532 | INFO | scraping_pipeline | Fetching https://books.toscrape.com/catalogue/we-are-robin-vol-1-the-vigilante-business-we-are-robin-1_778/index.html (attempt 1/3)
2026-10-06 21:28:37,289 | INFO | scraping_pipeline | Fetching https://books.toscrape.com/catalogue/walt-disneys-alice-in-wonderland_777/index.html (attempt 1/3)
2026-10-06 21:28:38,310 | INFO | scraping_pipeline | Fetching https://books.toscrape.com/catalogue/v-for-vendetta-v-for-vendetta-complete_776/index.html (attempt 1/3)
2026-10-06 21:28:38,933 | INFO | scraping_pipeline | Fetching https://books.toscrape.com/catalogue/until-friday-night-the-field-party-1_775/index.html (attempt 1/3)
2026-10-06 21:28:39,945 | INFO | scraping_pipeline | Fetching https://books.toscrape.com/catalogue/unbroken-a-world-war-ii-story-of-survival-resilience-and-redemption_774/index.html (attempt 1/3)
2026-10-06 21:28:40,875 | INFO | scraping_pipeline | Fetching https://books.toscrape.com/catalogue/twenty-yawns_773/index.html (attempt 1/3)
2026-10-06 21:28:41,487 | INFO | scraping_pipeline | Fetching https://books.toscrape.com/catalogue/through-the-woods_772/index.html (attempt 1/3)
2026-10-06 21:28:42,089 | INFO | scraping_pipeline | Fetching https://books.toscrape.com/catalogue/this-is-where-it-ends_771/index.html (attempt 1/3)
2026-10-06 21:28:42,630 | INFO | scraping_pipeline | Fetching https://books.toscrape.com/catalogue/the-year-of-magical-thinking_770/index.html (attempt 1/3)
2026-10-06 21:28:43,628 | INFO | scraping_pipeline | Fetching https://books.toscrape.com/catalogue/the-wright-brothers_769/index.html (attempt 1/3)
2026-10-06 21:28:44,653 | INFO | scraping_pipeline | Fetching https://books.toscrape.com/catalogue/the-white-queen-the-cousins-war-1_768/index.html (attempt 1/3)
2026-10-06 21:28:45,579 | INFO | scraping_pipeline | Fetching https://books.toscrape.com/catalogue/the-wedding-pact-the-omalleys-2_767/index.html (attempt 1/3)
2026-10-06 21:28:46,188 | INFO | scraping_pipeline | Fetching https://books.toscrape.com/catalogue/the-time-keeper_766/index.html (attempt 1/3)
2026-10-06 21:28:46,803 | INFO | scraping_pipeline | Fetching https://books.toscrape.com/catalogue/the-testament-of-mary_765/index.html (attempt 1/3)
2026-10-06 21:28:47,372 | INFO | scraping_pipeline | Fetching https://books.toscrape.com/catalogue/the-star-touched-queen_764/index.html (attempt 1/3)
2026-10-06 21:28:48,338 | INFO | scraping_pipeline | Fetching https://books.toscrape.com/catalogue/the-songs-of-the-gods_763/index.html (attempt 1/3)
2026-10-06 21:28:49,259 | INFO | scraping_pipeline | Fetching https://books.toscrape.com/catalogue/the-song-of-achilles_762/index.html (attempt 1/3)
2026-10-06 21:28:49,871 | INFO | scraping_pipeline | Fetching https://books.toscrape.com/catalogue/the-rosie-project-don-tillman-1_761/index.html (attempt 1/3)
2026-10-06 21:28:50,959 | INFO | scraping_pipeline | Scraping listing page: https://books.toscrape.com/catalogue/page-13.html
2026-10-06 21:28:50,959 | INFO | scraping_pipeline | Fetching https://books.toscrape.com/catalogue/page-13.html (attempt 1/3)
2026-10-06 21:28:51,936 | INFO | scraping_pipeline | Fetching https://books.toscrape.com/catalogue/the-power-of-habit-why-we-do-what-we-do-in-life-and-business_760/index.html (attempt 1/3)
2026-10-06 21:28:52,845 | INFO | scraping_pipeline | Fetching https://books.toscrape.com/catalogue/the-marriage-of-opposites_759/index.html (attempt 1/3)
2026-10-06 21:28:53,761 | INFO | scraping_pipeline | Fetching https://books.toscrape.com/catalogue/the-lucifer-effect-understanding-how-good-people-turn-evil_758/index.html (attempt 1/3)
2026-10-06 21:28:54,306 | INFO | scraping_pipeline | Fetching https://books.toscrape.com/catalogue/the-long-haul-diary-of-a-wimpy-kid-9_757/index.html (attempt 1/3)
2026-10-06 21:28:54,894 | INFO | scraping_pipeline | Fetching https://books.toscrape.com/catalogue/the-loney_756/index.html (attempt 1/3)
2026-10-06 21:28:55,745 | INFO | scraping_pipeline | Fetching https://books.toscrape.com/catalogue/the-literature-book-big-ideas-simply-explained_755/index.html (attempt 1/3)
2026-10-06 21:28:56,631 | INFO | scraping_pipeline | Fetching https://books.toscrape.com/catalogue/the-last-mile-amos-decker-2_754/index.html (attempt 1/3)
2026-10-06 21:28:57,559 | INFO | scraping_pipeline | Fetching https://books.toscrape.com/catalogue/the-immortal-life-of-henrietta-lacks_753/index.html (attempt 1/3)
2026-10-06 21:28:58,582 | INFO | scraping_pipeline | Fetching https://books.toscrape.com/catalogue/the-hidden-oracle-the-trials-of-apollo-1_752/index.html (attempt 1/3)
2026-10-06 21:28:59,194 | INFO | scraping_pipeline | Fetching https://books.toscrape.com/catalogue/the-help-yourself-cookbook-for-kids-60-easy-plant-based-recipes-kids-can-make-to-stay-healthy-and-save-the-earth_751/index.html (attempt 1/3)
2026-10-06 21:29:00,116 | INFO | scraping_pipeline | Fetching https://books.toscrape.com/catalogue/the-guilty-will-robie-4_750/index.html (attempt 1/3)
2026-10-06 21:29:00,729 | INFO | scraping_pipeline | Fetching https://books.toscrape.com/catalogue/the-first-hostage-jb-collins-2_749/index.html (attempt 1/3)
2026-10-06 21:29:01,346 | INFO | scraping_pipeline | Fetching https://books.toscrape.com/catalogue/the-dovekeepers_748/index.html (attempt 1/3)
2026-10-06 21:29:02,365 | INFO | scraping_pipeline | Fetching https://books.toscrape.com/catalogue/the-darkest-lie_747/index.html (attempt 1/3)
2026-10-06 21:29:03,392 | INFO | scraping_pipeline | Fetching https://books.toscrape.com/catalogue/the-bane-chronicles-the-bane-chronicles-1-11_746/index.html (attempt 1/3)
2026-10-06 21:29:04,415 | INFO | scraping_pipeline | Fetching https://books.toscrape.com/catalogue/the-bad-ass-librarians-of-timbuktu-and-their-race-to-save-the-worlds-most-precious-manuscripts_745/index.html (attempt 1/3)
2026-10-06 21:29:05,391 | INFO | scraping_pipeline | Fetching https://books.toscrape.com/catalogue/the-14th-colony-cotton-malone-11_744/index.html (attempt 1/3)
2026-10-06 21:29:05,925 | INFO | scraping_pipeline | Fetching https://books.toscrape.com/catalogue/that-darkness-gardiner-and-renner-1_743/index.html (attempt 1/3)
2026-10-06 21:29:06,475 | INFO | scraping_pipeline | Fetching https://books.toscrape.com/catalogue/tastes-like-fear-di-marnie-rome-3_742/index.html (attempt 1/3)
2026-10-06 21:29:07,081 | INFO | scraping_pipeline | Fetching https://books.toscrape.com/catalogue/take-me-with-you_741/index.html (attempt 1/3)
2026-10-06 21:29:07,707 | INFO | scraping_pipeline | Scraping listing page: https://books.toscrape.com/catalogue/page-14.html
2026-10-06 21:29:07,707 | INFO | scraping_pipeline | Fetching https://books.toscrape.com/catalogue/page-14.html (attempt 1/3)
2026-10-06 21:29:08,743 | INFO | scraping_pipeline | Fetching https://books.toscrape.com/catalogue/swell-a-year-of-waves_740/index.html (attempt 1/3)
2026-10-06 21:29:09,287 | INFO | scraping_pipeline | Fetching https://books.toscrape.com/catalogue/superman-vol-1-before-truth-superman-by-gene-luen-yang-1_739/index.html (attempt 1/3)
2026-10-06 21:29:09,945 | INFO | scraping_pipeline | Fetching https://books.toscrape.com/catalogue/still-life-with-bread-crumbs_738/index.html (attempt 1/3)
2026-10-06 21:29:10,969 | INFO | scraping_pipeline | Fetching https://books.toscrape.com/catalogue/steve-jobs_737/index.html (attempt 1/3)
2026-10-06 21:29:11,579 | INFO | scraping_pipeline | Fetching https://books.toscrape.com/catalogue/sorting-the-beef-from-the-bull-the-science-of-food-fraud-forensics_736/index.html (attempt 1/3)
2026-10-06 21:29:12,124 | INFO | scraping_pipeline | Fetching https://books.toscrape.com/catalogue/someone-like-you-the-harrisons-2_735/index.html (attempt 1/3)
2026-10-06 21:29:12,667 | INFO | scraping_pipeline | Fetching https://books.toscrape.com/catalogue/so-cute-it-hurts-vol-6-so-cute-it-hurts-6_734/index.html (attempt 1/3)
2026-10-06 21:29:13,223 | INFO | scraping_pipeline | Fetching https://books.toscrape.com/catalogue/shtum_733/index.html (attempt 1/3)
2026-10-06 21:29:13,836 | INFO | scraping_pipeline | Fetching https://books.toscrape.com/catalogue/see-america-a-celebration-of-our-national-parks-treasured-sites_732/index.html (attempt 1/3)
2026-10-06 21:29:14,455 | INFO | scraping_pipeline | Fetching https://books.toscrape.com/catalogue/salt_731/index.html (attempt 1/3)
2026-10-06 21:29:15,069 | INFO | scraping_pipeline | Fetching https://books.toscrape.com/catalogue/robin-war_730/index.html (attempt 1/3)
2026-10-06 21:29:15,937 | INFO | scraping_pipeline | Fetching https://books.toscrape.com/catalogue/red-hoodarsenal-vol-1-open-for-business-red-hoodarsenal-1_729/index.html (attempt 1/3)
2026-10-06 21:29:16,500 | INFO | scraping_pipeline | Fetching https://books.toscrape.com/catalogue/rain-fish_728/index.html (attempt 1/3)
2026-10-06 21:29:17,114 | INFO | scraping_pipeline | Fetching https://books.toscrape.com/catalogue/quarter-life-poetry-poems-for-the-young-broke-and-hangry_727/index.html (attempt 1/3)
2026-10-06 21:29:17,675 | INFO | scraping_pipeline | Fetching https://books.toscrape.com/catalogue/pet-sematary_726/index.html (attempt 1/3)
2026-10-06 21:29:18,243 | INFO | scraping_pipeline | Fetching https://books.toscrape.com/catalogue/overload-how-to-unplug-unwind-and-unleash-yourself-from-the-pressure-of-stress_725/index.html (attempt 1/3)
2026-10-06 21:29:19,267 | INFO | scraping_pipeline | Fetching https://books.toscrape.com/catalogue/once-was-a-time_724/index.html (attempt 1/3)
2026-10-06 21:29:20,138 | INFO | scraping_pipeline | Fetching https://books.toscrape.com/catalogue/old-school-diary-of-a-wimpy-kid-10_723/index.html (attempt 1/3)
2026-10-06 21:29:20,703 | INFO | scraping_pipeline | Fetching https://books.toscrape.com/catalogue/no-dream-is-too-high-life-lessons-from-a-man-who-walked-on-the-moon_722/index.html (attempt 1/3)
2026-10-06 21:29:21,722 | INFO | scraping_pipeline | Fetching https://books.toscrape.com/catalogue/naruto-3-in-1-edition-vol-14-includes-vols-40-41-42-naruto-omnibus-14_721/index.html (attempt 1/3)
2026-10-06 21:29:22,774 | INFO | scraping_pipeline | Scraping listing page: https://books.toscrape.com/catalogue/page-15.html
2026-10-06 21:29:22,774 | INFO | scraping_pipeline | Fetching https://books.toscrape.com/catalogue/page-15.html (attempt 1/3)
2026-10-06 21:29:23,805 | INFO | scraping_pipeline | Fetching https://books.toscrape.com/catalogue/my-name-is-lucy-barton_720/index.html (attempt 1/3)
2026-10-06 21:29:24,387 | INFO | scraping_pipeline | Fetching https://books.toscrape.com/catalogue/my-mrs-brown_719/index.html (attempt 1/3)
2026-10-06 21:29:24,999 | INFO | scraping_pipeline | Fetching https://books.toscrape.com/catalogue/my-kind-of-crazy_718/index.html (attempt 1/3)
2026-10-06 21:29:25,544 | INFO | scraping_pipeline | Fetching https://books.toscrape.com/catalogue/mr-mercedes-bill-hodges-trilogy-1_717/index.html (attempt 1/3)
2026-10-06 21:29:26,446 | INFO | scraping_pipeline | Fetching https://books.toscrape.com/catalogue/more-than-music-chasing-the-dream-1_716/index.html (attempt 1/3)
2026-10-06 21:29:27,465 | INFO | scraping_pipeline | Fetching https://books.toscrape.com/catalogue/made-to-stick-why-some-ideas-survive-and-others-die_715/index.html (attempt 1/3)
2026-10-06 21:29:28,374 | INFO | scraping_pipeline | Fetching https://books.toscrape.com/catalogue/luis-paints-the-world_714/index.html (attempt 1/3)
2026-10-06 21:29:28,996 | INFO | scraping_pipeline | Fetching https://books.toscrape.com/catalogue/luckiest-girl-alive_713/index.html (attempt 1/3)
2026-10-06 21:29:29,914 | INFO | scraping_pipeline | Fetching https://books.toscrape.com/catalogue/lowriders-to-the-center-of-the-earth-lowriders-in-space-2_712/index.html (attempt 1/3)
2026-10-06 21:29:30,943 | INFO | scraping_pipeline | Fetching https://books.toscrape.com/catalogue/love-is-a-mix-tape-music-1_711/index.html (attempt 1/3)
2026-10-06 21:29:31,961 | INFO | scraping_pipeline | Fetching https://books.toscrape.com/catalogue/looking-for-lovely-collecting-the-moments-that-matter_710/index.html (attempt 1/3)
2026-10-06 21:29:32,990 | INFO | scraping_pipeline | Fetching https://books.toscrape.com/catalogue/living-leadership-by-insight-a-good-leader-achieves-a-great-leader-builds-monuments_709/index.html (attempt 1/3)
2026-10-06 21:29:33,910 | INFO | scraping_pipeline | Fetching https://books.toscrape.com/catalogue/let-it-out-a-journey-through-journaling_708/index.html (attempt 1/3)
2026-10-06 21:29:34,524 | INFO | scraping_pipeline | Fetching https://books.toscrape.com/catalogue/lady-midnight-the-dark-artifices-1_707/index.html (attempt 1/3)
2026-10-06 21:29:44,927 | WARNING | scraping_pipeline | Request failed for https://books.toscrape.com/catalogue/lady-midnight-the-dark-artifices-1_707/index.html: HTTPSConnectionPool(host='books.toscrape.com', port=443): Read timed out.
2026-10-06 21:29:44,929 | INFO | scraping_pipeline | Fetching https://books.toscrape.com/catalogue/lady-midnight-the-dark-artifices-1_707/index.html (attempt 2/3)
2026-10-06 21:29:46,915 | INFO | scraping_pipeline | Fetching https://books.toscrape.com/catalogue/its-all-easy-healthy-delicious-weeknight-meals-in-under-30-minutes_706/index.html (attempt 1/3)
2026-10-06 21:29:47,528 | INFO | scraping_pipeline | Fetching https://books.toscrape.com/catalogue/island-of-dragons-unwanteds-7_705/index.html (attempt 1/3)
2026-10-06 21:29:48,093 | INFO | scraping_pipeline | Fetching https://books.toscrape.com/catalogue/i-know-what-im-doing-and-other-lies-i-tell-myself-dispatches-from-a-life-under-construction_704/index.html (attempt 1/3)
2026-10-06 21:29:48,652 | INFO | scraping_pipeline | Fetching https://books.toscrape.com/catalogue/i-am-pilgrim-pilgrim-1_703/index.html (attempt 1/3)
2026-10-06 21:29:49,267 | INFO | scraping_pipeline | Fetching https://books.toscrape.com/catalogue/hyperbole-and-a-half-unfortunate-situations-flawed-coping-mechanisms-mayhem-and-other-things-that-happened_702/index.html (attempt 1/3)
2026-10-06 21:29:49,884 | INFO | scraping_pipeline | Fetching https://books.toscrape.com/catalogue/hush-hush-hush-hush-1_701/index.html (attempt 1/3)
2026-10-06 21:29:50,611 | INFO | scraping_pipeline | Scraping listing page: https://books.toscrape.com/catalogue/page-16.html
2026-10-06 21:29:50,612 | INFO | scraping_pipeline | Fetching https://books.toscrape.com/catalogue/page-16.html (attempt 1/3)
2026-10-06 21:29:51,621 | INFO | scraping_pipeline | Fetching https://books.toscrape.com/catalogue/hold-your-breath-search-and-rescue-1_700/index.html (attempt 1/3)
2026-10-06 21:29:52,149 | INFO | scraping_pipeline | Fetching https://books.toscrape.com/catalogue/hamilton-the-revolution_699/index.html (attempt 1/3)
2026-10-06 21:29:53,049 | INFO | scraping_pipeline | Fetching https://books.toscrape.com/catalogue/greek-mythic-history_698/index.html (attempt 1/3)
2026-10-06 21:29:53,587 | INFO | scraping_pipeline | Fetching https://books.toscrape.com/catalogue/god-the-most-unpleasant-character-in-all-fiction_697/index.html (attempt 1/3)
2026-10-06 21:29:54,183 | INFO | scraping_pipeline | Fetching https://books.toscrape.com/catalogue/glory-over-everything-beyond-the-kitchen-house_696/index.html (attempt 1/3)
2026-10-06 21:29:55,024 | INFO | scraping_pipeline | Fetching https://books.toscrape.com/catalogue/feathers-displays-of-brilliant-plumage_695/index.html (attempt 1/3)
2026-10-06 21:29:55,566 | INFO | scraping_pipeline | Fetching https://books.toscrape.com/catalogue/far-away-places-on-the-brink-of-change-seven-continents-twenty-five-years_694/index.html (attempt 1/3)
2026-10-06 21:29:56,409 | INFO | scraping_pipeline | Fetching https://books.toscrape.com/catalogue/every-last-word_693/index.html (attempt 1/3)
2026-10-06 21:29:57,233 | INFO | scraping_pipeline | Fetching https://books.toscrape.com/catalogue/eligible-the-austen-project-4_692/index.html (attempt 1/3)
2026-10-06 21:29:57,769 | INFO | scraping_pipeline | Fetching https://books.toscrape.com/catalogue/el-deafo_691/index.html (attempt 1/3)
2026-10-06 21:29:58,643 | INFO | scraping_pipeline | Fetching https://books.toscrape.com/catalogue/eight-hundred-grapes_690/index.html (attempt 1/3)
2026-10-06 21:29:59,186 | INFO | scraping_pipeline | Fetching https://books.toscrape.com/catalogue/eaternity-more-than-150-deliciously-easy-vegan-recipes-for-a-long-healthy-satisfied-joyful-life_689/index.html (attempt 1/3)
2026-10-06 21:30:00,031 | INFO | scraping_pipeline | Fetching https://books.toscrape.com/catalogue/eat-fat-get-thin_688/index.html (attempt 1/3)
2026-10-06 21:30:00,580 | INFO | scraping_pipeline | Fetching https://books.toscrape.com/catalogue/dont-get-caught_687/index.html (attempt 1/3)
2026-10-06 21:30:01,426 | INFO | scraping_pipeline | Fetching https://books.toscrape.com/catalogue/doctor-sleep-the-shining-2_686/index.html (attempt 1/3)
2026-10-06 21:30:02,275 | INFO | scraping_pipeline | Fetching https://books.toscrape.com/catalogue/demigods-magicians-percy-and-annabeth-meet-the-kanes-percy-jackson-kane-chronicles-crossover-1-3_685/index.html (attempt 1/3)
2026-10-06 21:30:03,129 | INFO | scraping_pipeline | Fetching https://books.toscrape.com/catalogue/dear-mr-knightley_684/index.html (attempt 1/3)
2026-10-06 21:30:03,658 | INFO | scraping_pipeline | Fetching https://books.toscrape.com/catalogue/daily-fantasy-sports_683/index.html (attempt 1/3)
2026-10-06 21:30:04,498 | INFO | scraping_pipeline | Fetching https://books.toscrape.com/catalogue/crazy-love-overwhelmed-by-a-relentless-god_682/index.html (attempt 1/3)
2026-10-06 21:30:05,044 | INFO | scraping_pipeline | Fetching https://books.toscrape.com/catalogue/cometh-the-hour-the-clifton-chronicles-6_681/index.html (attempt 1/3)
2026-10-06 21:30:05,595 | INFO | scraping_pipeline | Scraping listing page: https://books.toscrape.com/catalogue/page-17.html
2026-10-06 21:30:05,595 | INFO | scraping_pipeline | Fetching https://books.toscrape.com/catalogue/page-17.html (attempt 1/3)
2026-10-06 21:30:06,448 | INFO | scraping_pipeline | Fetching https://books.toscrape.com/catalogue/code-name-verity-code-name-verity-1_680/index.html (attempt 1/3)
2026-10-06 21:30:06,972 | INFO | scraping_pipeline | Fetching https://books.toscrape.com/catalogue/clockwork-angel-the-infernal-devices-1_679/index.html (attempt 1/3)
2026-10-06 21:30:07,511 | INFO | scraping_pipeline | Fetching https://books.toscrape.com/catalogue/city-of-glass-the-mortal-instruments-3_678/index.html (attempt 1/3)
2026-10-06 21:30:08,063 | INFO | scraping_pipeline | Fetching https://books.toscrape.com/catalogue/city-of-fallen-angels-the-mortal-instruments-4_677/index.html (attempt 1/3)
2026-10-06 21:30:08,601 | INFO | scraping_pipeline | Fetching https://books.toscrape.com/catalogue/city-of-bones-the-mortal-instruments-1_676/index.html (attempt 1/3)
2026-10-06 21:30:09,138 | INFO | scraping_pipeline | Fetching https://books.toscrape.com/catalogue/city-of-ashes-the-mortal-instruments-2_675/index.html (attempt 1/3)
2026-10-06 21:30:09,968 | INFO | scraping_pipeline | Fetching https://books.toscrape.com/catalogue/cell_674/index.html (attempt 1/3)
2026-10-06 21:30:10,499 | INFO | scraping_pipeline | Fetching https://books.toscrape.com/catalogue/catching-jordan-hundred-oaks_673/index.html (attempt 1/3)
2026-10-06 21:30:11,036 | INFO | scraping_pipeline | Fetching https://books.toscrape.com/catalogue/carry-on-warrior-thoughts-on-life-unarmed_672/index.html (attempt 1/3)
2026-10-06 21:30:11,870 | INFO | scraping_pipeline | Fetching https://books.toscrape.com/catalogue/carrie_671/index.html (attempt 1/3)
2026-10-06 21:30:12,407 | INFO | scraping_pipeline | Fetching https://books.toscrape.com/catalogue/buying-in-the-secret-dialogue-between-what-we-buy-and-who-we-are_670/index.html (attempt 1/3)
2026-10-06 21:30:13,242 | INFO | scraping_pipeline | Fetching https://books.toscrape.com/catalogue/brain-on-fire-my-month-of-madness_669/index.html (attempt 1/3)
2026-10-06 21:30:13,778 | INFO | scraping_pipeline | Fetching https://books.toscrape.com/catalogue/batman-europa_668/index.html (attempt 1/3)
2026-10-06 21:30:14,334 | INFO | scraping_pipeline | Fetching https://books.toscrape.com/catalogue/barefoot-contessa-back-to-basics_667/index.html (attempt 1/3)
2026-10-06 21:30:15,171 | INFO | scraping_pipeline | Fetching https://books.toscrape.com/catalogue/barefoot-contessa-at-home-everyday-recipes-youll-make-over-and-over-again_666/index.html (attempt 1/3)
2026-10-06 21:30:16,012 | INFO | scraping_pipeline | Fetching https://books.toscrape.com/catalogue/balloon-animals_665/index.html (attempt 1/3)
2026-10-06 21:30:16,556 | INFO | scraping_pipeline | Fetching https://books.toscrape.com/catalogue/art-ops-vol-1_664/index.html (attempt 1/3)
2026-10-06 21:30:17,409 | INFO | scraping_pipeline | Fetching https://books.toscrape.com/catalogue/aristotle-and-dante-discover-the-secrets-of-the-universe-aristotle-and-dante-discover-the-secrets-of-the-universe-1_663/index.html (attempt 1/3)
2026-10-06 21:30:17,936 | INFO | scraping_pipeline | Fetching https://books.toscrape.com/catalogue/angels-walking-angels-walking-1_662/index.html (attempt 1/3)
2026-10-06 21:30:18,467 | INFO | scraping_pipeline | Fetching https://books.toscrape.com/catalogue/angels-demons-robert-langdon-1_661/index.html (attempt 1/3)
2026-10-06 21:30:19,310 | INFO | scraping_pipeline | Scraping listing page: https://books.toscrape.com/catalogue/page-18.html
2026-10-06 21:30:19,310 | INFO | scraping_pipeline | Fetching https://books.toscrape.com/catalogue/page-18.html (attempt 1/3)
2026-10-06 21:30:20,150 | INFO | scraping_pipeline | Fetching https://books.toscrape.com/catalogue/all-the-light-we-cannot-see_660/index.html (attempt 1/3)
2026-10-06 21:30:20,695 | INFO | scraping_pipeline | Fetching https://books.toscrape.com/catalogue/adulthood-is-a-myth-a-sarahs-scribbles-collection_659/index.html (attempt 1/3)
2026-10-06 21:30:21,255 | INFO | scraping_pipeline | Fetching https://books.toscrape.com/catalogue/abstract-city_658/index.html (attempt 1/3)
2026-10-06 21:30:22,105 | INFO | scraping_pipeline | Fetching https://books.toscrape.com/catalogue/a-time-of-torment-charlie-parker-14_657/index.html (attempt 1/3)
2026-10-06 21:30:22,639 | INFO | scraping_pipeline | Fetching https://books.toscrape.com/catalogue/a-study-in-scarlet-sherlock-holmes-1_656/index.html (attempt 1/3)
2026-10-06 21:30:23,176 | INFO | scraping_pipeline | Fetching https://books.toscrape.com/catalogue/a-series-of-catastrophes-and-miracles-a-true-story-of-love-science-and-cancer_655/index.html (attempt 1/3)
2026-10-06 21:30:24,021 | INFO | scraping_pipeline | Fetching https://books.toscrape.com/catalogue/a-peoples-history-of-the-united-states_654/index.html (attempt 1/3)
2026-10-06 21:30:24,556 | INFO | scraping_pipeline | Fetching https://books.toscrape.com/catalogue/a-man-called-ove_653/index.html (attempt 1/3)
2026-10-06 21:30:25,404 | INFO | scraping_pipeline | Fetching https://books.toscrape.com/catalogue/a-distant-mirror-the-calamitous-14th-century_652/index.html (attempt 1/3)
2026-10-06 21:30:26,258 | INFO | scraping_pipeline | Fetching https://books.toscrape.com/catalogue/a-brush-of-wings-angels-walking-3_651/index.html (attempt 1/3)
2026-10-06 21:30:26,803 | INFO | scraping_pipeline | Fetching https://books.toscrape.com/catalogue/1491-new-revelations-of-the-americas-before-columbus_650/index.html (attempt 1/3)
2026-10-06 21:30:27,636 | INFO | scraping_pipeline | Fetching https://books.toscrape.com/catalogue/the-three-searches-meaning-and-the-story_649/index.html (attempt 1/3)
2026-10-06 21:30:28,174 | INFO | scraping_pipeline | Fetching https://books.toscrape.com/catalogue/searching-for-meaning-in-gailana_648/index.html (attempt 1/3)
2026-10-06 21:30:29,021 | INFO | scraping_pipeline | Fetching https://books.toscrape.com/catalogue/rook_647/index.html (attempt 1/3)
2026-10-06 21:30:29,559 | INFO | scraping_pipeline | Fetching https://books.toscrape.com/catalogue/my-kitchen-year-136-recipes-that-saved-my-life_646/index.html (attempt 1/3)
2026-10-06 21:30:30,402 | INFO | scraping_pipeline | Fetching https://books.toscrape.com/catalogue/13-hours-the-inside-account-of-what-really-happened-in-benghazi_645/index.html (attempt 1/3)
2026-10-06 21:30:30,938 | INFO | scraping_pipeline | Fetching https://books.toscrape.com/catalogue/will-you-wont-you-want-me_644/index.html (attempt 1/3)
2026-10-06 21:30:31,473 | INFO | scraping_pipeline | Fetching https://books.toscrape.com/catalogue/tipping-point-for-planet-earth-how-close-are-we-to-the-edge_643/index.html (attempt 1/3)
2026-10-06 21:30:32,010 | INFO | scraping_pipeline | Fetching https://books.toscrape.com/catalogue/the-star-touched-queen_642/index.html (attempt 1/3)
2026-10-06 21:30:32,562 | INFO | scraping_pipeline | Fetching https://books.toscrape.com/catalogue/the-silent-sister-riley-macpherson-1_641/index.html (attempt 1/3)
2026-10-06 21:30:33,113 | INFO | scraping_pipeline | Scraping listing page: https://books.toscrape.com/catalogue/page-19.html
2026-10-06 21:30:33,113 | INFO | scraping_pipeline | Fetching https://books.toscrape.com/catalogue/page-19.html (attempt 1/3)
2026-10-06 21:30:33,976 | INFO | scraping_pipeline | Fetching https://books.toscrape.com/catalogue/the-midnight-watch-a-novel-of-the-titanic-and-the-californian_640/index.html (attempt 1/3)
2026-10-06 21:30:34,522 | INFO | scraping_pipeline | Fetching https://books.toscrape.com/catalogue/the-lonely-city-adventures-in-the-art-of-being-alone_639/index.html (attempt 1/3)
2026-10-06 21:30:35,060 | INFO | scraping_pipeline | Fetching https://books.toscrape.com/catalogue/the-gray-rhino-how-to-recognize-and-act-on-the-obvious-dangers-we-ignore_638/index.html (attempt 1/3)
2026-10-06 21:30:35,614 | INFO | scraping_pipeline | Fetching https://books.toscrape.com/catalogue/the-golden-condom-and-other-essays-on-love-lost-and-found_637/index.html (attempt 1/3)
2026-10-06 21:30:36,465 | INFO | scraping_pipeline | Fetching https://books.toscrape.com/catalogue/the-epidemic-the-program-06_636/index.html (attempt 1/3)
2026-10-06 21:30:37,008 | INFO | scraping_pipeline | Fetching https://books.toscrape.com/catalogue/the-dinner-party_635/index.html (attempt 1/3)
2026-10-06 21:30:37,541 | INFO | scraping_pipeline | Fetching https://books.toscrape.com/catalogue/the-diary-of-a-young-girl_634/index.html (attempt 1/3)
2026-10-06 21:30:38,080 | INFO | scraping_pipeline | Fetching https://books.toscrape.com/catalogue/the-children_633/index.html (attempt 1/3)
2026-10-06 21:30:38,901 | INFO | scraping_pipeline | Fetching https://books.toscrape.com/catalogue/stars-above-the-lunar-chronicles-45_632/index.html (attempt 1/3)
2026-10-06 21:30:39,755 | INFO | scraping_pipeline | Fetching https://books.toscrape.com/catalogue/snatched-how-a-drug-queen-went-undercover-for-the-dea-and-was-kidnapped-by-colombian-guerillas_631/index.html (attempt 1/3)
2026-10-06 21:30:40,304 | INFO | scraping_pipeline | Fetching https://books.toscrape.com/catalogue/raspberry-pi-electronics-projects-for-the-evil-genius_630/index.html (attempt 1/3)
2026-10-06 21:30:40,841 | INFO | scraping_pipeline | Fetching https://books.toscrape.com/catalogue/quench-your-own-thirst-business-lessons-learned-over-a-beer-or-two_629/index.html (attempt 1/3)
2026-10-06 21:30:41,672 | INFO | scraping_pipeline | Fetching https://books.toscrape.com/catalogue/psycho-sanitarium-psycho-15_628/index.html (attempt 1/3)
2026-10-06 21:30:42,218 | INFO | scraping_pipeline | Fetching https://books.toscrape.com/catalogue/poisonous-max-revere-novels-3_627/index.html (attempt 1/3)
2026-10-06 21:30:43,053 | INFO | scraping_pipeline | Fetching https://books.toscrape.com/catalogue/one-with-you-crossfire-5_626/index.html (attempt 1/3)
2026-10-06 21:30:43,906 | INFO | scraping_pipeline | Fetching https://books.toscrape.com/catalogue/no-love-allowed-dodge-cove-1_625/index.html (attempt 1/3)
2026-10-06 21:30:44,435 | INFO | scraping_pipeline | Fetching https://books.toscrape.com/catalogue/murder-at-the-42nd-street-library-raymond-ambler-1_624/index.html (attempt 1/3)
2026-10-06 21:30:44,978 | INFO | scraping_pipeline | Fetching https://books.toscrape.com/catalogue/most-wanted_623/index.html (attempt 1/3)
2026-10-06 21:30:45,802 | INFO | scraping_pipeline | Fetching https://books.toscrape.com/catalogue/love-lies-and-spies_622/index.html (attempt 1/3)
2026-10-06 21:30:46,647 | INFO | scraping_pipeline | Fetching https://books.toscrape.com/catalogue/how-to-speak-golf-an-illustrated-guide-to-links-lingo_621/index.html (attempt 1/3)
2026-10-06 21:30:47,201 | INFO | scraping_pipeline | Scraping listing page: https://books.toscrape.com/catalogue/page-20.html
2026-10-06 21:30:47,202 | INFO | scraping_pipeline | Fetching https://books.toscrape.com/catalogue/page-20.html (attempt 1/3)
2026-10-06 21:30:48,058 | INFO | scraping_pipeline | Fetching https://books.toscrape.com/catalogue/hide-away-eve-duncan-20_620/index.html (attempt 1/3)
2026-10-06 21:30:48,602 | INFO | scraping_pipeline | Fetching https://books.toscrape.com/catalogue/furiously-happy-a-funny-book-about-horrible-things_619/index.html (attempt 1/3)
2026-10-06 21:30:49,448 | INFO | scraping_pipeline | Fetching https://books.toscrape.com/catalogue/everyday-italian-125-simple-and-delicious-recipes_618/index.html (attempt 1/3)
2026-10-06 21:30:49,976 | INFO | scraping_pipeline | Fetching https://books.toscrape.com/catalogue/equal-is-unfair-americas-misguided-fight-against-income-inequality_617/index.html (attempt 1/3)
2026-10-06 21:30:50,827 | INFO | scraping_pipeline | Fetching https://books.toscrape.com/catalogue/eleanor-park_616/index.html (attempt 1/3)
2026-10-06 21:30:51,355 | INFO | scraping_pipeline | Fetching https://books.toscrape.com/catalogue/dirty-dive-bar-1_615/index.html (attempt 1/3)
2026-10-06 21:30:51,896 | INFO | scraping_pipeline | Fetching https://books.toscrape.com/catalogue/can-you-keep-a-secret-fear-street-relaunch-4_614/index.html (attempt 1/3)
2026-10-06 21:30:52,442 | INFO | scraping_pipeline | Fetching https://books.toscrape.com/catalogue/boar-island-anna-pigeon-19_613/index.html (attempt 1/3)
2026-10-06 21:30:53,003 | INFO | scraping_pipeline | Fetching https://books.toscrape.com/catalogue/a-paris-apartment_612/index.html (attempt 1/3)
2026-10-06 21:30:53,836 | INFO | scraping_pipeline | Fetching https://books.toscrape.com/catalogue/a-la-mode-120-recipes-in-60-pairings-pies-tarts-cakes-crisps-and-more-topped-with-ice-cream-gelato-frozen-custard-and-more_611/index.html (attempt 1/3)
2026-10-06 21:30:54,685 | INFO | scraping_pipeline | Fetching https://books.toscrape.com/catalogue/troublemaker-surviving-hollywood-and-scientology_610/index.html (attempt 1/3)
2026-10-06 21:30:55,223 | INFO | scraping_pipeline | Fetching https://books.toscrape.com/catalogue/the-widow_609/index.html (attempt 1/3)
2026-10-06 21:30:55,750 | INFO | scraping_pipeline | Fetching https://books.toscrape.com/catalogue/the-sleep-revolution-transforming-your-life-one-night-at-a-time_608/index.html (attempt 1/3)
2026-10-06 21:30:56,603 | INFO | scraping_pipeline | Fetching https://books.toscrape.com/catalogue/the-improbability-of-love_607/index.html (attempt 1/3)
2026-10-06 21:30:57,134 | INFO | scraping_pipeline | Fetching https://books.toscrape.com/catalogue/the-art-of-startup-fundraising_606/index.html (attempt 1/3)
2026-10-06 21:30:57,987 | INFO | scraping_pipeline | Fetching https://books.toscrape.com/catalogue/take-me-home-tonight-rock-star-romance-3_605/index.html (attempt 1/3)
2026-10-06 21:30:58,531 | INFO | scraping_pipeline | Fetching https://books.toscrape.com/catalogue/sleeping-giants-themis-files-1_604/index.html (attempt 1/3)
2026-10-06 21:30:59,084 | INFO | scraping_pipeline | Fetching https://books.toscrape.com/catalogue/setting-the-world-on-fire-the-brief-astonishing-life-of-st-catherine-of-siena_603/index.html (attempt 1/3)
2026-10-06 21:30:59,938 | INFO | scraping_pipeline | Fetching https://books.toscrape.com/catalogue/playing-with-fire_602/index.html (attempt 1/3)
2026-10-06 21:31:00,477 | INFO | scraping_pipeline | Fetching https://books.toscrape.com/catalogue/off-the-hook-fishing-for-trouble-1_601/index.html (attempt 1/3)
2026-10-06 21:31:01,020 | INFO | scraping_pipeline | Scraping listing page: https://books.toscrape.com/catalogue/page-21.html
2026-10-06 21:31:01,020 | INFO | scraping_pipeline | Fetching https://books.toscrape.com/catalogue/page-21.html (attempt 1/3)
2026-10-06 21:31:01,865 | INFO | scraping_pipeline | Fetching https://books.toscrape.com/catalogue/mothering-sunday_600/index.html (attempt 1/3)
2026-10-06 21:31:02,399 | INFO | scraping_pipeline | Fetching https://books.toscrape.com/catalogue/mother-can-you-not_599/index.html (attempt 1/3)
2026-10-06 21:31:02,937 | INFO | scraping_pipeline | Fetching https://books.toscrape.com/catalogue/m-train_598/index.html (attempt 1/3)
2026-10-06 21:31:03,480 | INFO | scraping_pipeline | Fetching https://books.toscrape.com/catalogue/lilac-girls_597/index.html (attempt 1/3)
2026-10-06 21:31:04,309 | INFO | scraping_pipeline | Fetching https://books.toscrape.com/catalogue/lies-and-other-acts-of-love_596/index.html (attempt 1/3)
2026-10-06 21:31:04,848 | INFO | scraping_pipeline | Fetching https://books.toscrape.com/catalogue/lab-girl_595/index.html (attempt 1/3)
2026-10-06 21:31:05,405 | INFO | scraping_pipeline | Fetching https://books.toscrape.com/catalogue/keep-me-posted_594/index.html (attempt 1/3)
2026-10-06 21:31:06,240 | INFO | scraping_pipeline | Fetching https://books.toscrape.com/catalogue/it-didnt-start-with-you-how-inherited-family-trauma-shapes-who-we-are-and-how-to-end-the-cycle_593/index.html (attempt 1/3)
2026-10-06 21:31:07,084 | INFO | scraping_pipeline | Fetching https://books.toscrape.com/catalogue/grey-fifty-shades-4_592/index.html (attempt 1/3)
2026-10-06 21:31:07,620 | INFO | scraping_pipeline | Fetching https://books.toscrape.com/catalogue/exit-pursued-by-a-bear_591/index.html (attempt 1/3)
2026-10-06 21:31:08,158 | INFO | scraping_pipeline | Fetching https://books.toscrape.com/catalogue/daredevils_590/index.html (attempt 1/3)
2026-10-06 21:31:08,988 | INFO | scraping_pipeline | Fetching https://books.toscrape.com/catalogue/cravings-recipes-for-what-you-want-to-eat_589/index.html (attempt 1/3)
2026-10-06 21:31:09,814 | INFO | scraping_pipeline | Fetching https://books.toscrape.com/catalogue/born-for-this-how-to-find-the-work-you-were-meant-to-do_588/index.html (attempt 1/3)
2026-10-06 21:31:10,667 | INFO | scraping_pipeline | Fetching https://books.toscrape.com/catalogue/arena_587/index.html (attempt 1/3)
2026-10-06 21:31:11,191 | INFO | scraping_pipeline | Fetching https://books.toscrape.com/catalogue/adultery_586/index.html (attempt 1/3)
2026-10-06 21:31:11,732 | INFO | scraping_pipeline | Fetching https://books.toscrape.com/catalogue/a-mothers-reckoning-living-in-the-aftermath-of-tragedy_585/index.html (attempt 1/3)
2026-10-06 21:31:12,559 | INFO | scraping_pipeline | Fetching https://books.toscrape.com/catalogue/a-gentlemans-position-society-of-gentlemen-3_584/index.html (attempt 1/3)
2026-10-06 21:31:13,394 | INFO | scraping_pipeline | Fetching https://books.toscrape.com/catalogue/112263_583/index.html (attempt 1/3)
2026-10-06 21:31:13,936 | INFO | scraping_pipeline | Fetching https://books.toscrape.com/catalogue/10-happier-how-i-tamed-the-voice-in-my-head-reduced-stress-without-losing-my-edge-and-found-self-help-that-actually-works_582/index.html (attempt 1/3)
2026-10-06 21:31:14,795 | INFO | scraping_pipeline | Fetching https://books.toscrape.com/catalogue/10-day-green-smoothie-cleanse-lose-up-to-15-pounds-in-10-days_581/index.html (attempt 1/3)
2026-10-06 21:31:15,647 | INFO | scraping_pipeline | Scraping listing page: https://books.toscrape.com/catalogue/page-22.html
2026-10-06 21:31:15,647 | INFO | scraping_pipeline | Fetching https://books.toscrape.com/catalogue/page-22.html (attempt 1/3)
2026-10-06 21:31:16,502 | INFO | scraping_pipeline | Fetching https://books.toscrape.com/catalogue/without-shame_580/index.html (attempt 1/3)
2026-10-06 21:31:17,029 | INFO | scraping_pipeline | Fetching https://books.toscrape.com/catalogue/watchmen_579/index.html (attempt 1/3)
2026-10-06 21:31:17,561 | INFO | scraping_pipeline | Fetching https://books.toscrape.com/catalogue/unlimited-intuition-now_578/index.html (attempt 1/3)
2026-10-06 21:31:18,399 | INFO | scraping_pipeline | Fetching https://books.toscrape.com/catalogue/underlying-notes_577/index.html (attempt 1/3)
2026-10-06 21:31:18,938 | INFO | scraping_pipeline | Fetching https://books.toscrape.com/catalogue/the-shack_576/index.html (attempt 1/3)
2026-10-06 21:31:19,812 | INFO | scraping_pipeline | Fetching https://books.toscrape.com/catalogue/the-new-brand-you-your-new-image-makes-the-sale-for-you_575/index.html (attempt 1/3)
2026-10-06 21:31:20,668 | INFO | scraping_pipeline | Fetching https://books.toscrape.com/catalogue/the-moosewood-cookbook-recipes-from-moosewood-restaurant-ithaca-new-york_574/index.html (attempt 1/3)
2026-10-06 21:31:21,499 | INFO | scraping_pipeline | Fetching https://books.toscrape.com/catalogue/the-flowers-lied_573/index.html (attempt 1/3)
2026-10-06 21:31:22,045 | INFO | scraping_pipeline | Fetching https://books.toscrape.com/catalogue/the-fabric-of-the-cosmos-space-time-and-the-texture-of-reality_572/index.html (attempt 1/3)
2026-10-06 21:31:22,876 | INFO | scraping_pipeline | Fetching https://books.toscrape.com/catalogue/the-book-of-mormon_571/index.html (attempt 1/3)
2026-10-06 21:31:23,406 | INFO | scraping_pipeline | Fetching https://books.toscrape.com/catalogue/the-art-and-science-of-low-carbohydrate-living_570/index.html (attempt 1/3)
2026-10-06 21:31:23,941 | INFO | scraping_pipeline | Fetching https://books.toscrape.com/catalogue/the-alien-club_569/index.html (attempt 1/3)
2026-10-06 21:31:24,476 | INFO | scraping_pipeline | Fetching https://books.toscrape.com/catalogue/suzie-snowflake-one-beautiful-flake-a-self-esteem-story_568/index.html (attempt 1/3)
2026-10-06 21:31:25,329 | INFO | scraping_pipeline | Fetching https://books.toscrape.com/catalogue/nap-a-roo_567/index.html (attempt 1/3)
2026-10-06 21:31:25,857 | INFO | scraping_pipeline | Fetching https://books.toscrape.com/catalogue/nano-what-now-finding-your-editing-process-revising-your-nanowrimo-book-and-building-a-writing-career-through-publishing-and-beyond_566/index.html (attempt 1/3)
2026-10-06 21:31:26,710 | INFO | scraping_pipeline | Fetching https://books.toscrape.com/catalogue/modern-day-fables_565/index.html (attempt 1/3)
2026-10-06 21:31:27,561 | INFO | scraping_pipeline | Fetching https://books.toscrape.com/catalogue/if-i-gave-you-gods-phone-number-searching-for-spirituality-in-america_564/index.html (attempt 1/3)
2026-10-06 21:31:28,393 | INFO | scraping_pipeline | Fetching https://books.toscrape.com/catalogue/fruits-basket-vol-9-fruits-basket-9_563/index.html (attempt 1/3)
2026-10-06 21:31:28,927 | INFO | scraping_pipeline | Fetching https://books.toscrape.com/catalogue/dress-your-family-in-corduroy-and-denim_562/index.html (attempt 1/3)
2026-10-06 21:31:29,752 | INFO | scraping_pipeline | Fetching https://books.toscrape.com/catalogue/dont-forget-steven_561/index.html (attempt 1/3)
2026-10-06 21:31:30,311 | INFO | scraping_pipeline | Scraping listing page: https://books.toscrape.com/catalogue/page-23.html
2026-10-06 21:31:30,311 | INFO | scraping_pipeline | Fetching https://books.toscrape.com/catalogue/page-23.html (attempt 1/3)
2026-10-06 21:31:31,160 | INFO | scraping_pipeline | Fetching https://books.toscrape.com/catalogue/chernobyl-012340-the-incredible-true-story-of-the-worlds-worst-nuclear-disaster_560/index.html (attempt 1/3)
2026-10-06 21:31:31,698 | INFO | scraping_pipeline | Fetching https://books.toscrape.com/catalogue/art-and-fear-observations-on-the-perils-and-rewards-of-artmaking_559/index.html (attempt 1/3)
2026-10-06 21:31:32,241 | INFO | scraping_pipeline | Fetching https://books.toscrape.com/catalogue/a-shard-of-ice-the-black-symphony-saga-1_558/index.html (attempt 1/3)
2026-10-06 21:31:33,079 | INFO | scraping_pipeline | Fetching https://books.toscrape.com/catalogue/a-heros-curse-the-unseen-chronicles-1_557/index.html (attempt 1/3)
2026-10-06 21:31:33,622 | INFO | scraping_pipeline | Fetching https://books.toscrape.com/catalogue/23-degrees-south-a-tropical-tale-of-changing-whether_556/index.html (attempt 1/3)
2026-10-06 21:31:34,163 | INFO | scraping_pipeline | Fetching https://books.toscrape.com/catalogue/zero-to-one-notes-on-startups-or-how-to-build-the-future_555/index.html (attempt 1/3)
2026-10-06 21:31:35,016 | INFO | scraping_pipeline | Fetching https://books.toscrape.com/catalogue/why-not-me_554/index.html (attempt 1/3)
2026-10-06 21:31:35,858 | INFO | scraping_pipeline | Fetching https://books.toscrape.com/catalogue/when-breath-becomes-air_553/index.html (attempt 1/3)
2026-10-06 21:31:36,399 | INFO | scraping_pipeline | Fetching https://books.toscrape.com/catalogue/vagabonding-an-uncommon-guide-to-the-art-of-long-term-world-travel_552/index.html (attempt 1/3)
2026-10-06 21:31:37,242 | INFO | scraping_pipeline | Fetching https://books.toscrape.com/catalogue/the-unlikely-pilgrimage-of-harold-fry-harold-fry-1_551/index.html (attempt 1/3)
2026-10-06 21:31:37,785 | INFO | scraping_pipeline | Fetching https://books.toscrape.com/catalogue/the-new-drawing-on-the-right-side-of-the-brain_550/index.html (attempt 1/3)
2026-10-06 21:31:38,317 | INFO | scraping_pipeline | Fetching https://books.toscrape.com/catalogue/the-midnight-assassin-panic-scandal-and-the-hunt-for-americas-first-serial-killer_549/index.html (attempt 1/3)
2026-10-06 21:31:39,160 | INFO | scraping_pipeline | Fetching https://books.toscrape.com/catalogue/the-martian-the-martian-1_548/index.html (attempt 1/3)
2026-10-06 21:31:40,008 | INFO | scraping_pipeline | Fetching https://books.toscrape.com/catalogue/the-high-mountains-of-portugal_547/index.html (attempt 1/3)
2026-10-06 21:31:40,541 | INFO | scraping_pipeline | Fetching https://books.toscrape.com/catalogue/the-grownup_546/index.html (attempt 1/3)
2026-10-06 21:31:41,074 | INFO | scraping_pipeline | Fetching https://books.toscrape.com/catalogue/the-e-myth-revisited-why-most-small-businesses-dont-work-and-what-to-do-about-it_545/index.html (attempt 1/3)
2026-10-06 21:31:41,931 | INFO | scraping_pipeline | Fetching https://books.toscrape.com/catalogue/south-of-sunshine_544/index.html (attempt 1/3)
2026-10-06 21:31:42,480 | INFO | scraping_pipeline | Fetching https://books.toscrape.com/catalogue/smarter-faster-better-the-secrets-of-being-productive-in-life-and-business_543/index.html (attempt 1/3)
2026-10-06 21:31:43,009 | INFO | scraping_pipeline | Fetching https://books.toscrape.com/catalogue/silence-in-the-dark-logan-point-4_542/index.html (attempt 1/3)
2026-10-06 21:31:43,832 | INFO | scraping_pipeline | Fetching https://books.toscrape.com/catalogue/shadows-of-the-past-logan-point-1_541/index.html (attempt 1/3)
2026-10-06 21:31:44,390 | INFO | scraping_pipeline | Scraping listing page: https://books.toscrape.com/catalogue/page-24.html
2026-10-06 21:31:44,390 | INFO | scraping_pipeline | Fetching https://books.toscrape.com/catalogue/page-24.html (attempt 1/3)
2026-10-06 21:31:45,265 | INFO | scraping_pipeline | Fetching https://books.toscrape.com/catalogue/roller-girl_540/index.html (attempt 1/3)
2026-10-06 21:31:45,795 | INFO | scraping_pipeline | Fetching https://books.toscrape.com/catalogue/rising-strong_539/index.html (attempt 1/3)
2026-10-06 21:31:46,338 | INFO | scraping_pipeline | Fetching https://books.toscrape.com/catalogue/proofs-of-god-classical-arguments-from-tertullian-to-barth_538/index.html (attempt 1/3)
2026-10-06 21:31:46,874 | INFO | scraping_pipeline | Fetching https://books.toscrape.com/catalogue/please-kill-me-the-uncensored-oral-history-of-punk_537/index.html (attempt 1/3)
2026-10-06 21:31:47,701 | INFO | scraping_pipeline | Fetching https://books.toscrape.com/catalogue/out-of-print-city-lights-spotlight-no-14_536/index.html (attempt 1/3)
2026-10-06 21:31:48,236 | INFO | scraping_pipeline | Fetching https://books.toscrape.com/catalogue/my-life-next-door-my-life-next-door_535/index.html (attempt 1/3)
2026-10-06 21:31:48,774 | INFO | scraping_pipeline | Fetching https://books.toscrape.com/catalogue/millers-valley_534/index.html (attempt 1/3)
2026-10-06 21:31:49,310 | INFO | scraping_pipeline | Fetching https://books.toscrape.com/catalogue/mans-search-for-meaning_533/index.html (attempt 1/3)
2026-10-06 21:31:50,148 | INFO | scraping_pipeline | Fetching https://books.toscrape.com/catalogue/love-that-boy-what-two-presidents-eight-road-trips-and-my-son-taught-me-about-a-parents-expectations_532/index.html (attempt 1/3)
2026-10-06 21:31:50,683 | INFO | scraping_pipeline | Fetching https://books.toscrape.com/catalogue/living-forward-a-proven-plan-to-stop-drifting-and-get-the-life-you-want_531/index.html (attempt 1/3)
2026-10-06 21:31:51,213 | INFO | scraping_pipeline | Fetching https://books.toscrape.com/catalogue/les-fleurs-du-mal_530/index.html (attempt 1/3)
2026-10-06 21:31:51,755 | INFO | scraping_pipeline | Fetching https://books.toscrape.com/catalogue/left-behind-left-behind-1_529/index.html (attempt 1/3)
2026-10-06 21:31:52,596 | INFO | scraping_pipeline | Fetching https://books.toscrape.com/catalogue/kill-em-and-leave-searching-for-james-brown-and-the-american-soul_528/index.html (attempt 1/3)
2026-10-06 21:31:53,446 | INFO | scraping_pipeline | Fetching https://books.toscrape.com/catalogue/kierkegaard-a-christian-missionary-to-christians_527/index.html (attempt 1/3)
2026-10-06 21:31:53,982 | INFO | scraping_pipeline | Fetching https://books.toscrape.com/catalogue/john-vassos-industrial-design-for-modern-life_526/index.html (attempt 1/3)
2026-10-06 21:31:54,833 | INFO | scraping_pipeline | Fetching https://books.toscrape.com/catalogue/ill-give-you-the-sun_525/index.html (attempt 1/3)
2026-10-06 21:31:55,362 | INFO | scraping_pipeline | Fetching https://books.toscrape.com/catalogue/i-will-find-you_524/index.html (attempt 1/3)
2026-10-06 21:31:55,909 | INFO | scraping_pipeline | Fetching https://books.toscrape.com/catalogue/hystopia-a-novel_523/index.html (attempt 1/3)
2026-10-06 21:31:56,440 | INFO | scraping_pipeline | Fetching https://books.toscrape.com/catalogue/howl-and-other-poems_522/index.html (attempt 1/3)
2026-10-06 21:31:57,005 | INFO | scraping_pipeline | Fetching https://books.toscrape.com/catalogue/history-of-beauty_521/index.html (attempt 1/3)
2026-10-06 21:31:57,559 | INFO | scraping_pipeline | Scraping listing page: https://books.toscrape.com/catalogue/page-25.html
2026-10-06 21:31:57,559 | INFO | scraping_pipeline | Fetching https://books.toscrape.com/catalogue/page-25.html (attempt 1/3)
2026-10-06 21:31:58,418 | INFO | scraping_pipeline | Fetching https://books.toscrape.com/catalogue/heaven-is-for-real-a-little-boys-astounding-story-of-his-trip-to-heaven-and-back_520/index.html (attempt 1/3)
2026-10-06 21:31:58,970 | INFO | scraping_pipeline | Fetching https://books.toscrape.com/catalogue/future-shock-future-shock-1_519/index.html (attempt 1/3)
2026-10-06 21:31:59,500 | INFO | scraping_pipeline | Fetching https://books.toscrape.com/catalogue/enders-game-the-ender-quintet-1_518/index.html (attempt 1/3)
2026-10-06 21:32:00,344 | INFO | scraping_pipeline | Fetching https://books.toscrape.com/catalogue/diary-of-a-citizen-scientist-chasing-tiger-beetles-and-other-new-ways-of-engaging-the-world_517/index.html (attempt 1/3)
2026-10-06 21:32:00,880 | INFO | scraping_pipeline | Fetching https://books.toscrape.com/catalogue/death-by-leisure-a-cautionary-tale_516/index.html (attempt 1/3)
2026-10-06 21:32:01,409 | INFO | scraping_pipeline | Fetching https://books.toscrape.com/catalogue/brilliant-beacons-a-history-of-the-american-lighthouse_515/index.html (attempt 1/3)
2026-10-06 21:32:02,235 | INFO | scraping_pipeline | Fetching https://books.toscrape.com/catalogue/brazen-the-courage-to-find-the-you-thats-been-hiding_514/index.html (attempt 1/3)
2026-10-06 21:32:02,780 | INFO | scraping_pipeline | Fetching https://books.toscrape.com/catalogue/between-the-world-and-me_513/index.html (attempt 1/3)
2026-10-06 21:32:03,319 | INFO | scraping_pipeline | Fetching https://books.toscrape.com/catalogue/being-mortal-medicine-and-what-matters-in-the-end_512/index.html (attempt 1/3)
2026-10-06 21:32:04,150 | INFO | scraping_pipeline | Fetching https://books.toscrape.com/catalogue/a-murder-over-a-girl-justice-gender-junior-high_511/index.html (attempt 1/3)
2026-10-06 21:32:04,690 | INFO | scraping_pipeline | Fetching https://books.toscrape.com/catalogue/32-yolks_510/index.html (attempt 1/3)
2026-10-06 21:32:05,212 | INFO | scraping_pipeline | Fetching https://books.toscrape.com/catalogue/most-blessed-of-the-patriarchs-thomas-jefferson-and-the-empire-of-the-imagination_509/index.html (attempt 1/3)
2026-10-06 21:32:06,043 | INFO | scraping_pipeline | Fetching https://books.toscrape.com/catalogue/you-are-a-badass-how-to-stop-doubting-your-greatness-and-start-living-an-awesome-life_508/index.html (attempt 1/3)
2026-10-06 21:32:06,584 | INFO | scraping_pipeline | Fetching https://books.toscrape.com/catalogue/wildlife-of-new-york-a-five-borough-coloring-book_507/index.html (attempt 1/3)
2026-10-06 21:32:07,125 | INFO | scraping_pipeline | Fetching https://books.toscrape.com/catalogue/what-happened-on-beale-street-secrets-of-the-south-mysteries-2_506/index.html (attempt 1/3)
2026-10-06 21:32:07,660 | INFO | scraping_pipeline | Fetching https://books.toscrape.com/catalogue/unreasonable-hope-finding-faith-in-the-god-who-brings-purpose-to-your-pain_505/index.html (attempt 1/3)
2026-10-06 21:32:08,508 | INFO | scraping_pipeline | Fetching https://books.toscrape.com/catalogue/under-the-tuscan-sun_504/index.html (attempt 1/3)
2026-10-06 21:32:09,035 | INFO | scraping_pipeline | Fetching https://books.toscrape.com/catalogue/toddlers-are-aholes-its-not-your-fault_503/index.html (attempt 1/3)
2026-10-06 21:32:09,870 | INFO | scraping_pipeline | Fetching https://books.toscrape.com/catalogue/the-year-of-living-biblically-one-mans-humble-quest-to-follow-the-bible-as-literally-as-possible_502/index.html (attempt 1/3)
2026-10-06 21:32:10,722 | INFO | scraping_pipeline | Fetching https://books.toscrape.com/catalogue/the-whale_501/index.html (attempt 1/3)
2026-10-06 21:32:11,270 | INFO | scraping_pipeline | Scraping listing page: https://books.toscrape.com/catalogue/page-26.html
2026-10-06 21:32:11,270 | INFO | scraping_pipeline | Fetching https://books.toscrape.com/catalogue/page-26.html (attempt 1/3)
2026-10-06 21:32:12,141 | INFO | scraping_pipeline | Fetching https://books.toscrape.com/catalogue/the-story-of-art_500/index.html (attempt 1/3)
2026-10-06 21:32:12,677 | INFO | scraping_pipeline | Fetching https://books.toscrape.com/catalogue/the-origin-of-species_499/index.html (attempt 1/3)
2026-10-06 21:32:13,220 | INFO | scraping_pipeline | Fetching https://books.toscrape.com/catalogue/the-great-gatsby_498/index.html (attempt 1/3)
2026-10-06 21:32:13,750 | INFO | scraping_pipeline | Fetching https://books.toscrape.com/catalogue/the-good-girl_497/index.html (attempt 1/3)
2026-10-06 21:32:14,277 | INFO | scraping_pipeline | Fetching https://books.toscrape.com/catalogue/the-glass-castle_496/index.html (attempt 1/3)
2026-10-06 21:32:14,815 | INFO | scraping_pipeline | Fetching https://books.toscrape.com/catalogue/the-faith-of-christopher-hitchens-the-restless-soul-of-the-worlds-most-notorious-atheist_495/index.html (attempt 1/3)
2026-10-06 21:32:15,660 | INFO | scraping_pipeline | Fetching https://books.toscrape.com/catalogue/the-drowning-girls_494/index.html (attempt 1/3)
2026-10-06 21:32:16,204 | INFO | scraping_pipeline | Fetching https://books.toscrape.com/catalogue/the-constant-princess-the-tudor-court-1_493/index.html (attempt 1/3)
2026-10-06 21:32:17,045 | INFO | scraping_pipeline | Fetching https://books.toscrape.com/catalogue/the-bourne-identity-jason-bourne-1_492/index.html (attempt 1/3)
2026-10-06 21:32:17,580 | INFO | scraping_pipeline | Fetching https://books.toscrape.com/catalogue/the-bachelor-girls-guide-to-murder-herringford-and-watts-mysteries-1_491/index.html (attempt 1/3)
2026-10-06 21:32:18,120 | INFO | scraping_pipeline | Fetching https://books.toscrape.com/catalogue/the-art-book_490/index.html (attempt 1/3)
2026-10-06 21:32:18,681 | INFO | scraping_pipeline | Fetching https://books.toscrape.com/catalogue/the-7-habits-of-highly-effective-people-powerful-lessons-in-personal-change_489/index.html (attempt 1/3)
2026-10-06 21:32:19,221 | INFO | scraping_pipeline | Fetching https://books.toscrape.com/catalogue/team-of-rivals-the-political-genius-of-abraham-lincoln_488/index.html (attempt 1/3)
2026-10-06 21:32:20,072 | INFO | scraping_pipeline | Fetching https://books.toscrape.com/catalogue/steal-like-an-artist-10-things-nobody-told-you-about-being-creative_487/index.html (attempt 1/3)
2026-10-06 21:32:20,613 | INFO | scraping_pipeline | Fetching https://books.toscrape.com/catalogue/sit-stay-love_486/index.html (attempt 1/3)
2026-10-06 21:32:21,159 | INFO | scraping_pipeline | Fetching https://books.toscrape.com/catalogue/sister-dear_485/index.html (attempt 1/3)
2026-10-06 21:32:21,705 | INFO | scraping_pipeline | Fetching https://books.toscrape.com/catalogue/shrunken-treasures-literary-classics-short-sweet-and-silly_484/index.html (attempt 1/3)
2026-10-06 21:32:22,229 | INFO | scraping_pipeline | Fetching https://books.toscrape.com/catalogue/rich-dad-poor-dad_483/index.html (attempt 1/3)
2026-10-06 21:32:22,758 | INFO | scraping_pipeline | Fetching https://books.toscrape.com/catalogue/raymie-nightingale_482/index.html (attempt 1/3)
2026-10-06 21:32:23,296 | INFO | scraping_pipeline | Fetching https://books.toscrape.com/catalogue/playing-from-the-heart_481/index.html (attempt 1/3)
2026-10-06 21:32:23,845 | INFO | scraping_pipeline | Scraping listing page: https://books.toscrape.com/catalogue/page-27.html
2026-10-06 21:32:23,845 | INFO | scraping_pipeline | Fetching https://books.toscrape.com/catalogue/page-27.html (attempt 1/3)
2026-10-06 21:32:24,739 | INFO | scraping_pipeline | Fetching https://books.toscrape.com/catalogue/nightstruck-a-novel_480/index.html (attempt 1/3)
2026-10-06 21:32:25,278 | INFO | scraping_pipeline | Fetching https://books.toscrape.com/catalogue/naturally-lean-125-nourishing-gluten-free-plant-based-recipes-all-under-300-calories_479/index.html (attempt 1/3)
2026-10-06 21:32:25,819 | INFO | scraping_pipeline | Fetching https://books.toscrape.com/catalogue/meternity_478/index.html (attempt 1/3)
2026-10-06 21:32:26,677 | INFO | scraping_pipeline | Fetching https://books.toscrape.com/catalogue/memoirs-of-a-geisha_477/index.html (attempt 1/3)
2026-10-06 21:32:27,220 | INFO | scraping_pipeline | Fetching https://books.toscrape.com/catalogue/like-never-before-walker-family-2_476/index.html (attempt 1/3)
2026-10-06 21:32:28,051 | INFO | scraping_pipeline | Fetching https://books.toscrape.com/catalogue/life-of-pi_475/index.html (attempt 1/3)
2026-10-06 21:32:28,583 | INFO | scraping_pipeline | Fetching https://books.toscrape.com/catalogue/leave-this-song-behind-teen-poetry-at-its-best_474/index.html (attempt 1/3)
2026-10-06 21:32:29,413 | INFO | scraping_pipeline | Fetching https://books.toscrape.com/catalogue/kings-folly-the-kinsman-chronicles-1_473/index.html (attempt 1/3)
2026-10-06 21:32:30,266 | INFO | scraping_pipeline | Fetching https://books.toscrape.com/catalogue/john-adams_472/index.html (attempt 1/3)
2026-10-06 21:32:30,807 | INFO | scraping_pipeline | Fetching https://books.toscrape.com/catalogue/how-to-cook-everything-vegetarian-simple-meatless-recipes-for-great-food-how-to-cook-everything_471/index.html (attempt 1/3)
2026-10-06 21:32:31,330 | INFO | scraping_pipeline | Fetching https://books.toscrape.com/catalogue/how-to-be-a-domestic-goddess-baking-and-the-art-of-comfort-cooking_470/index.html (attempt 1/3)
2026-10-06 21:32:31,854 | INFO | scraping_pipeline | Fetching https://books.toscrape.com/catalogue/good-in-bed-cannie-shapiro-1_469/index.html (attempt 1/3)
2026-10-06 21:32:32,394 | INFO | scraping_pipeline | Fetching https://books.toscrape.com/catalogue/fruits-basket-vol-7-fruits-basket-7_468/index.html (attempt 1/3)
2026-10-06 21:32:32,922 | INFO | scraping_pipeline | Fetching https://books.toscrape.com/catalogue/for-the-love-fighting-for-grace-in-a-world-of-impossible-standards_467/index.html (attempt 1/3)
2026-10-06 21:32:33,756 | INFO | scraping_pipeline | Fetching https://books.toscrape.com/catalogue/finding-god-in-the-ruins-how-god-redeems-pain_466/index.html (attempt 1/3)
2026-10-06 21:32:34,291 | INFO | scraping_pipeline | Fetching https://books.toscrape.com/catalogue/every-heart-a-doorway-every-heart-a-doorway-1_465/index.html (attempt 1/3)
2026-10-06 21:32:35,123 | INFO | scraping_pipeline | Fetching https://books.toscrape.com/catalogue/delivering-the-truth-quaker-midwife-mystery-1_464/index.html (attempt 1/3)
2026-10-06 21:32:35,667 | INFO | scraping_pipeline | Fetching https://books.toscrape.com/catalogue/counted-with-the-stars-out-from-egypt-1_463/index.html (attempt 1/3)
2026-10-06 21:32:36,504 | INFO | scraping_pipeline | Fetching https://books.toscrape.com/catalogue/chronicles-vol-1_462/index.html (attempt 1/3)
2026-10-06 21:32:37,032 | INFO | scraping_pipeline | Fetching https://books.toscrape.com/catalogue/blue-like-jazz-nonreligious-thoughts-on-christian-spirituality_461/index.html (attempt 1/3)
2026-10-06 21:32:37,569 | INFO | scraping_pipeline | Scraping listing page: https://books.toscrape.com/catalogue/page-28.html
2026-10-06 21:32:37,569 | INFO | scraping_pipeline | Fetching https://books.toscrape.com/catalogue/page-28.html (attempt 1/3)
2026-10-06 21:32:38,422 | INFO | scraping_pipeline | Fetching https://books.toscrape.com/catalogue/benjamin-franklin-an-american-life_460/index.html (attempt 1/3)
2026-10-06 21:32:38,952 | INFO | scraping_pipeline | Fetching https://books.toscrape.com/catalogue/at-the-existentialist-cafe-freedom-being-and-apricot-cocktails-with-jean-paul-sartre-simone-de-beauvoir-albert-camus-martin-heidegger-edmund-husserl-karl-jaspers-maurice-merleau-ponty-and-others_459/index.html (attempt 1/3)
2026-10-06 21:32:39,501 | INFO | scraping_pipeline | Fetching https://books.toscrape.com/catalogue/a-summer-in-europe_458/index.html (attempt 1/3)
2026-10-06 21:32:40,338 | INFO | scraping_pipeline | Fetching https://books.toscrape.com/catalogue/a-short-history-of-nearly-everything_457/index.html (attempt 1/3)
2026-10-06 21:32:40,885 | INFO | scraping_pipeline | Fetching https://books.toscrape.com/catalogue/a-gathering-of-shadows-shades-of-magic-2_456/index.html (attempt 1/3)
2026-10-06 21:32:41,421 | INFO | scraping_pipeline | Fetching https://books.toscrape.com/catalogue/the-sound-of-love_455/index.html (attempt 1/3)
2026-10-06 21:32:42,250 | INFO | scraping_pipeline | Fetching https://books.toscrape.com/catalogue/the-rise-and-fall-of-the-third-reich-a-history-of-nazi-germany_454/index.html (attempt 1/3)
2026-10-06 21:32:42,777 | INFO | scraping_pipeline | Fetching https://books.toscrape.com/catalogue/the-perks-of-being-a-wallflower_453/index.html (attempt 1/3)
2026-10-06 21:32:43,314 | INFO | scraping_pipeline | Fetching https://books.toscrape.com/catalogue/the-mysterious-affair-at-styles-hercule-poirot-1_452/index.html (attempt 1/3)
2026-10-06 21:32:43,853 | INFO | scraping_pipeline | Fetching https://books.toscrape.com/catalogue/the-man-who-mistook-his-wife-for-a-hat-and-other-clinical-tales_451/index.html (attempt 1/3)
2026-10-06 21:32:44,696 | INFO | scraping_pipeline | Fetching https://books.toscrape.com/catalogue/the-makings-of-a-fatherless-child_450/index.html (attempt 1/3)
2026-10-06 21:32:45,230 | INFO | scraping_pipeline | Fetching https://books.toscrape.com/catalogue/the-joy-of-cooking_449/index.html (attempt 1/3)
2026-10-06 21:32:46,087 | INFO | scraping_pipeline | Fetching https://books.toscrape.com/catalogue/the-invention-of-wings_448/index.html (attempt 1/3)
2026-10-06 21:32:46,926 | INFO | scraping_pipeline | Fetching https://books.toscrape.com/catalogue/the-hobbit-middle-earth-universe_447/index.html (attempt 1/3)
2026-10-06 21:32:47,466 | INFO | scraping_pipeline | Fetching https://books.toscrape.com/catalogue/the-great-railway-bazaar_446/index.html (attempt 1/3)
2026-10-06 21:32:48,005 | INFO | scraping_pipeline | Fetching https://books.toscrape.com/catalogue/the-golden-compass-his-dark-materials-1_445/index.html (attempt 1/3)
2026-10-06 21:32:48,833 | INFO | scraping_pipeline | Fetching https://books.toscrape.com/catalogue/the-god-delusion_444/index.html (attempt 1/3)
2026-10-06 21:32:49,690 | INFO | scraping_pipeline | Fetching https://books.toscrape.com/catalogue/the-girl-you-left-behind-the-girl-you-left-behind-1_443/index.html (attempt 1/3)
2026-10-06 21:32:50,549 | INFO | scraping_pipeline | Fetching https://books.toscrape.com/catalogue/the-fellowship-of-the-ring-the-lord-of-the-rings-1_442/index.html (attempt 1/3)
2026-10-06 21:32:51,078 | INFO | scraping_pipeline | Fetching https://books.toscrape.com/catalogue/the-collected-poems-of-wb-yeats-the-collected-works-of-wb-yeats-1_441/index.html (attempt 1/3)
2026-10-06 21:32:51,926 | INFO | scraping_pipeline | Scraping listing page: https://books.toscrape.com/catalogue/page-29.html
2026-10-06 21:32:51,927 | INFO | scraping_pipeline | Fetching https://books.toscrape.com/catalogue/page-29.html (attempt 1/3)
2026-10-06 21:32:52,787 | INFO | scraping_pipeline | Fetching https://books.toscrape.com/catalogue/the-barefoot-contessa-cookbook_440/index.html (attempt 1/3)
2026-10-06 21:32:53,311 | INFO | scraping_pipeline | Fetching https://books.toscrape.com/catalogue/tell-the-wolves-im-home_439/index.html (attempt 1/3)
2026-10-06 21:32:53,860 | INFO | scraping_pipeline | Fetching https://books.toscrape.com/catalogue/ship-leaves-harbor-essays-on-travel-by-a-recovering-journeyman_438/index.html (attempt 1/3)
2026-10-06 21:32:54,398 | INFO | scraping_pipeline | Fetching https://books.toscrape.com/catalogue/pride-and-prejudice_437/index.html (attempt 1/3)
2026-10-06 21:32:54,933 | INFO | scraping_pipeline | Fetching https://books.toscrape.com/catalogue/musicophilia-tales-of-music-and-the-brain_436/index.html (attempt 1/3)
2026-10-06 21:32:55,803 | INFO | scraping_pipeline | Fetching https://books.toscrape.com/catalogue/mere-christianity_435/index.html (attempt 1/3)
2026-10-06 21:32:56,631 | INFO | scraping_pipeline | Fetching https://books.toscrape.com/catalogue/me-before-you-me-before-you-1_434/index.html (attempt 1/3)
2026-10-06 21:32:57,489 | INFO | scraping_pipeline | Fetching https://books.toscrape.com/catalogue/in-the-woods-dublin-murder-squad-1_433/index.html (attempt 1/3)
2026-10-06 21:32:58,017 | INFO | scraping_pipeline | Fetching https://books.toscrape.com/catalogue/in-cold-blood_432/index.html (attempt 1/3)
2026-10-06 21:32:58,565 | INFO | scraping_pipeline | Fetching https://books.toscrape.com/catalogue/how-to-stop-worrying-and-start-living_431/index.html (attempt 1/3)
2026-10-06 21:32:59,094 | INFO | scraping_pipeline | Fetching https://books.toscrape.com/catalogue/give-it-back_430/index.html (attempt 1/3)
2026-10-06 21:32:59,643 | INFO | scraping_pipeline | Fetching https://books.toscrape.com/catalogue/girl-interrupted_429/index.html (attempt 1/3)
2026-10-06 21:33:00,175 | INFO | scraping_pipeline | Fetching https://books.toscrape.com/catalogue/fun-home-a-family-tragicomic_428/index.html (attempt 1/3)
2026-10-06 21:33:00,710 | INFO | scraping_pipeline | Fetching https://books.toscrape.com/catalogue/fruits-basket-vol-6-fruits-basket-6_427/index.html (attempt 1/3)
2026-10-06 21:33:01,236 | INFO | scraping_pipeline | Fetching https://books.toscrape.com/catalogue/deception-point_426/index.html (attempt 1/3)
2026-10-06 21:33:02,082 | INFO | scraping_pipeline | Fetching https://books.toscrape.com/catalogue/death-note-vol-6-give-and-take-death-note-6_425/index.html (attempt 1/3)
2026-10-06 21:33:02,928 | INFO | scraping_pipeline | Fetching https://books.toscrape.com/catalogue/catherine-the-great-portrait-of-a-woman_424/index.html (attempt 1/3)
2026-10-06 21:33:03,479 | INFO | scraping_pipeline | Fetching https://books.toscrape.com/catalogue/better-homes-and-gardens-new-cook-book_423/index.html (attempt 1/3)
2026-10-06 21:33:04,015 | INFO | scraping_pipeline | Fetching https://books.toscrape.com/catalogue/an-unquiet-mind-a-memoir-of-moods-and-madness_422/index.html (attempt 1/3)
2026-10-06 21:33:04,559 | INFO | scraping_pipeline | Fetching https://books.toscrape.com/catalogue/a-year-in-provence-provence-1_421/index.html (attempt 1/3)
2026-10-06 21:33:05,116 | INFO | scraping_pipeline | Scraping listing page: https://books.toscrape.com/catalogue/page-30.html
2026-10-06 21:33:05,116 | INFO | scraping_pipeline | Fetching https://books.toscrape.com/catalogue/page-30.html (attempt 1/3)
2026-10-06 21:33:05,982 | INFO | scraping_pipeline | Fetching https://books.toscrape.com/catalogue/world-without-end-the-pillars-of-the-earth-2_420/index.html (attempt 1/3)
2026-10-06 21:33:06,515 | INFO | scraping_pipeline | Fetching https://books.toscrape.com/catalogue/will-grayson-will-grayson-will-grayson-will-grayson_419/index.html (attempt 1/3)
2026-10-06 21:33:07,064 | INFO | scraping_pipeline | Fetching https://books.toscrape.com/catalogue/why-save-the-bankers-and-other-essays-on-our-economic-and-political-crisis_418/index.html (attempt 1/3)
2026-10-06 21:33:07,922 | INFO | scraping_pipeline | Fetching https://books.toscrape.com/catalogue/where-she-went-if-i-stay-2_417/index.html (attempt 1/3)
2026-10-06 21:33:08,459 | INFO | scraping_pipeline | Fetching https://books.toscrape.com/catalogue/what-if-serious-scientific-answers-to-absurd-hypothetical-questions_416/index.html (attempt 1/3)
2026-10-06 21:33:09,285 | INFO | scraping_pipeline | Fetching https://books.toscrape.com/catalogue/two-summers_415/index.html (attempt 1/3)
2026-10-06 21:33:09,813 | INFO | scraping_pipeline | Fetching https://books.toscrape.com/catalogue/this-is-your-brain-on-music-the-science-of-a-human-obsession_414/index.html (attempt 1/3)
2026-10-06 21:33:10,644 | INFO | scraping_pipeline | Fetching https://books.toscrape.com/catalogue/the-secret-garden_413/index.html (attempt 1/3)
2026-10-06 21:33:11,174 | INFO | scraping_pipeline | Fetching https://books.toscrape.com/catalogue/the-raven-king-the-raven-cycle-4_412/index.html (attempt 1/3)
2026-10-06 21:33:11,718 | INFO | scraping_pipeline | Fetching https://books.toscrape.com/catalogue/the-raven-boys-the-raven-cycle-1_411/index.html (attempt 1/3)
2026-10-06 21:33:12,553 | INFO | scraping_pipeline | Fetching https://books.toscrape.com/catalogue/the-power-greens-cookbook-140-delicious-superfood-recipes_410/index.html (attempt 1/3)
2026-10-06 21:33:13,410 | INFO | scraping_pipeline | Fetching https://books.toscrape.com/catalogue/the-metamorphosis_409/index.html (attempt 1/3)
2026-10-06 21:33:13,955 | INFO | scraping_pipeline | Fetching https://books.toscrape.com/catalogue/the-mathews-men-seven-brothers-and-the-war-against-hitlers-u-boats_408/index.html (attempt 1/3)
2026-10-06 21:33:14,497 | INFO | scraping_pipeline | Fetching https://books.toscrape.com/catalogue/the-little-paris-bookshop_407/index.html (attempt 1/3)
2026-10-06 21:33:15,044 | INFO | scraping_pipeline | Fetching https://books.toscrape.com/catalogue/the-hiding-place_406/index.html (attempt 1/3)
2026-10-06 21:33:15,579 | INFO | scraping_pipeline | Fetching https://books.toscrape.com/catalogue/the-grand-design_405/index.html (attempt 1/3)
2026-10-06 21:33:16,121 | INFO | scraping_pipeline | Fetching https://books.toscrape.com/catalogue/the-firm_404/index.html (attempt 1/3)
2026-10-06 21:33:17,054 | INFO | scraping_pipeline | Fetching https://books.toscrape.com/catalogue/the-fault-in-our-stars_403/index.html (attempt 1/3)
2026-10-06 21:33:17,908 | INFO | scraping_pipeline | Fetching https://books.toscrape.com/catalogue/the-false-prince-the-ascendance-trilogy-1_402/index.html (attempt 1/3)
2026-10-06 21:33:18,740 | INFO | scraping_pipeline | Fetching https://books.toscrape.com/catalogue/the-expatriates_401/index.html (attempt 1/3)
2026-10-06 21:33:19,595 | INFO | scraping_pipeline | Scraping listing page: https://books.toscrape.com/catalogue/page-31.html
2026-10-06 21:33:19,595 | INFO | scraping_pipeline | Fetching https://books.toscrape.com/catalogue/page-31.html (attempt 1/3)
2026-10-06 21:33:20,783 | INFO | scraping_pipeline | Fetching https://books.toscrape.com/catalogue/the-dream-thieves-the-raven-cycle-2_400/index.html (attempt 1/3)
2026-10-06 21:33:21,622 | INFO | scraping_pipeline | Fetching https://books.toscrape.com/catalogue/the-darkest-corners_399/index.html (attempt 1/3)
2026-10-06 21:33:22,472 | INFO | scraping_pipeline | Fetching https://books.toscrape.com/catalogue/the-crossover_398/index.html (attempt 1/3)
2026-10-06 21:33:23,311 | INFO | scraping_pipeline | Fetching https://books.toscrape.com/catalogue/the-5th-wave-the-5th-wave-1_397/index.html (attempt 1/3)
2026-10-06 21:33:24,151 | INFO | scraping_pipeline | Fetching https://books.toscrape.com/catalogue/tell-the-wind-and-fire_396/index.html (attempt 1/3)
2026-10-06 21:33:25,016 | INFO | scraping_pipeline | Fetching https://books.toscrape.com/catalogue/tell-me-three-things_395/index.html (attempt 1/3)
2026-10-06 21:33:25,876 | INFO | scraping_pipeline | Fetching https://books.toscrape.com/catalogue/talking-to-girls-about-duran-duran-one-young-mans-quest-for-true-love-and-a-cooler-haircut_394/index.html (attempt 1/3)
2026-10-06 21:33:26,720 | INFO | scraping_pipeline | Fetching https://books.toscrape.com/catalogue/siddhartha_393/index.html (attempt 1/3)
2026-10-06 21:33:27,567 | INFO | scraping_pipeline | Fetching https://books.toscrape.com/catalogue/shiver-the-wolves-of-mercy-falls-1_392/index.html (attempt 1/3)
2026-10-06 21:33:28,094 | INFO | scraping_pipeline | Fetching https://books.toscrape.com/catalogue/remember-me_391/index.html (attempt 1/3)
2026-10-06 21:33:28,940 | INFO | scraping_pipeline | Fetching https://books.toscrape.com/catalogue/red-dragon-hannibal-lecter-1_390/index.html (attempt 1/3)
2026-10-06 21:33:29,804 | INFO | scraping_pipeline | Fetching https://books.toscrape.com/catalogue/peak-secrets-from-the-new-science-of-expertise_389/index.html (attempt 1/3)
2026-10-06 21:33:30,632 | INFO | scraping_pipeline | Fetching https://books.toscrape.com/catalogue/my-mother-was-nuts_388/index.html (attempt 1/3)
2026-10-06 21:33:31,477 | INFO | scraping_pipeline | Fetching https://books.toscrape.com/catalogue/mexican-today-new-and-rediscovered-recipes-for-contemporary-kitchens_387/index.html (attempt 1/3)
2026-10-06 21:33:32,311 | INFO | scraping_pipeline | Fetching https://books.toscrape.com/catalogue/maybe-something-beautiful-how-art-transformed-a-neighborhood_386/index.html (attempt 1/3)
2026-10-06 21:33:32,842 | INFO | scraping_pipeline | Fetching https://books.toscrape.com/catalogue/lola-and-the-boy-next-door-anna-and-the-french-kiss-2_385/index.html (attempt 1/3)
2026-10-06 21:33:33,675 | INFO | scraping_pipeline | Fetching https://books.toscrape.com/catalogue/logan-kade-fallen-crest-high-55_384/index.html (attempt 1/3)
2026-10-06 21:33:34,548 | INFO | scraping_pipeline | Fetching https://books.toscrape.com/catalogue/last-one-home-new-beginnings-1_383/index.html (attempt 1/3)
2026-10-06 21:33:35,378 | INFO | scraping_pipeline | Fetching https://books.toscrape.com/catalogue/killing-floor-jack-reacher-1_382/index.html (attempt 1/3)
2026-10-06 21:33:36,217 | INFO | scraping_pipeline | Fetching https://books.toscrape.com/catalogue/kill-the-boy-band_381/index.html (attempt 1/3)
2026-10-06 21:33:37,077 | INFO | scraping_pipeline | Scraping listing page: https://books.toscrape.com/catalogue/page-32.html
2026-10-06 21:33:37,077 | INFO | scraping_pipeline | Fetching https://books.toscrape.com/catalogue/page-32.html (attempt 1/3)
2026-10-06 21:33:37,960 | INFO | scraping_pipeline | Fetching https://books.toscrape.com/catalogue/isla-and-the-happily-ever-after-anna-and-the-french-kiss-3_380/index.html (attempt 1/3)
2026-10-06 21:33:38,496 | INFO | scraping_pipeline | Fetching https://books.toscrape.com/catalogue/if-i-stay-if-i-stay-1_379/index.html (attempt 1/3)
2026-10-06 21:33:39,362 | INFO | scraping_pipeline | Fetching https://books.toscrape.com/catalogue/i-know-why-the-caged-bird-sings-maya-angelous-autobiography-1_378/index.html (attempt 1/3)
2026-10-06 21:33:40,193 | INFO | scraping_pipeline | Fetching https://books.toscrape.com/catalogue/harry-potter-and-the-deathly-hallows-harry-potter-7_377/index.html (attempt 1/3)
2026-10-06 21:33:41,093 | INFO | scraping_pipeline | Fetching https://books.toscrape.com/catalogue/fruits-basket-vol-5-fruits-basket-5_376/index.html (attempt 1/3)
2026-10-06 21:33:41,939 | INFO | scraping_pipeline | Fetching https://books.toscrape.com/catalogue/foundation-foundation-publication-order-1_375/index.html (attempt 1/3)
2026-10-06 21:33:42,498 | INFO | scraping_pipeline | Fetching https://books.toscrape.com/catalogue/fool-me-once_374/index.html (attempt 1/3)
2026-10-06 21:33:43,373 | INFO | scraping_pipeline | Fetching https://books.toscrape.com/catalogue/find-her-detective-dd-warren-8_373/index.html (attempt 1/3)
2026-10-06 21:33:44,251 | INFO | scraping_pipeline | Fetching https://books.toscrape.com/catalogue/evicted-poverty-and-profit-in-the-american-city_372/index.html (attempt 1/3)
2026-10-06 21:33:45,086 | INFO | scraping_pipeline | Fetching https://books.toscrape.com/catalogue/drama_371/index.html (attempt 1/3)
2026-10-06 21:33:45,611 | INFO | scraping_pipeline | Fetching https://books.toscrape.com/catalogue/dracula-the-un-dead_370/index.html (attempt 1/3)
2026-10-06 21:33:46,459 | INFO | scraping_pipeline | Fetching https://books.toscrape.com/catalogue/digital-fortress_369/index.html (attempt 1/3)
2026-10-06 21:33:47,304 | INFO | scraping_pipeline | Fetching https://books.toscrape.com/catalogue/death-note-vol-5-whiteout-death-note-5_368/index.html (attempt 1/3)
2026-10-06 21:33:48,134 | INFO | scraping_pipeline | Fetching https://books.toscrape.com/catalogue/data-a-love-story-how-i-gamed-online-dating-to-meet-my-match_367/index.html (attempt 1/3)
2026-10-06 21:33:48,989 | INFO | scraping_pipeline | Fetching https://books.toscrape.com/catalogue/critique-of-pure-reason_366/index.html (attempt 1/3)
2026-10-06 21:33:49,829 | INFO | scraping_pipeline | Fetching https://books.toscrape.com/catalogue/booked_365/index.html (attempt 1/3)
2026-10-06 21:33:50,663 | INFO | scraping_pipeline | Fetching https://books.toscrape.com/catalogue/blue-lily-lily-blue-the-raven-cycle-3_364/index.html (attempt 1/3)
2026-10-06 21:33:51,499 | INFO | scraping_pipeline | Fetching https://books.toscrape.com/catalogue/approval-junkie-adventures-in-caring-too-much_363/index.html (attempt 1/3)
2026-10-06 21:33:52,337 | INFO | scraping_pipeline | Fetching https://books.toscrape.com/catalogue/an-abundance-of-katherines_362/index.html (attempt 1/3)
2026-10-06 21:33:53,176 | INFO | scraping_pipeline | Fetching https://books.toscrape.com/catalogue/americas-war-for-the-greater-middle-east-a-military-history_361/index.html (attempt 1/3)
2026-10-06 21:33:54,033 | INFO | scraping_pipeline | Scraping listing page: https://books.toscrape.com/catalogue/page-33.html
2026-10-06 21:33:54,033 | INFO | scraping_pipeline | Fetching https://books.toscrape.com/catalogue/page-33.html (attempt 1/3)
2026-10-06 21:33:54,884 | INFO | scraping_pipeline | Fetching https://books.toscrape.com/catalogue/alight-the-generations-trilogy-2_360/index.html (attempt 1/3)
2026-10-06 21:33:55,404 | INFO | scraping_pipeline | Fetching https://books.toscrape.com/catalogue/a-girls-guide-to-moving-on-new-beginnings-2_359/index.html (attempt 1/3)
2026-10-06 21:33:56,224 | INFO | scraping_pipeline | Fetching https://books.toscrape.com/catalogue/a-game-of-thrones-a-song-of-ice-and-fire-1_358/index.html (attempt 1/3)
2026-10-06 21:33:56,772 | INFO | scraping_pipeline | Fetching https://books.toscrape.com/catalogue/a-feast-for-crows-a-song-of-ice-and-fire-4_357/index.html (attempt 1/3)
2026-10-06 21:33:57,616 | INFO | scraping_pipeline | Fetching https://books.toscrape.com/catalogue/a-clash-of-kings-a-song-of-ice-and-fire-2_356/index.html (attempt 1/3)
2026-10-06 21:33:58,499 | INFO | scraping_pipeline | Fetching https://books.toscrape.com/catalogue/vogue-colors-a-to-z-a-fashion-coloring-book_355/index.html (attempt 1/3)
2026-10-06 21:33:59,061 | INFO | scraping_pipeline | Fetching https://books.toscrape.com/catalogue/the-shining-the-shining-1_354/index.html (attempt 1/3)
2026-10-06 21:33:59,939 | INFO | scraping_pipeline | Fetching https://books.toscrape.com/catalogue/the-pilgrims-progress_353/index.html (attempt 1/3)
2026-10-06 21:34:00,817 | INFO | scraping_pipeline | Fetching https://books.toscrape.com/catalogue/the-perfect-play-play-by-play-1_352/index.html (attempt 1/3)
2026-10-06 21:34:01,707 | INFO | scraping_pipeline | Fetching https://books.toscrape.com/catalogue/the-passion-of-dolssa_351/index.html (attempt 1/3)
2026-10-06 21:34:02,667 | INFO | scraping_pipeline | Fetching https://books.toscrape.com/catalogue/the-jazz-of-physics-the-secret-link-between-music-and-the-structure-of-the-universe_350/index.html (attempt 1/3)
2026-10-06 21:34:03,547 | INFO | scraping_pipeline | Fetching https://books.toscrape.com/catalogue/the-hunger-games-the-hunger-games-1_349/index.html (attempt 1/3)
2026-10-06 21:34:04,090 | INFO | scraping_pipeline | Fetching https://books.toscrape.com/catalogue/the-hound-of-the-baskervilles-sherlock-holmes-5_348/index.html (attempt 1/3)
2026-10-06 21:34:04,633 | INFO | scraping_pipeline | Fetching https://books.toscrape.com/catalogue/the-gunning-of-america-business-and-the-making-of-american-gun-culture_347/index.html (attempt 1/3)
2026-10-06 21:34:05,506 | INFO | scraping_pipeline | Fetching https://books.toscrape.com/catalogue/the-geography-of-bliss-one-grumps-search-for-the-happiest-places-in-the-world_346/index.html (attempt 1/3)
2026-10-06 21:34:06,391 | INFO | scraping_pipeline | Fetching https://books.toscrape.com/catalogue/the-demonists-demonist-1_345/index.html (attempt 1/3)
2026-10-06 21:34:07,304 | INFO | scraping_pipeline | Fetching https://books.toscrape.com/catalogue/the-demon-prince-of-momochi-house-vol-4-the-demon-prince-of-momochi-house-4_344/index.html (attempt 1/3)
2026-10-06 21:34:08,170 | INFO | scraping_pipeline | Fetching https://books.toscrape.com/catalogue/the-bone-hunters-lexy-vaughan-steven-macaulay-2_343/index.html (attempt 1/3)
2026-10-06 21:34:09,067 | INFO | scraping_pipeline | Fetching https://books.toscrape.com/catalogue/the-beast-black-dagger-brotherhood-14_342/index.html (attempt 1/3)
2026-10-06 21:34:09,614 | INFO | scraping_pipeline | Fetching https://books.toscrape.com/catalogue/some-women_341/index.html (attempt 1/3)
2026-10-06 21:34:10,523 | INFO | scraping_pipeline | Scraping listing page: https://books.toscrape.com/catalogue/page-34.html
2026-10-06 21:34:10,523 | INFO | scraping_pipeline | Fetching https://books.toscrape.com/catalogue/page-34.html (attempt 1/3)
2026-10-06 21:34:11,421 | INFO | scraping_pipeline | Fetching https://books.toscrape.com/catalogue/shopaholic-ties-the-knot-shopaholic-3_340/index.html (attempt 1/3)
2026-10-06 21:34:12,290 | INFO | scraping_pipeline | Fetching https://books.toscrape.com/catalogue/paper-and-fire-the-great-library-2_339/index.html (attempt 1/3)
2026-10-06 21:34:13,166 | INFO | scraping_pipeline | Fetching https://books.toscrape.com/catalogue/outlander-outlander-1_338/index.html (attempt 1/3)
2026-10-06 21:34:14,047 | INFO | scraping_pipeline | Fetching https://books.toscrape.com/catalogue/orchestra-of-exiles-the-story-of-bronislaw-huberman-the-israel-philharmonic-and-the-one-thousand-jews-he-saved-from-nazi-horrors_337/index.html (attempt 1/3)
2026-10-06 21:34:14,596 | INFO | scraping_pipeline | Fetching https://books.toscrape.com/catalogue/no-one-here-gets-out-alive_336/index.html (attempt 1/3)
2026-10-06 21:34:15,472 | INFO | scraping_pipeline | Fetching https://books.toscrape.com/catalogue/night-shift-night-shift-1-20_335/index.html (attempt 1/3)
2026-10-06 21:34:16,336 | INFO | scraping_pipeline | Fetching https://books.toscrape.com/catalogue/needful-things_334/index.html (attempt 1/3)
2026-10-06 21:34:17,211 | INFO | scraping_pipeline | Fetching https://books.toscrape.com/catalogue/mockingjay-the-hunger-games-3_333/index.html (attempt 1/3)
2026-10-06 21:34:18,085 | INFO | scraping_pipeline | Fetching https://books.toscrape.com/catalogue/misery_332/index.html (attempt 1/3)
2026-10-06 21:34:18,631 | INFO | scraping_pipeline | Fetching https://books.toscrape.com/catalogue/little-women-little-women-1_331/index.html (attempt 1/3)
2026-10-06 21:34:19,170 | INFO | scraping_pipeline | Fetching https://books.toscrape.com/catalogue/it_330/index.html (attempt 1/3)
2026-10-06 21:34:20,078 | INFO | scraping_pipeline | Fetching https://books.toscrape.com/catalogue/harry-potter-and-the-sorcerers-stone-harry-potter-1_329/index.html (attempt 1/3)
2026-10-06 21:34:20,948 | INFO | scraping_pipeline | Fetching https://books.toscrape.com/catalogue/harry-potter-and-the-prisoner-of-azkaban-harry-potter-3_328/index.html (attempt 1/3)
2026-10-06 21:34:21,841 | INFO | scraping_pipeline | Fetching https://books.toscrape.com/catalogue/harry-potter-and-the-order-of-the-phoenix-harry-potter-5_327/index.html (attempt 1/3)
2026-10-06 21:34:22,703 | INFO | scraping_pipeline | Fetching https://books.toscrape.com/catalogue/harry-potter-and-the-half-blood-prince-harry-potter-6_326/index.html (attempt 1/3)
2026-10-06 21:34:23,253 | INFO | scraping_pipeline | Fetching https://books.toscrape.com/catalogue/harry-potter-and-the-chamber-of-secrets-harry-potter-2_325/index.html (attempt 1/3)
2026-10-06 21:34:24,125 | INFO | scraping_pipeline | Fetching https://books.toscrape.com/catalogue/gone-with-the-wind_324/index.html (attempt 1/3)
2026-10-06 21:34:25,016 | INFO | scraping_pipeline | Fetching https://books.toscrape.com/catalogue/god-is-not-great-how-religion-poisons-everything_323/index.html (attempt 1/3)
2026-10-06 21:34:25,889 | INFO | scraping_pipeline | Fetching https://books.toscrape.com/catalogue/girl-with-a-pearl-earring_322/index.html (attempt 1/3)
2026-10-06 21:34:26,777 | INFO | scraping_pipeline | Fetching https://books.toscrape.com/catalogue/fruits-basket-vol-4-fruits-basket-4_321/index.html (attempt 1/3)
2026-10-06 21:34:27,682 | INFO | scraping_pipeline | Scraping listing page: https://books.toscrape.com/catalogue/page-35.html
2026-10-06 21:34:27,683 | INFO | scraping_pipeline | Fetching https://books.toscrape.com/catalogue/page-35.html (attempt 1/3)
2026-10-06 21:34:28,572 | INFO | scraping_pipeline | Fetching https://books.toscrape.com/catalogue/far-from-true-promise-falls-trilogy-2_320/index.html (attempt 1/3)
2026-10-06 21:34:29,144 | INFO | scraping_pipeline | Fetching https://books.toscrape.com/catalogue/dark-lover-black-dagger-brotherhood-1_319/index.html (attempt 1/3)
2026-10-06 21:34:30,027 | INFO | scraping_pipeline | Fetching https://books.toscrape.com/catalogue/confessions-of-a-shopaholic-shopaholic-1_318/index.html (attempt 1/3)
2026-10-06 21:34:30,578 | INFO | scraping_pipeline | Fetching https://books.toscrape.com/catalogue/changing-the-game-play-by-play-2_317/index.html (attempt 1/3)
2026-10-06 21:34:31,459 | INFO | scraping_pipeline | Fetching https://books.toscrape.com/catalogue/candide_316/index.html (attempt 1/3)
2026-10-06 21:34:32,384 | INFO | scraping_pipeline | Fetching https://books.toscrape.com/catalogue/can-you-keep-a-secret_315/index.html (attempt 1/3)
2026-10-06 21:34:33,272 | INFO | scraping_pipeline | Fetching https://books.toscrape.com/catalogue/atlas-shrugged_314/index.html (attempt 1/3)
2026-10-06 21:34:34,171 | INFO | scraping_pipeline | Fetching https://books.toscrape.com/catalogue/animal-farm_313/index.html (attempt 1/3)
2026-10-06 21:34:34,729 | INFO | scraping_pipeline | Fetching https://books.toscrape.com/catalogue/a-walk-to-remember_312/index.html (attempt 1/3)
2026-10-06 21:34:35,639 | INFO | scraping_pipeline | Fetching https://books.toscrape.com/catalogue/a-new-earth-awakening-to-your-lifes-purpose_311/index.html (attempt 1/3)
2026-10-06 21:34:36,526 | INFO | scraping_pipeline | Fetching https://books.toscrape.com/catalogue/a-history-of-god-the-4000-year-quest-of-judaism-christianity-and-islam_310/index.html (attempt 1/3)
2026-10-06 21:34:37,407 | INFO | scraping_pipeline | Fetching https://books.toscrape.com/catalogue/salems-lot_309/index.html (attempt 1/3)
2026-10-06 21:34:37,945 | INFO | scraping_pipeline | Fetching https://books.toscrape.com/catalogue/zero-history-blue-ant-3_308/index.html (attempt 1/3)
2026-10-06 21:34:38,809 | INFO | scraping_pipeline | Fetching https://books.toscrape.com/catalogue/wuthering-heights_307/index.html (attempt 1/3)
2026-10-06 21:34:39,687 | INFO | scraping_pipeline | Fetching https://books.toscrape.com/catalogue/world-war-z-an-oral-history-of-the-zombie-war_306/index.html (attempt 1/3)
2026-10-06 21:34:40,575 | INFO | scraping_pipeline | Fetching https://books.toscrape.com/catalogue/wild-from-lost-to-found-on-the-pacific-crest-trail_305/index.html (attempt 1/3)
2026-10-06 21:34:41,466 | INFO | scraping_pipeline | Fetching https://books.toscrape.com/catalogue/whered-you-go-bernadette_304/index.html (attempt 1/3)
2026-10-06 21:34:42,008 | INFO | scraping_pipeline | Fetching https://books.toscrape.com/catalogue/when-you-are-engulfed-in-flames_303/index.html (attempt 1/3)
2026-10-06 21:34:42,544 | INFO | scraping_pipeline | Fetching https://books.toscrape.com/catalogue/we-the-people-the-modern-day-figures-who-have-reshaped-and-affirmed-the-founding-fathers-vision-of-america_302/index.html (attempt 1/3)
2026-10-06 21:34:43,092 | INFO | scraping_pipeline | Fetching https://books.toscrape.com/catalogue/we-are-all-completely-beside-ourselves_301/index.html (attempt 1/3)
2026-10-06 21:34:44,021 | INFO | scraping_pipeline | Scraping listing page: https://books.toscrape.com/catalogue/page-36.html
2026-10-06 21:34:44,022 | INFO | scraping_pipeline | Fetching https://books.toscrape.com/catalogue/page-36.html (attempt 1/3)
2026-10-06 21:34:44,921 | INFO | scraping_pipeline | Fetching https://books.toscrape.com/catalogue/walk-the-edge-thunder-road-2_300/index.html (attempt 1/3)
2026-10-06 21:34:45,809 | INFO | scraping_pipeline | Fetching https://books.toscrape.com/catalogue/voyager-outlander-3_299/index.html (attempt 1/3)
2026-10-06 21:34:46,346 | INFO | scraping_pipeline | Fetching https://books.toscrape.com/catalogue/very-good-lives-the-fringe-benefits-of-failure-and-the-importance-of-imagination_298/index.html (attempt 1/3)
2026-10-06 21:34:46,893 | INFO | scraping_pipeline | Fetching https://books.toscrape.com/catalogue/vegan-vegetarian-omnivore-dinner-for-everyone-at-the-table_297/index.html (attempt 1/3)
2026-10-06 21:34:47,765 | INFO | scraping_pipeline | Fetching https://books.toscrape.com/catalogue/unstuffed-decluttering-your-home-mind-and-soul_296/index.html (attempt 1/3)
2026-10-06 21:34:48,657 | INFO | scraping_pipeline | Fetching https://books.toscrape.com/catalogue/under-the-banner-of-heaven-a-story-of-violent-faith_295/index.html (attempt 1/3)
2026-10-06 21:34:49,539 | INFO | scraping_pipeline | Fetching https://books.toscrape.com/catalogue/two-boys-kissing_294/index.html (attempt 1/3)
2026-10-06 21:34:50,404 | INFO | scraping_pipeline | Fetching https://books.toscrape.com/catalogue/twilight-twilight-1_293/index.html (attempt 1/3)
2026-10-06 21:34:50,951 | INFO | scraping_pipeline | Fetching https://books.toscrape.com/catalogue/twenties-girl_292/index.html (attempt 1/3)
2026-10-06 21:34:51,823 | INFO | scraping_pipeline | Fetching https://books.toscrape.com/catalogue/trespassing-across-america-one-mans-epic-never-done-before-and-sort-of-illegal-hike-across-the-heartland_291/index.html (attempt 1/3)
2026-10-06 21:34:52,366 | INFO | scraping_pipeline | Fetching https://books.toscrape.com/catalogue/three-martini-lunch_290/index.html (attempt 1/3)
2026-10-06 21:34:52,899 | INFO | scraping_pipeline | Fetching https://books.toscrape.com/catalogue/thinking-fast-and-slow_289/index.html (attempt 1/3)
2026-10-06 21:34:53,763 | INFO | scraping_pipeline | Fetching https://books.toscrape.com/catalogue/the-wild-robot_288/index.html (attempt 1/3)
2026-10-06 21:34:54,313 | INFO | scraping_pipeline | Fetching https://books.toscrape.com/catalogue/the-wicked-the-divine-vol-3-commercial-suicide-the-wicked-the-divine_287/index.html (attempt 1/3)
2026-10-06 21:34:55,178 | INFO | scraping_pipeline | Fetching https://books.toscrape.com/catalogue/the-undomestic-goddess_286/index.html (attempt 1/3)
2026-10-06 21:34:56,065 | INFO | scraping_pipeline | Fetching https://books.toscrape.com/catalogue/the-travelers_285/index.html (attempt 1/3)
2026-10-06 21:34:56,612 | INFO | scraping_pipeline | Fetching https://books.toscrape.com/catalogue/the-tipping-point-how-little-things-can-make-a-big-difference_284/index.html (attempt 1/3)
2026-10-06 21:34:57,505 | INFO | scraping_pipeline | Fetching https://books.toscrape.com/catalogue/the-thing-about-jellyfish_283/index.html (attempt 1/3)
2026-10-06 21:34:58,389 | INFO | scraping_pipeline | Fetching https://books.toscrape.com/catalogue/the-stand_282/index.html (attempt 1/3)
2026-10-06 21:34:59,257 | INFO | scraping_pipeline | Fetching https://books.toscrape.com/catalogue/the-smitten-kitchen-cookbook_281/index.html (attempt 1/3)
2026-10-06 21:35:00,174 | INFO | scraping_pipeline | Scraping listing page: https://books.toscrape.com/catalogue/page-37.html
2026-10-06 21:35:00,174 | INFO | scraping_pipeline | Fetching https://books.toscrape.com/catalogue/page-37.html (attempt 1/3)
2026-10-06 21:35:01,070 | INFO | scraping_pipeline | Fetching https://books.toscrape.com/catalogue/the-silkworm-cormoran-strike-2_280/index.html (attempt 1/3)
2026-10-06 21:35:01,616 | INFO | scraping_pipeline | Fetching https://books.toscrape.com/catalogue/the-sandman-vol-3-dream-country-the-sandman-volumes-3_279/index.html (attempt 1/3)
2026-10-06 21:35:02,173 | INFO | scraping_pipeline | Fetching https://books.toscrape.com/catalogue/the-rose-the-dagger-the-wrath-and-the-dawn-2_278/index.html (attempt 1/3)
2026-10-06 21:35:03,064 | INFO | scraping_pipeline | Fetching https://books.toscrape.com/catalogue/the-road-to-little-dribbling-adventures-of-an-american-in-britain-notes-from-a-small-island-2_277/index.html (attempt 1/3)
2026-10-06 21:35:03,930 | INFO | scraping_pipeline | Fetching https://books.toscrape.com/catalogue/the-rise-of-theodore-roosevelt-theodore-roosevelt-1_276/index.html (attempt 1/3)
2026-10-06 21:35:04,474 | INFO | scraping_pipeline | Fetching https://books.toscrape.com/catalogue/the-restaurant-at-the-end-of-the-universe-hitchhikers-guide-to-the-galaxy-2_275/index.html (attempt 1/3)
2026-10-06 21:35:05,363 | INFO | scraping_pipeline | Fetching https://books.toscrape.com/catalogue/the-rest-is-noise-listening-to-the-twentieth-century_274/index.html (attempt 1/3)
2026-10-06 21:35:06,243 | INFO | scraping_pipeline | Fetching https://books.toscrape.com/catalogue/the-red-tent_273/index.html (attempt 1/3)
2026-10-06 21:35:06,794 | INFO | scraping_pipeline | Fetching https://books.toscrape.com/catalogue/the-purpose-driven-life-what-on-earth-am-i-here-for_272/index.html (attempt 1/3)
2026-10-06 21:35:07,687 | INFO | scraping_pipeline | Fetching https://books.toscrape.com/catalogue/the-purest-hook-second-circle-tattoos-3_271/index.html (attempt 1/3)
2026-10-06 21:35:08,224 | INFO | scraping_pipeline | Fetching https://books.toscrape.com/catalogue/the-picture-of-dorian-gray_270/index.html (attempt 1/3)
2026-10-06 21:35:08,776 | INFO | scraping_pipeline | Fetching https://books.toscrape.com/catalogue/the-paris-wife_269/index.html (attempt 1/3)
2026-10-06 21:35:09,664 | INFO | scraping_pipeline | Fetching https://books.toscrape.com/catalogue/the-obsession_268/index.html (attempt 1/3)
2026-10-06 21:35:10,542 | INFO | scraping_pipeline | Fetching https://books.toscrape.com/catalogue/the-nightingale_267/index.html (attempt 1/3)
2026-10-06 21:35:11,093 | INFO | scraping_pipeline | Fetching https://books.toscrape.com/catalogue/the-new-guy-and-other-senior-year-distractions_266/index.html (attempt 1/3)
2026-10-06 21:35:11,980 | INFO | scraping_pipeline | Fetching https://books.toscrape.com/catalogue/the-nanny-diaries-nanny-1_265/index.html (attempt 1/3)
2026-10-06 21:35:12,851 | INFO | scraping_pipeline | Fetching https://books.toscrape.com/catalogue/the-name-of-god-is-mercy_264/index.html (attempt 1/3)
2026-10-06 21:35:13,388 | INFO | scraping_pipeline | Fetching https://books.toscrape.com/catalogue/the-maze-runner-the-maze-runner-1_263/index.html (attempt 1/3)
2026-10-06 21:35:14,262 | INFO | scraping_pipeline | Fetching https://books.toscrape.com/catalogue/the-lovers-dictionary_262/index.html (attempt 1/3)
2026-10-06 21:35:15,147 | INFO | scraping_pipeline | Fetching https://books.toscrape.com/catalogue/the-lonely-ones_261/index.html (attempt 1/3)
2026-10-06 21:35:15,707 | INFO | scraping_pipeline | Scraping listing page: https://books.toscrape.com/catalogue/page-38.html
2026-10-06 21:35:15,708 | INFO | scraping_pipeline | Fetching https://books.toscrape.com/catalogue/page-38.html (attempt 1/3)
2026-10-06 21:35:16,603 | INFO | scraping_pipeline | Fetching https://books.toscrape.com/catalogue/the-lean-startup-how-todays-entrepreneurs-use-continuous-innovation-to-create-radically-successful-businesses_260/index.html (attempt 1/3)
2026-10-06 21:35:17,149 | INFO | scraping_pipeline | Fetching https://books.toscrape.com/catalogue/the-last-painting-of-sara-de-vos_259/index.html (attempt 1/3)
2026-10-06 21:35:18,023 | INFO | scraping_pipeline | Fetching https://books.toscrape.com/catalogue/the-land-of-10000-madonnas_258/index.html (attempt 1/3)
2026-10-06 21:35:18,889 | INFO | scraping_pipeline | Fetching https://books.toscrape.com/catalogue/the-infinities_257/index.html (attempt 1/3)
2026-10-06 21:35:19,429 | INFO | scraping_pipeline | Fetching https://books.toscrape.com/catalogue/the-husbands-secret_256/index.html (attempt 1/3)
2026-10-06 21:35:20,306 | INFO | scraping_pipeline | Fetching https://books.toscrape.com/catalogue/the-hitchhikers-guide-to-the-galaxy-hitchhikers-guide-to-the-galaxy-1_255/index.html (attempt 1/3)
2026-10-06 21:35:20,843 | INFO | scraping_pipeline | Fetching https://books.toscrape.com/catalogue/the-guns-of-august_254/index.html (attempt 1/3)
2026-10-06 21:35:21,391 | INFO | scraping_pipeline | Fetching https://books.toscrape.com/catalogue/the-guernsey-literary-and-potato-peel-pie-society_253/index.html (attempt 1/3)
2026-10-06 21:35:22,264 | INFO | scraping_pipeline | Fetching https://books.toscrape.com/catalogue/the-goldfinch_252/index.html (attempt 1/3)
2026-10-06 21:35:23,143 | INFO | scraping_pipeline | Fetching https://books.toscrape.com/catalogue/the-giver-the-giver-quartet-1_251/index.html (attempt 1/3)
2026-10-06 21:35:23,694 | INFO | scraping_pipeline | Fetching https://books.toscrape.com/catalogue/the-girl-with-all-the-gifts_250/index.html (attempt 1/3)
2026-10-06 21:35:24,255 | INFO | scraping_pipeline | Fetching https://books.toscrape.com/catalogue/the-girl-who-played-with-fire-millennium-trilogy-2_249/index.html (attempt 1/3)
2026-10-06 21:35:25,144 | INFO | scraping_pipeline | Fetching https://books.toscrape.com/catalogue/the-girl-who-kicked-the-hornets-nest-millennium-trilogy-3_248/index.html (attempt 1/3)
2026-10-06 21:35:25,690 | INFO | scraping_pipeline | Fetching https://books.toscrape.com/catalogue/the-exiled_247/index.html (attempt 1/3)
2026-10-06 21:35:26,227 | INFO | scraping_pipeline | Fetching https://books.toscrape.com/catalogue/the-end-of-faith-religion-terror-and-the-future-of-reason_246/index.html (attempt 1/3)
2026-10-06 21:35:27,108 | INFO | scraping_pipeline | Fetching https://books.toscrape.com/catalogue/the-elegant-universe-superstrings-hidden-dimensions-and-the-quest-for-the-ultimate-theory_245/index.html (attempt 1/3)
2026-10-06 21:35:27,653 | INFO | scraping_pipeline | Fetching https://books.toscrape.com/catalogue/the-disappearing-spoon-and-other-true-tales-of-madness-love-and-the-history-of-the-world-from-the-periodic-table-of-the-elements_244/index.html (attempt 1/3)
2026-10-06 21:35:28,544 | INFO | scraping_pipeline | Fetching https://books.toscrape.com/catalogue/the-devil-wears-prada-the-devil-wears-prada-1_243/index.html (attempt 1/3)
2026-10-06 21:35:29,401 | INFO | scraping_pipeline | Fetching https://books.toscrape.com/catalogue/the-demon-haunted-world-science-as-a-candle-in-the-dark_242/index.html (attempt 1/3)
2026-10-06 21:35:30,264 | INFO | scraping_pipeline | Fetching https://books.toscrape.com/catalogue/the-day-the-crayons-came-home-crayons_241/index.html (attempt 1/3)
2026-10-06 21:35:31,176 | INFO | scraping_pipeline | Scraping listing page: https://books.toscrape.com/catalogue/page-39.html
2026-10-06 21:35:31,177 | INFO | scraping_pipeline | Fetching https://books.toscrape.com/catalogue/page-39.html (attempt 1/3)
2026-10-06 21:35:32,079 | INFO | scraping_pipeline | Fetching https://books.toscrape.com/catalogue/the-da-vinci-code-robert-langdon-2_240/index.html (attempt 1/3)
2026-10-06 21:35:32,944 | INFO | scraping_pipeline | Fetching https://books.toscrape.com/catalogue/the-cuckoos-calling-cormoran-strike-1_239/index.html (attempt 1/3)
2026-10-06 21:35:33,806 | INFO | scraping_pipeline | Fetching https://books.toscrape.com/catalogue/the-complete-stories-and-poems-the-works-of-edgar-allan-poe-cameo-edition_238/index.html (attempt 1/3)
2026-10-06 21:35:34,352 | INFO | scraping_pipeline | Fetching https://books.toscrape.com/catalogue/the-complete-poems_237/index.html (attempt 1/3)
2026-10-06 21:35:35,244 | INFO | scraping_pipeline | Fetching https://books.toscrape.com/catalogue/the-catcher-in-the-rye_236/index.html (attempt 1/3)
2026-10-06 21:35:36,102 | INFO | scraping_pipeline | Fetching https://books.toscrape.com/catalogue/the-cat-in-the-hat-beginner-books-b-1_235/index.html (attempt 1/3)
2026-10-06 21:35:36,969 | INFO | scraping_pipeline | Fetching https://books.toscrape.com/catalogue/the-case-for-christ-cases-for-christianity_234/index.html (attempt 1/3)
2026-10-06 21:35:37,518 | INFO | scraping_pipeline | Fetching https://books.toscrape.com/catalogue/the-book-thief_233/index.html (attempt 1/3)
2026-10-06 21:35:38,413 | INFO | scraping_pipeline | Fetching https://books.toscrape.com/catalogue/the-book-of-basketball-the-nba-according-to-the-sports-guy_232/index.html (attempt 1/3)
2026-10-06 21:35:39,318 | INFO | scraping_pipeline | Fetching https://books.toscrape.com/catalogue/the-blind-side-evolution-of-a-game_231/index.html (attempt 1/3)
2026-10-06 21:35:40,204 | INFO | scraping_pipeline | Fetching https://books.toscrape.com/catalogue/the-autobiography-of-malcolm-x_230/index.html (attempt 1/3)
2026-10-06 21:35:40,761 | INFO | scraping_pipeline | Fetching https://books.toscrape.com/catalogue/the-art-of-simple-food-notes-lessons-and-recipes-from-a-delicious-revolution_229/index.html (attempt 1/3)
2026-10-06 21:35:41,643 | INFO | scraping_pipeline | Fetching https://books.toscrape.com/catalogue/the-art-of-fielding_228/index.html (attempt 1/3)
2026-10-06 21:35:42,189 | INFO | scraping_pipeline | Fetching https://books.toscrape.com/catalogue/surely-youre-joking-mr-feynman-adventures-of-a-curious-character_227/index.html (attempt 1/3)
2026-10-06 21:35:42,736 | INFO | scraping_pipeline | Fetching https://books.toscrape.com/catalogue/stiff-the-curious-lives-of-human-cadavers_226/index.html (attempt 1/3)
2026-10-06 21:35:43,626 | INFO | scraping_pipeline | Fetching https://books.toscrape.com/catalogue/spilled-milk-based-on-a-true-story_225/index.html (attempt 1/3)
2026-10-06 21:35:44,170 | INFO | scraping_pipeline | Fetching https://books.toscrape.com/catalogue/something-borrowed-darcy-rachel-1_224/index.html (attempt 1/3)
2026-10-06 21:35:44,710 | INFO | scraping_pipeline | Fetching https://books.toscrape.com/catalogue/something-blue-darcy-rachel-2_223/index.html (attempt 1/3)
2026-10-06 21:35:45,588 | INFO | scraping_pipeline | Fetching https://books.toscrape.com/catalogue/soldier-talon-3_222/index.html (attempt 1/3)
2026-10-06 21:35:46,131 | INFO | scraping_pipeline | Fetching https://books.toscrape.com/catalogue/shopaholic-baby-shopaholic-5_221/index.html (attempt 1/3)
2026-10-06 21:35:47,000 | INFO | scraping_pipeline | Scraping listing page: https://books.toscrape.com/catalogue/page-40.html
2026-10-06 21:35:47,000 | INFO | scraping_pipeline | Fetching https://books.toscrape.com/catalogue/page-40.html (attempt 1/3)
2026-10-06 21:35:47,898 | INFO | scraping_pipeline | Fetching https://books.toscrape.com/catalogue/seven-days-in-the-art-world_220/index.html (attempt 1/3)
2026-10-06 21:35:48,443 | INFO | scraping_pipeline | Fetching https://books.toscrape.com/catalogue/seven-brief-lessons-on-physics_219/index.html (attempt 1/3)
2026-10-06 21:35:48,986 | INFO | scraping_pipeline | Fetching https://books.toscrape.com/catalogue/scarlet-the-lunar-chronicles-2_218/index.html (attempt 1/3)
2026-10-06 21:35:49,531 | INFO | scraping_pipeline | Fetching https://books.toscrape.com/catalogue/sarahs-key_217/index.html (attempt 1/3)
2026-10-06 21:35:50,403 | INFO | scraping_pipeline | Fetching https://books.toscrape.com/catalogue/saga-volume-3-saga-collected-editions-3_216/index.html (attempt 1/3)
2026-10-06 21:35:50,945 | INFO | scraping_pipeline | Fetching https://books.toscrape.com/catalogue/running-with-scissors_215/index.html (attempt 1/3)
2026-10-06 21:35:51,486 | INFO | scraping_pipeline | Fetching https://books.toscrape.com/catalogue/rogue-lawyer-rogue-lawyer-1_214/index.html (attempt 1/3)
2026-10-06 21:35:52,026 | INFO | scraping_pipeline | Fetching https://books.toscrape.com/catalogue/rise-of-the-rocket-girls-the-women-who-propelled-us-from-missiles-to-the-moon-to-mars_213/index.html (attempt 1/3)
2026-10-06 21:35:52,590 | INFO | scraping_pipeline | Fetching https://books.toscrape.com/catalogue/rework_212/index.html (attempt 1/3)
2026-10-06 21:35:53,468 | INFO | scraping_pipeline | Fetching https://books.toscrape.com/catalogue/reservations-for-two_211/index.html (attempt 1/3)
2026-10-06 21:35:54,009 | INFO | scraping_pipeline | Fetching https://books.toscrape.com/catalogue/red-the-true-story-of-red-riding-hood_210/index.html (attempt 1/3)
2026-10-06 21:35:54,888 | INFO | scraping_pipeline | Fetching https://books.toscrape.com/catalogue/ready-player-one_209/index.html (attempt 1/3)
2026-10-06 21:35:55,433 | INFO | scraping_pipeline | Fetching https://books.toscrape.com/catalogue/quiet-the-power-of-introverts-in-a-world-that-cant-stop-talking_208/index.html (attempt 1/3)
2026-10-06 21:35:56,327 | INFO | scraping_pipeline | Fetching https://books.toscrape.com/catalogue/prodigy-the-graphic-novel-legend-the-graphic-novel-2_207/index.html (attempt 1/3)
2026-10-06 21:35:57,203 | INFO | scraping_pipeline | Fetching https://books.toscrape.com/catalogue/persepolis-the-story-of-a-childhood-persepolis-1-2_206/index.html (attempt 1/3)
2026-10-06 21:35:57,749 | INFO | scraping_pipeline | Fetching https://books.toscrape.com/catalogue/packing-for-mars-the-curious-science-of-life-in-the-void_205/index.html (attempt 1/3)
2026-10-06 21:35:58,612 | INFO | scraping_pipeline | Fetching https://books.toscrape.com/catalogue/outliers-the-story-of-success_204/index.html (attempt 1/3)
2026-10-06 21:35:59,467 | INFO | scraping_pipeline | Fetching https://books.toscrape.com/catalogue/original-fake_203/index.html (attempt 1/3)
2026-10-06 21:36:00,001 | INFO | scraping_pipeline | Fetching https://books.toscrape.com/catalogue/orange-is-the-new-black_202/index.html (attempt 1/3)
2026-10-06 21:36:00,882 | INFO | scraping_pipeline | Fetching https://books.toscrape.com/catalogue/one-for-the-money-stephanie-plum-1_201/index.html (attempt 1/3)
2026-10-06 21:36:01,443 | INFO | scraping_pipeline | Scraping listing page: https://books.toscrape.com/catalogue/page-41.html
2026-10-06 21:36:01,444 | INFO | scraping_pipeline | Fetching https://books.toscrape.com/catalogue/page-41.html (attempt 1/3)
2026-10-06 21:36:02,321 | INFO | scraping_pipeline | Fetching https://books.toscrape.com/catalogue/notes-from-a-small-island-notes-from-a-small-island-1_200/index.html (attempt 1/3)
2026-10-06 21:36:02,870 | INFO | scraping_pipeline | Fetching https://books.toscrape.com/catalogue/night-the-night-trilogy-1_199/index.html (attempt 1/3)
2026-10-06 21:36:03,733 | INFO | scraping_pipeline | Fetching https://books.toscrape.com/catalogue/neither-here-nor-there-travels-in-europe_198/index.html (attempt 1/3)
2026-10-06 21:36:04,594 | INFO | scraping_pipeline | Fetching https://books.toscrape.com/catalogue/naked_197/index.html (attempt 1/3)
2026-10-06 21:36:05,481 | INFO | scraping_pipeline | Fetching https://books.toscrape.com/catalogue/morning-star-red-rising-3_196/index.html (attempt 1/3)
2026-10-06 21:36:06,370 | INFO | scraping_pipeline | Fetching https://books.toscrape.com/catalogue/miracles-from-heaven-a-little-girl-her-journey-to-heaven-and-her-amazing-story-of-healing_195/index.html (attempt 1/3)
2026-10-06 21:36:07,241 | INFO | scraping_pipeline | Fetching https://books.toscrape.com/catalogue/midnight-riot-peter-grant-rivers-of-london-books-1_194/index.html (attempt 1/3)
2026-10-06 21:36:07,787 | INFO | scraping_pipeline | Fetching https://books.toscrape.com/catalogue/me-talk-pretty-one-day_193/index.html (attempt 1/3)
2026-10-06 21:36:08,336 | INFO | scraping_pipeline | Fetching https://books.toscrape.com/catalogue/manuscript-found-in-accra_192/index.html (attempt 1/3)
2026-10-06 21:36:09,224 | INFO | scraping_pipeline | Fetching https://books.toscrape.com/catalogue/lust-wonder_191/index.html (attempt 1/3)
2026-10-06 21:36:09,776 | INFO | scraping_pipeline | Fetching https://books.toscrape.com/catalogue/lila-gilead-3_190/index.html (attempt 1/3)
2026-10-06 21:36:10,668 | INFO | scraping_pipeline | Fetching https://books.toscrape.com/catalogue/life-the-universe-and-everything-hitchhikers-guide-to-the-galaxy-3_189/index.html (attempt 1/3)
2026-10-06 21:36:11,548 | INFO | scraping_pipeline | Fetching https://books.toscrape.com/catalogue/life-without-a-recipe_188/index.html (attempt 1/3)
2026-10-06 21:36:12,085 | INFO | scraping_pipeline | Fetching https://books.toscrape.com/catalogue/life-after-life_187/index.html (attempt 1/3)
2026-10-06 21:36:12,724 | INFO | scraping_pipeline | Fetching https://books.toscrape.com/catalogue/letter-to-a-christian-nation_186/index.html (attempt 1/3)
2026-10-06 21:36:13,786 | INFO | scraping_pipeline | Fetching https://books.toscrape.com/catalogue/lets-pretend-this-never-happened-a-mostly-true-memoir_185/index.html (attempt 1/3)
2026-10-06 21:36:14,810 | INFO | scraping_pipeline | Fetching https://books.toscrape.com/catalogue/legend-legend-1_184/index.html (attempt 1/3)
2026-10-06 21:36:15,771 | INFO | scraping_pipeline | Fetching https://books.toscrape.com/catalogue/lean-in-women-work-and-the-will-to-lead_183/index.html (attempt 1/3)
2026-10-06 21:36:16,346 | INFO | scraping_pipeline | Fetching https://books.toscrape.com/catalogue/lamb-the-gospel-according-to-biff-christs-childhood-pal_182/index.html (attempt 1/3)
2026-10-06 21:36:16,961 | INFO | scraping_pipeline | Fetching https://books.toscrape.com/catalogue/lady-renegades-rebel-belle-3_181/index.html (attempt 1/3)
2026-10-06 21:36:18,038 | INFO | scraping_pipeline | Scraping listing page: https://books.toscrape.com/catalogue/page-42.html
2026-10-06 21:36:18,039 | INFO | scraping_pipeline | Fetching https://books.toscrape.com/catalogue/page-42.html (attempt 1/3)
2026-10-06 21:36:19,024 | INFO | scraping_pipeline | Fetching https://books.toscrape.com/catalogue/jurassic-park-jurassic-park-1_180/index.html (attempt 1/3)
2026-10-06 21:36:19,622 | INFO | scraping_pipeline | Fetching https://books.toscrape.com/catalogue/its-never-too-late-to-begin-again-discovering-creativity-and-meaning-at-midlife-and-beyond_179/index.html (attempt 1/3)
2026-10-06 21:36:20,647 | INFO | scraping_pipeline | Fetching https://books.toscrape.com/catalogue/is-everyone-hanging-out-without-me-and-other-concerns_178/index.html (attempt 1/3)
2026-10-06 21:36:21,565 | INFO | scraping_pipeline | Fetching https://books.toscrape.com/catalogue/into-the-wild_177/index.html (attempt 1/3)
2026-10-06 21:36:22,585 | INFO | scraping_pipeline | Fetching https://books.toscrape.com/catalogue/inferno-robert-langdon-4_176/index.html (attempt 1/3)
2026-10-06 21:36:23,617 | INFO | scraping_pipeline | Fetching https://books.toscrape.com/catalogue/in-the-garden-of-beasts-love-terror-and-an-american-family-in-hitlers-berlin_175/index.html (attempt 1/3)
2026-10-06 21:36:24,576 | INFO | scraping_pipeline | Fetching https://books.toscrape.com/catalogue/if-i-run-if-i-run-1_174/index.html (attempt 1/3)
2026-10-06 21:36:25,155 | INFO | scraping_pipeline | Fetching https://books.toscrape.com/catalogue/ive-got-your-number_173/index.html (attempt 1/3)
2026-10-06 21:36:26,179 | INFO | scraping_pipeline | Fetching https://books.toscrape.com/catalogue/i-am-malala-the-girl-who-stood-up-for-education-and-was-shot-by-the-taliban_172/index.html (attempt 1/3)
2026-10-06 21:36:27,199 | INFO | scraping_pipeline | Fetching https://books.toscrape.com/catalogue/hungry-girl-clean-hungry-easy-all-natural-recipes-for-healthy-eating-in-the-real-world_171/index.html (attempt 1/3)
2026-10-06 21:36:28,141 | INFO | scraping_pipeline | Fetching https://books.toscrape.com/catalogue/house-of-lost-worlds-dinosaurs-dynasties-and-the-story-of-life-on-earth_170/index.html (attempt 1/3)
2026-10-06 21:36:28,704 | INFO | scraping_pipeline | Fetching https://books.toscrape.com/catalogue/house-of-leaves_169/index.html (attempt 1/3)
2026-10-06 21:36:29,589 | INFO | scraping_pipeline | Fetching https://books.toscrape.com/catalogue/horrible-bear_168/index.html (attempt 1/3)
2026-10-06 21:36:30,505 | INFO | scraping_pipeline | Fetching https://books.toscrape.com/catalogue/holidays-on-ice_167/index.html (attempt 1/3)
2026-10-06 21:36:31,082 | INFO | scraping_pipeline | Fetching https://books.toscrape.com/catalogue/heir-to-the-sky_166/index.html (attempt 1/3)
2026-10-06 21:36:32,114 | INFO | scraping_pipeline | Fetching https://books.toscrape.com/catalogue/green-eggs-and-ham-beginner-books-b-16_165/index.html (attempt 1/3)
2026-10-06 21:36:33,056 | INFO | scraping_pipeline | Fetching https://books.toscrape.com/catalogue/grayson-vol-3-nemesis-grayson-3_164/index.html (attempt 1/3)
2026-10-06 21:36:33,622 | INFO | scraping_pipeline | Fetching https://books.toscrape.com/catalogue/gratitude_163/index.html (attempt 1/3)
2026-10-06 21:36:34,683 | INFO | scraping_pipeline | Fetching https://books.toscrape.com/catalogue/gone-girl_162/index.html (attempt 1/3)
2026-10-06 21:36:35,578 | INFO | scraping_pipeline | Fetching https://books.toscrape.com/catalogue/golden-heart-of-dread-3_161/index.html (attempt 1/3)
2026-10-06 21:36:36,562 | INFO | scraping_pipeline | Scraping listing page: https://books.toscrape.com/catalogue/page-43.html
2026-10-06 21:36:36,562 | INFO | scraping_pipeline | Fetching https://books.toscrape.com/catalogue/page-43.html (attempt 1/3)
2026-10-06 21:36:37,568 | INFO | scraping_pipeline | Fetching https://books.toscrape.com/catalogue/girl-in-the-blue-coat_160/index.html (attempt 1/3)
2026-10-06 21:36:38,120 | INFO | scraping_pipeline | Fetching https://books.toscrape.com/catalogue/fruits-basket-vol-3-fruits-basket-3_159/index.html (attempt 1/3)
2026-10-06 21:36:39,078 | INFO | scraping_pipeline | Fetching https://books.toscrape.com/catalogue/friday-night-lights-a-town-a-team-and-a-dream_158/index.html (attempt 1/3)
2026-10-06 21:36:40,013 | INFO | scraping_pipeline | Fetching https://books.toscrape.com/catalogue/fire-bound-sea-havensisters-of-the-heart-5_157/index.html (attempt 1/3)
2026-10-06 21:36:40,920 | INFO | scraping_pipeline | Fetching https://books.toscrape.com/catalogue/fifty-shades-freed-fifty-shades-3_156/index.html (attempt 1/3)
2026-10-06 21:36:41,946 | INFO | scraping_pipeline | Fetching https://books.toscrape.com/catalogue/fellside_155/index.html (attempt 1/3)
2026-10-06 21:36:42,982 | INFO | scraping_pipeline | Fetching https://books.toscrape.com/catalogue/extreme-prey-lucas-davenport-26_154/index.html (attempt 1/3)
2026-10-06 21:36:43,900 | INFO | scraping_pipeline | Fetching https://books.toscrape.com/catalogue/eragon-the-inheritance-cycle-1_153/index.html (attempt 1/3)
2026-10-06 21:36:44,936 | INFO | scraping_pipeline | Fetching https://books.toscrape.com/catalogue/eclipse-twilight-3_152/index.html (attempt 1/3)
2026-10-06 21:36:45,887 | INFO | scraping_pipeline | Fetching https://books.toscrape.com/catalogue/dune-dune-1_151/index.html (attempt 1/3)
2026-10-06 21:36:46,800 | INFO | scraping_pipeline | Fetching https://books.toscrape.com/catalogue/dracula_150/index.html (attempt 1/3)
2026-10-06 21:36:47,363 | INFO | scraping_pipeline | Fetching https://books.toscrape.com/catalogue/do-androids-dream-of-electric-sheep-blade-runner-1_149/index.html (attempt 1/3)
2026-10-06 21:36:48,232 | INFO | scraping_pipeline | Fetching https://books.toscrape.com/catalogue/disrupted-my-misadventure-in-the-start-up-bubble_148/index.html (attempt 1/3)
2026-10-06 21:36:49,121 | INFO | scraping_pipeline | Fetching https://books.toscrape.com/catalogue/dead-wake-the-last-crossing-of-the-lusitania_147/index.html (attempt 1/3)
2026-10-06 21:36:50,019 | INFO | scraping_pipeline | Fetching https://books.toscrape.com/catalogue/david-and-goliath-underdogs-misfits-and-the-art-of-battling-giants_146/index.html (attempt 1/3)
2026-10-06 21:36:50,901 | INFO | scraping_pipeline | Fetching https://books.toscrape.com/catalogue/darkfever-fever-1_145/index.html (attempt 1/3)
2026-10-06 21:36:51,451 | INFO | scraping_pipeline | Fetching https://books.toscrape.com/catalogue/dark-places_144/index.html (attempt 1/3)
2026-10-06 21:36:51,991 | INFO | scraping_pipeline | Fetching https://books.toscrape.com/catalogue/crazy-rich-asians-crazy-rich-asians-1_143/index.html (attempt 1/3)
2026-10-06 21:36:52,887 | INFO | scraping_pipeline | Fetching https://books.toscrape.com/catalogue/counting-thyme_142/index.html (attempt 1/3)
2026-10-06 21:36:53,924 | INFO | scraping_pipeline | Fetching https://books.toscrape.com/catalogue/cosmos_141/index.html (attempt 1/3)
2026-10-06 21:36:54,933 | INFO | scraping_pipeline | Scraping listing page: https://books.toscrape.com/catalogue/page-44.html
2026-10-06 21:36:54,933 | INFO | scraping_pipeline | Fetching https://books.toscrape.com/catalogue/page-44.html (attempt 1/3)
2026-10-06 21:36:55,901 | INFO | scraping_pipeline | Fetching https://books.toscrape.com/catalogue/civilization-and-its-discontents_140/index.html (attempt 1/3)
2026-10-06 21:36:56,489 | INFO | scraping_pipeline | Fetching https://books.toscrape.com/catalogue/cinder-the-lunar-chronicles-1_139/index.html (attempt 1/3)
2026-10-06 21:36:57,058 | INFO | scraping_pipeline | Fetching https://books.toscrape.com/catalogue/catastrophic-happiness-finding-joy-in-childhoods-messy-years_138/index.html (attempt 1/3)
2026-10-06 21:36:57,947 | INFO | scraping_pipeline | Fetching https://books.toscrape.com/catalogue/career-of-evil-cormoran-strike-3_137/index.html (attempt 1/3)
2026-10-06 21:36:58,541 | INFO | scraping_pipeline | Fetching https://books.toscrape.com/catalogue/breaking-dawn-twilight-4_136/index.html (attempt 1/3)
2026-10-06 21:36:59,457 | INFO | scraping_pipeline | Fetching https://books.toscrape.com/catalogue/brave-enough_135/index.html (attempt 1/3)
2026-10-06 21:37:00,377 | INFO | scraping_pipeline | Fetching https://books.toscrape.com/catalogue/boy-meets-boy_134/index.html (attempt 1/3)
2026-10-06 21:37:00,991 | INFO | scraping_pipeline | Fetching https://books.toscrape.com/catalogue/born-to-run-a-hidden-tribe-superathletes-and-the-greatest-race-the-world-has-never-seen_133/index.html (attempt 1/3)
2026-10-06 21:37:01,926 | INFO | scraping_pipeline | Fetching https://books.toscrape.com/catalogue/blink-the-power-of-thinking-without-thinking_132/index.html (attempt 1/3)
2026-10-06 21:37:02,474 | INFO | scraping_pipeline | Fetching https://books.toscrape.com/catalogue/black-flags-the-rise-of-isis_131/index.html (attempt 1/3)
2026-10-06 21:37:03,040 | INFO | scraping_pipeline | Fetching https://books.toscrape.com/catalogue/black-butler-vol-1-black-butler-1_130/index.html (attempt 1/3)
2026-10-06 21:37:03,655 | INFO | scraping_pipeline | Fetching https://books.toscrape.com/catalogue/big-little-lies_129/index.html (attempt 1/3)
2026-10-06 21:37:04,679 | INFO | scraping_pipeline | Fetching https://books.toscrape.com/catalogue/between-shades-of-gray_128/index.html (attempt 1/3)
2026-10-06 21:37:05,700 | INFO | scraping_pipeline | Fetching https://books.toscrape.com/catalogue/best-of-my-love-fools-gold-20_127/index.html (attempt 1/3)
2026-10-06 21:37:06,576 | INFO | scraping_pipeline | Fetching https://books.toscrape.com/catalogue/beowulf_126/index.html (attempt 1/3)
2026-10-06 21:37:07,652 | INFO | scraping_pipeline | Fetching https://books.toscrape.com/catalogue/beautiful-creatures-caster-chronicles-1_125/index.html (attempt 1/3)
2026-10-06 21:37:08,591 | INFO | scraping_pipeline | Fetching https://books.toscrape.com/catalogue/awkward_124/index.html (attempt 1/3)
2026-10-06 21:37:09,145 | INFO | scraping_pipeline | Fetching https://books.toscrape.com/catalogue/ash_123/index.html (attempt 1/3)
2026-10-06 21:37:10,311 | INFO | scraping_pipeline | Fetching https://books.toscrape.com/catalogue/are-we-there-yet_122/index.html (attempt 1/3)
2026-10-06 21:37:10,959 | INFO | scraping_pipeline | Fetching https://books.toscrape.com/catalogue/are-we-smart-enough-to-know-how-smart-animals-are_121/index.html (attempt 1/3)
2026-10-06 21:37:11,554 | INFO | scraping_pipeline | Scraping listing page: https://books.toscrape.com/catalogue/page-45.html
2026-10-06 21:37:11,554 | INFO | scraping_pipeline | Fetching https://books.toscrape.com/catalogue/page-45.html (attempt 1/3)
2026-10-06 21:37:12,486 | INFO | scraping_pipeline | Fetching https://books.toscrape.com/catalogue/annie-on-my-mind_120/index.html (attempt 1/3)
2026-10-06 21:37:13,075 | INFO | scraping_pipeline | Fetching https://books.toscrape.com/catalogue/and-then-there-were-none_119/index.html (attempt 1/3)
2026-10-06 21:37:13,690 | INFO | scraping_pipeline | Fetching https://books.toscrape.com/catalogue/a-walk-in-the-woods-rediscovering-america-on-the-appalachian-trail_118/index.html (attempt 1/3)
2026-10-06 21:37:14,306 | INFO | scraping_pipeline | Fetching https://books.toscrape.com/catalogue/a-visit-from-the-goon-squad_117/index.html (attempt 1/3)
2026-10-06 21:37:14,926 | INFO | scraping_pipeline | Fetching https://books.toscrape.com/catalogue/a-storm-of-swords-a-song-of-ice-and-fire-3_116/index.html (attempt 1/3)
2026-10-06 21:37:15,470 | INFO | scraping_pipeline | Fetching https://books.toscrape.com/catalogue/a-heartbreaking-work-of-staggering-genius_115/index.html (attempt 1/3)
2026-10-06 21:37:16,356 | INFO | scraping_pipeline | Fetching https://books.toscrape.com/catalogue/8-keys-to-mental-health-through-exercise_114/index.html (attempt 1/3)
2026-10-06 21:37:16,971 | INFO | scraping_pipeline | Fetching https://books.toscrape.com/catalogue/girlboss_113/index.html (attempt 1/3)
2026-10-06 21:37:17,582 | INFO | scraping_pipeline | Fetching https://books.toscrape.com/catalogue/the-suffragettes-little-black-classics-96_112/index.html (attempt 1/3)
2026-10-06 21:37:18,131 | INFO | scraping_pipeline | Fetching https://books.toscrape.com/catalogue/the-sense-of-an-ending_111/index.html (attempt 1/3)
2026-10-06 21:37:19,048 | INFO | scraping_pipeline | Fetching https://books.toscrape.com/catalogue/the-sandman-vol-2-the-dolls-house-the-sandman-volumes-2_110/index.html (attempt 1/3)
2026-10-06 21:37:19,965 | INFO | scraping_pipeline | Fetching https://books.toscrape.com/catalogue/the-course-of-love_109/index.html (attempt 1/3)
2026-10-06 21:37:20,961 | INFO | scraping_pipeline | Fetching https://books.toscrape.com/catalogue/sugar-rush-offensive-line-2_108/index.html (attempt 1/3)
2026-10-06 21:37:21,989 | INFO | scraping_pipeline | Fetching https://books.toscrape.com/catalogue/saga-volume-2-saga-collected-editions-2_107/index.html (attempt 1/3)
2026-10-06 21:37:22,603 | INFO | scraping_pipeline | Fetching https://books.toscrape.com/catalogue/run-spot-run-the-ethics-of-keeping-pets_106/index.html (attempt 1/3)
2026-10-06 21:37:23,631 | INFO | scraping_pipeline | Fetching https://books.toscrape.com/catalogue/new-moon-twilight-2_105/index.html (attempt 1/3)
2026-10-06 21:37:24,187 | INFO | scraping_pipeline | Fetching https://books.toscrape.com/catalogue/life_104/index.html (attempt 1/3)
2026-10-06 21:37:24,750 | INFO | scraping_pipeline | Fetching https://books.toscrape.com/catalogue/kindle-paperwhite-users-guide_103/index.html (attempt 1/3)
2026-10-06 21:37:25,364 | INFO | scraping_pipeline | Fetching https://books.toscrape.com/catalogue/h-is-for-hawk_102/index.html (attempt 1/3)
2026-10-06 21:37:26,248 | INFO | scraping_pipeline | Fetching https://books.toscrape.com/catalogue/girl-online-on-tour-girl-online-2_101/index.html (attempt 1/3)
2026-10-06 21:37:26,925 | INFO | scraping_pipeline | Scraping listing page: https://books.toscrape.com/catalogue/page-46.html
2026-10-06 21:37:26,925 | INFO | scraping_pipeline | Fetching https://books.toscrape.com/catalogue/page-46.html (attempt 1/3)
2026-10-06 21:37:27,960 | INFO | scraping_pipeline | Fetching https://books.toscrape.com/catalogue/fruits-basket-vol-2-fruits-basket-2_100/index.html (attempt 1/3)
2026-10-06 21:37:28,543 | INFO | scraping_pipeline | Fetching https://books.toscrape.com/catalogue/diary-of-a-minecraft-zombie-book-1-a-scare-of-a-dare-an-unofficial-minecraft-book_99/index.html (attempt 1/3)
2026-10-06 21:37:29,148 | INFO | scraping_pipeline | Fetching https://books.toscrape.com/catalogue/y-the-last-man-vol-1-unmanned-y-the-last-man-1_98/index.html (attempt 1/3)
2026-10-06 21:37:29,695 | INFO | scraping_pipeline | Fetching https://books.toscrape.com/catalogue/while-you-were-mine_97/index.html (attempt 1/3)
2026-10-06 21:37:30,694 | INFO | scraping_pipeline | Fetching https://books.toscrape.com/catalogue/where-lightning-strikes-bleeding-stars-3_96/index.html (attempt 1/3)
2026-10-06 21:37:31,711 | INFO | scraping_pipeline | Fetching https://books.toscrape.com/catalogue/when-im-gone_95/index.html (attempt 1/3)
2026-10-06 21:37:32,736 | INFO | scraping_pipeline | Fetching https://books.toscrape.com/catalogue/ways-of-seeing_94/index.html (attempt 1/3)
2026-10-06 21:37:33,759 | INFO | scraping_pipeline | Fetching https://books.toscrape.com/catalogue/vampire-knight-vol-1-vampire-knight-1_93/index.html (attempt 1/3)
2026-10-06 21:37:34,312 | INFO | scraping_pipeline | Fetching https://books.toscrape.com/catalogue/vampire-girl-vampire-girl-1_92/index.html (attempt 1/3)
2026-10-06 21:37:34,892 | INFO | scraping_pipeline | Fetching https://books.toscrape.com/catalogue/twenty-love-poems-and-a-song-of-despair_91/index.html (attempt 1/3)
2026-10-06 21:37:35,448 | INFO | scraping_pipeline | Fetching https://books.toscrape.com/catalogue/travels-with-charley-in-search-of-america_90/index.html (attempt 1/3)
2026-10-06 21:37:36,298 | INFO | scraping_pipeline | Fetching https://books.toscrape.com/catalogue/three-wishes-river-of-time-california-1_89/index.html (attempt 1/3)
2026-10-06 21:37:36,943 | INFO | scraping_pipeline | Fetching https://books.toscrape.com/catalogue/this-one-moment-pushing-limits-1_88/index.html (attempt 1/3)
2026-10-06 21:37:37,550 | INFO | scraping_pipeline | Fetching https://books.toscrape.com/catalogue/the-zombie-room_87/index.html (attempt 1/3)
2026-10-06 21:37:38,166 | INFO | scraping_pipeline | Fetching https://books.toscrape.com/catalogue/the-wicked-the-divine-vol-1-the-faust-act-the-wicked-the-divine_86/index.html (attempt 1/3)
2026-10-06 21:37:38,780 | INFO | scraping_pipeline | Fetching https://books.toscrape.com/catalogue/the-tumor_85/index.html (attempt 1/3)
2026-10-06 21:37:39,800 | INFO | scraping_pipeline | Fetching https://books.toscrape.com/catalogue/the-story-of-hong-gildong_84/index.html (attempt 1/3)
2026-10-06 21:37:40,826 | INFO | scraping_pipeline | Fetching https://books.toscrape.com/catalogue/the-silent-wife_83/index.html (attempt 1/3)
2026-10-06 21:37:41,853 | INFO | scraping_pipeline | Fetching https://books.toscrape.com/catalogue/the-silent-twin-detective-jennifer-knight-3_82/index.html (attempt 1/3)
2026-10-06 21:37:42,880 | INFO | scraping_pipeline | Fetching https://books.toscrape.com/catalogue/the-selfish-gene_81/index.html (attempt 1/3)
2026-10-06 21:37:43,916 | INFO | scraping_pipeline | Scraping listing page: https://books.toscrape.com/catalogue/page-47.html
2026-10-06 21:37:43,916 | INFO | scraping_pipeline | Fetching https://books.toscrape.com/catalogue/page-47.html (attempt 1/3)
2026-10-06 21:37:44,889 | INFO | scraping_pipeline | Fetching https://books.toscrape.com/catalogue/the-secret-healer_80/index.html (attempt 1/3)
2026-10-06 21:37:45,435 | INFO | scraping_pipeline | Fetching https://books.toscrape.com/catalogue/the-sandman-vol-1-preludes-and-nocturnes-the-sandman-volumes-1_79/index.html (attempt 1/3)
2026-10-06 21:37:45,991 | INFO | scraping_pipeline | Fetching https://books.toscrape.com/catalogue/the-republic_78/index.html (attempt 1/3)
2026-10-06 21:37:46,563 | INFO | scraping_pipeline | Fetching https://books.toscrape.com/catalogue/the-odyssey_77/index.html (attempt 1/3)
2026-10-06 21:37:47,441 | INFO | scraping_pipeline | Fetching https://books.toscrape.com/catalogue/the-no-1-ladies-detective-agency-no-1-ladies-detective-agency-1_76/index.html (attempt 1/3)
2026-10-06 21:37:47,999 | INFO | scraping_pipeline | Fetching https://books.toscrape.com/catalogue/the-nicomachean-ethics_75/index.html (attempt 1/3)
2026-10-06 21:37:48,919 | INFO | scraping_pipeline | Fetching https://books.toscrape.com/catalogue/the-name-of-the-wind-the-kingkiller-chronicle-1_74/index.html (attempt 1/3)
2026-10-06 21:37:49,533 | INFO | scraping_pipeline | Fetching https://books.toscrape.com/catalogue/the-mirror-the-maze-the-wrath-and-the-dawn-15_73/index.html (attempt 1/3)
2026-10-06 21:37:50,150 | INFO | scraping_pipeline | Fetching https://books.toscrape.com/catalogue/the-little-prince_72/index.html (attempt 1/3)
2026-10-06 21:37:50,761 | INFO | scraping_pipeline | Fetching https://books.toscrape.com/catalogue/the-light-of-the-fireflies_71/index.html (attempt 1/3)
2026-10-06 21:37:51,786 | INFO | scraping_pipeline | Fetching https://books.toscrape.com/catalogue/the-last-girl-the-dominion-trilogy-1_70/index.html (attempt 1/3)
2026-10-06 21:37:52,806 | INFO | scraping_pipeline | Fetching https://books.toscrape.com/catalogue/the-iliad_69/index.html (attempt 1/3)
2026-10-06 21:37:53,422 | INFO | scraping_pipeline | Fetching https://books.toscrape.com/catalogue/the-hook-up-game-on-1_68/index.html (attempt 1/3)
2026-10-06 21:37:54,342 | INFO | scraping_pipeline | Fetching https://books.toscrape.com/catalogue/the-haters_67/index.html (attempt 1/3)
2026-10-06 21:37:55,357 | INFO | scraping_pipeline | Fetching https://books.toscrape.com/catalogue/the-girl-you-lost_66/index.html (attempt 1/3)
2026-10-06 21:37:56,290 | INFO | scraping_pipeline | Fetching https://books.toscrape.com/catalogue/the-girl-in-the-ice-dci-erika-foster-1_65/index.html (attempt 1/3)
2026-10-06 21:37:56,909 | INFO | scraping_pipeline | Fetching https://books.toscrape.com/catalogue/the-end-of-the-jesus-era-an-investigation-1_64/index.html (attempt 1/3)
2026-10-06 21:37:57,518 | INFO | scraping_pipeline | Fetching https://books.toscrape.com/catalogue/the-edge-of-reason-bridget-jones-2_63/index.html (attempt 1/3)
2026-10-06 21:37:58,139 | INFO | scraping_pipeline | Fetching https://books.toscrape.com/catalogue/the-complete-maus-maus-1-2_62/index.html (attempt 1/3)
2026-10-06 21:37:58,747 | INFO | scraping_pipeline | Fetching https://books.toscrape.com/catalogue/the-communist-manifesto_61/index.html (attempt 1/3)
2026-10-06 21:37:59,797 | INFO | scraping_pipeline | Scraping listing page: https://books.toscrape.com/catalogue/page-48.html
2026-10-06 21:37:59,797 | INFO | scraping_pipeline | Fetching https://books.toscrape.com/catalogue/page-48.html (attempt 1/3)
2026-10-06 21:38:00,808 | INFO | scraping_pipeline | Fetching https://books.toscrape.com/catalogue/the-bhagavad-gita_60/index.html (attempt 1/3)
2026-10-06 21:38:01,404 | INFO | scraping_pipeline | Fetching https://books.toscrape.com/catalogue/the-bette-davis-club_59/index.html (attempt 1/3)
2026-10-06 21:38:02,036 | INFO | scraping_pipeline | Fetching https://books.toscrape.com/catalogue/the-art-of-not-breathing_58/index.html (attempt 1/3)
2026-10-06 21:38:02,634 | INFO | scraping_pipeline | Fetching https://books.toscrape.com/catalogue/taking-shots-assassins-1_57/index.html (attempt 1/3)
2026-10-06 21:38:03,655 | INFO | scraping_pipeline | Fetching https://books.toscrape.com/catalogue/starlark_56/index.html (attempt 1/3)
2026-10-06 21:38:04,578 | INFO | scraping_pipeline | Fetching https://books.toscrape.com/catalogue/skip-beat-vol-01-skip-beat-1_55/index.html (attempt 1/3)
2026-10-06 21:38:05,131 | INFO | scraping_pipeline | Fetching https://books.toscrape.com/catalogue/sister-sable-the-mad-queen-1_54/index.html (attempt 1/3)
2026-10-06 21:38:06,005 | INFO | scraping_pipeline | Fetching https://books.toscrape.com/catalogue/shatter-me-shatter-me-1_53/index.html (attempt 1/3)
2026-10-06 21:38:06,591 | INFO | scraping_pipeline | Fetching https://books.toscrape.com/catalogue/shameless_52/index.html (attempt 1/3)
2026-10-06 21:38:07,142 | INFO | scraping_pipeline | Fetching https://books.toscrape.com/catalogue/shadow-rites-jane-yellowrock-10_51/index.html (attempt 1/3)
2026-10-06 21:38:07,696 | INFO | scraping_pipeline | Fetching https://books.toscrape.com/catalogue/settling-the-score-the-summer-games-1_50/index.html (attempt 1/3)
2026-10-06 21:38:08,239 | INFO | scraping_pipeline | Fetching https://books.toscrape.com/catalogue/sense-and-sensibility_49/index.html (attempt 1/3)
2026-10-06 21:38:08,791 | INFO | scraping_pipeline | Fetching https://books.toscrape.com/catalogue/saga-volume-1-saga-collected-editions-1_48/index.html (attempt 1/3)
2026-10-06 21:38:09,342 | INFO | scraping_pipeline | Fetching https://books.toscrape.com/catalogue/rhythm-chord-malykhin_47/index.html (attempt 1/3)
2026-10-06 21:38:09,909 | INFO | scraping_pipeline | Fetching https://books.toscrape.com/catalogue/rat-queens-vol-1-sass-sorcery-rat-queens-collected-editions-1-5_46/index.html (attempt 1/3)
2026-10-06 21:38:10,935 | INFO | scraping_pipeline | Fetching https://books.toscrape.com/catalogue/paradise-lost-paradise-1_45/index.html (attempt 1/3)
2026-10-06 21:38:11,956 | INFO | scraping_pipeline | Fetching https://books.toscrape.com/catalogue/paper-girls-vol-1-paper-girls-1-5_44/index.html (attempt 1/3)
2026-10-06 21:38:12,572 | INFO | scraping_pipeline | Fetching https://books.toscrape.com/catalogue/ouran-high-school-host-club-vol-1-ouran-high-school-host-club-1_43/index.html (attempt 1/3)
2026-10-06 21:38:13,187 | INFO | scraping_pipeline | Fetching https://books.toscrape.com/catalogue/origins-alphas-05_42/index.html (attempt 1/3)
2026-10-06 21:38:14,209 | INFO | scraping_pipeline | Fetching https://books.toscrape.com/catalogue/one-second-seven-7_41/index.html (attempt 1/3)
2026-10-06 21:38:15,264 | INFO | scraping_pipeline | Scraping listing page: https://books.toscrape.com/catalogue/page-49.html
2026-10-06 21:38:15,264 | INFO | scraping_pipeline | Fetching https://books.toscrape.com/catalogue/page-49.html (attempt 1/3)
2026-10-06 21:38:16,171 | INFO | scraping_pipeline | Fetching https://books.toscrape.com/catalogue/on-the-road-duluoz-legend_40/index.html (attempt 1/3)
2026-10-06 21:38:16,768 | INFO | scraping_pipeline | Fetching https://books.toscrape.com/catalogue/old-records-never-die-one-mans-quest-for-his-vinyl-and-his-past_39/index.html (attempt 1/3)
2026-10-06 21:38:17,793 | INFO | scraping_pipeline | Fetching https://books.toscrape.com/catalogue/off-sides-off-1_38/index.html (attempt 1/3)
2026-10-06 21:38:18,408 | INFO | scraping_pipeline | Fetching https://books.toscrape.com/catalogue/of-mice-and-men_37/index.html (attempt 1/3)
2026-10-06 21:38:19,027 | INFO | scraping_pipeline | Fetching https://books.toscrape.com/catalogue/myriad-prentor-1_36/index.html (attempt 1/3)
2026-10-06 21:38:19,664 | INFO | scraping_pipeline | Fetching https://books.toscrape.com/catalogue/my-perfect-mistake-over-the-top-1_35/index.html (attempt 1/3)
2026-10-06 21:38:20,353 | INFO | scraping_pipeline | Fetching https://books.toscrape.com/catalogue/ms-marvel-vol-1-no-normal-ms-marvel-2014-2015-1_34/index.html (attempt 1/3)
2026-10-06 21:38:20,903 | INFO | scraping_pipeline | Fetching https://books.toscrape.com/catalogue/meditations_33/index.html (attempt 1/3)
2026-10-06 21:38:21,888 | INFO | scraping_pipeline | Fetching https://books.toscrape.com/catalogue/matilda_32/index.html (attempt 1/3)
2026-10-06 21:38:22,914 | INFO | scraping_pipeline | Fetching https://books.toscrape.com/catalogue/lost-among-the-living_31/index.html (attempt 1/3)
2026-10-06 21:38:23,531 | INFO | scraping_pipeline | Fetching https://books.toscrape.com/catalogue/lord-of-the-flies_30/index.html (attempt 1/3)
2026-10-06 21:38:24,448 | INFO | scraping_pipeline | Fetching https://books.toscrape.com/catalogue/listen-to-me-fusion-1_29/index.html (attempt 1/3)
2026-10-06 21:38:25,473 | INFO | scraping_pipeline | Fetching https://books.toscrape.com/catalogue/kitchens-of-the-great-midwest_28/index.html (attempt 1/3)
2026-10-06 21:38:26,332 | INFO | scraping_pipeline | Fetching https://books.toscrape.com/catalogue/jane-eyre_27/index.html (attempt 1/3)
2026-10-06 21:38:26,909 | INFO | scraping_pipeline | Fetching https://books.toscrape.com/catalogue/imperfect-harmony_26/index.html (attempt 1/3)
2026-10-06 21:38:27,525 | INFO | scraping_pipeline | Fetching https://books.toscrape.com/catalogue/icing-aces-hockey-2_25/index.html (attempt 1/3)
2026-10-06 21:38:28,460 | INFO | scraping_pipeline | Fetching https://books.toscrape.com/catalogue/hawkeye-vol-1-my-life-as-a-weapon-hawkeye-1_24/index.html (attempt 1/3)
2026-10-06 21:38:29,007 | INFO | scraping_pipeline | Fetching https://books.toscrape.com/catalogue/having-the-barbarians-baby-ice-planet-barbarians-75_23/index.html (attempt 1/3)
2026-10-06 21:38:29,572 | INFO | scraping_pipeline | Fetching https://books.toscrape.com/catalogue/giant-days-vol-1-giant-days-1-4_22/index.html (attempt 1/3)
2026-10-06 21:38:30,186 | INFO | scraping_pipeline | Fetching https://books.toscrape.com/catalogue/fruits-basket-vol-1-fruits-basket-1_21/index.html (attempt 1/3)
2026-10-06 21:38:30,740 | INFO | scraping_pipeline | Scraping listing page: https://books.toscrape.com/catalogue/page-50.html
2026-10-06 21:38:30,740 | INFO | scraping_pipeline | Fetching https://books.toscrape.com/catalogue/page-50.html (attempt 1/3)
2026-10-06 21:38:31,757 | INFO | scraping_pipeline | Fetching https://books.toscrape.com/catalogue/frankenstein_20/index.html (attempt 1/3)
2026-10-06 21:38:32,339 | INFO | scraping_pipeline | Fetching https://books.toscrape.com/catalogue/forever-rockers-the-rocker-12_19/index.html (attempt 1/3)
2026-10-06 21:38:32,954 | INFO | scraping_pipeline | Fetching https://books.toscrape.com/catalogue/fighting-fate-fighting-6_18/index.html (attempt 1/3)
2026-10-06 21:38:33,874 | INFO | scraping_pipeline | Fetching https://books.toscrape.com/catalogue/emma_17/index.html (attempt 1/3)
2026-10-06 21:38:34,486 | INFO | scraping_pipeline | Fetching https://books.toscrape.com/catalogue/eat-pray-love_16/index.html (attempt 1/3)
2026-10-06 21:38:35,093 | INFO | scraping_pipeline | Fetching https://books.toscrape.com/catalogue/deep-under-walker-security-1_15/index.html (attempt 1/3)
2026-10-06 21:38:36,022 | INFO | scraping_pipeline | Fetching https://books.toscrape.com/catalogue/choosing-our-religion-the-spiritual-lives-of-americas-nones_14/index.html (attempt 1/3)
2026-10-06 21:38:36,556 | INFO | scraping_pipeline | Fetching https://books.toscrape.com/catalogue/charlie-and-the-chocolate-factory-charlie-bucket-1_13/index.html (attempt 1/3)
2026-10-06 21:38:37,111 | INFO | scraping_pipeline | Fetching https://books.toscrape.com/catalogue/charitys-cross-charles-towne-belles-4_12/index.html (attempt 1/3)
2026-10-06 21:38:38,059 | INFO | scraping_pipeline | Fetching https://books.toscrape.com/catalogue/bright-lines_11/index.html (attempt 1/3)
2026-10-06 21:38:38,994 | INFO | scraping_pipeline | Fetching https://books.toscrape.com/catalogue/bridget-joness-diary-bridget-jones-1_10/index.html (attempt 1/3)
2026-10-06 21:38:40,008 | INFO | scraping_pipeline | Fetching https://books.toscrape.com/catalogue/bounty-colorado-mountain-7_9/index.html (attempt 1/3)
2026-10-06 21:38:41,034 | INFO | scraping_pipeline | Fetching https://books.toscrape.com/catalogue/blood-defense-samantha-brinkman-1_8/index.html (attempt 1/3)
2026-10-06 21:38:41,642 | INFO | scraping_pipeline | Fetching https://books.toscrape.com/catalogue/bleach-vol-1-strawberry-and-the-soul-reapers-bleach-1_7/index.html (attempt 1/3)
2026-10-06 21:38:42,222 | INFO | scraping_pipeline | Fetching https://books.toscrape.com/catalogue/beyond-good-and-evil_6/index.html (attempt 1/3)
2026-10-06 21:38:42,784 | INFO | scraping_pipeline | Fetching https://books.toscrape.com/catalogue/alice-in-wonderland-alices-adventures-in-wonderland-1_5/index.html (attempt 1/3)
2026-10-06 21:38:43,394 | INFO | scraping_pipeline | Fetching https://books.toscrape.com/catalogue/ajin-demi-human-volume-1-ajin-demi-human-1_4/index.html (attempt 1/3)
2026-10-06 21:38:44,009 | INFO | scraping_pipeline | Fetching https://books.toscrape.com/catalogue/a-spys-devotion-the-regency-spies-of-london-1_3/index.html (attempt 1/3)
2026-10-06 21:38:44,627 | INFO | scraping_pipeline | Fetching https://books.toscrape.com/catalogue/1st-to-die-womens-murder-club-1_2/index.html (attempt 1/3)
2026-10-06 21:38:45,652 | INFO | scraping_pipeline | Fetching https://books.toscrape.com/catalogue/1000-places-to-see-before-you-die_1/index.html (attempt 1/3)
